sha1	offset	length	width	height	file
a0ec672db491f58b297f2065a63268a676967e5d	12905748	26200	1440	256	png_00C4ED14_1440x256.png
3c7e2ddf4ccac732ec510617dd61b4ad3daeb48e	13301906	31365	1440	256	png_00CAF892_1440x256.png
93b935f5a869d7c73fe0976b9026a5e5295ab39a	13702931	13725	360	140	png_00D11713_360x140.png
28f3e975cda5ac6737d65cc7318086b2232ebded	13716660	16749	1320	238	png_00D14CB4_1320x238.png
4aac6725b0f221ca752888c52ebbad197b08aacf	13733413	6614	660	119	png_00D18E25_660x119.png
f9179be286f07126030126740852cab2eee5b820	13740031	5540	180	70	png_00D1A7FF_180x70.png
1e87dd24fe731e9419e769280fdebf3a72118f90	13745575	3742	300	300	png_00D1BDA7_300x300.png
94c6020e48877995c34eeb618fd47d72057d2416	13749332	1095	16	16	png_00D1CC54_16x16.png
959edf27be60e02dfa90884d91c324e47b294027	13750431	1171	32	32	png_00D1D09F_32x32.png
29ece7a806188187fc18d15a9f320d2885c245f5	13751606	1023	32	32	png_00D1D536_32x32.png
07745808698a5e626d84432ffefc132dc886b7c1	13752633	1090	32	32	png_00D1D939_32x32.png
96061e7cabc80e2ca7abcd6d1917b383e05402ab	13753727	1292	64	64	png_00D1DD7F_64x64.png
a2945b4ce2f68b12b03377c8da0ddc602b01a97b	13755023	1117	32	32	png_00D1E28F_32x32.png
c96dfb2e5f96a43f505ab735918f24c9c49357f5	13756144	1122	16	16	png_00D1E6F0_16x16.png
de486d4affa8160c2986a1d2f417ddab49de44c4	13757270	1004	16	16	png_00D1EB56_16x16.png
c82f884d3776039655dd1c7d60d7dfc5b650a73c	13758278	1165	16	16	png_00D1EF46_16x16.png
c1dfa07d2202b5910946f29d93a3c4c7b5e5ae49	13759447	1301	32	32	png_00D1F3D7_32x32.png
e0f6c18892646ac9f51b2dcb881f7b44515f3ed9	13760752	1156	16	16	png_00D1F8F0_16x16.png
4300ce0ffec72ddebf4d1ff1fb282f103ddf3a92	13761912	1583	64	64	png_00D1FD78_64x64.png
2be5b473a7b0ca25c9acbcbce10921d111e4d3db	13763499	1303	32	32	png_00D203AB_32x32.png
c0a06af3e96fc9ab0aef9e731ae53746741014ab	13764806	1282	32	32	png_00D208C6_32x32.png
ca22c5b1281eff7db0764f84e61a80a685bca81d	13766092	1234	16	16	png_00D20DCC_16x16.png
8fbe03c63fbf3cebc2c18e0873e73d05ca6aea7f	13767330	1359	32	32	png_00D212A2_32x32.png
df830a3248153c424a06c2474884f730d118c5fe	13768693	1161	16	16	png_00D217F5_16x16.png
9a7ee8527aba73969f3d1a3f6c71c042153ffc86	13769858	1024	16	16	png_00D21C82_16x16.png
fcbc09d1573aeb219ecce3802ac7d688a91dcca9	13770886	1142	80	30	png_00D22086_80x30.png
a775383f205f3b286e5acd21f10df65a559b476c	13772032	1021	16	16	png_00D22500_16x16.png
ea99ee070cdc6c004c37b2a7b24f8df8d9f97251	13773057	1109	32	32	png_00D22901_32x32.png
daab73229c3b66b83f42725c9935202593de813b	13774170	1200	16	16	png_00D22D5A_16x16.png
d87564c4da04b3875de29c0f41e1b4dbfde33c9e	13775374	986	32	32	png_00D2320E_32x32.png
dc23b05d88c05330c3fb82656b0243b7eaa55bfe	13776364	1597	64	64	png_00D235EC_64x64.png
66315ef37912835e762abf84bbbca5feebe08538	13777965	1228	16	16	png_00D23C2D_16x16.png
8073479710adfd074a4dca04add8b59cad85d6d2	13779197	1657	64	64	png_00D240FD_64x64.png
41b87b0a64673f0a61905b11e8a653b968d483d4	13780858	1345	32	32	png_00D2477A_32x32.png
61238b68387ef0c214e8ec6eafda6ddae9d877b1	13782207	1225	16	16	png_00D24CBF_16x16.png
b84392f003c91b9dd92e06a8727cd957764685aa	13783436	1216	32	32	png_00D2518C_32x32.png
d23b6d24248517190a5325e470181cc9a1aa8ae4	13784656	1305	16	16	png_00D25650_16x16.png
53f36da1f48f4750556472cdc3e67dec9b573c3f	13785965	1347	16	16	png_00D25B6D_16x16.png
1f1f2637803085c544768e0d8c9d689a5cb73772	13787316	966	16	16	png_00D260B4_16x16.png
0fc48b9b3a69dc7cb879af376c07fc0d6d1187f6	13788286	1342	32	32	png_00D2647E_32x32.png
5593947f545be737947444cd9df2cd8153140aeb	13789632	1010	16	16	png_00D269C0_16x16.png
f0fd3dc2608bec70f714bc30ac093e8a6ddd9154	13790646	1004	16	16	png_00D26DB6_16x16.png
4689add2581abfb6aa74bf51fc63accad2276762	13791654	1376	32	32	png_00D271A6_32x32.png
49be0dcb0a81c4fef78d4d9f36b50630693ac58c	13793034	1056	16	16	png_00D2770A_16x16.png
e1d3dbd7d11f9fe13a82e2cee06137dca627a464	13794094	1261	16	16	png_00D27B2E_16x16.png
ae3aadf516492ff5bdeee0f169f189fc7a9057fd	13795359	1222	32	32	png_00D2801F_32x32.png
66d438cfb5887c707a8601ff55bb3f922300f1e4	13796585	1376	32	32	png_00D284E9_32x32.png
57d0f0c8406110728d51486b7e048a49cd1ff1b7	13797965	1206	32	32	png_00D28A4D_32x32.png
f537050d76c19f192ac469b457600d415783e708	13799175	1389	32	32	png_00D28F07_32x32.png
838e006f968163f9a3eb43f9154966881452a873	13800568	1606	64	64	png_00D29478_64x64.png
33677a20b860dd18227724b0952cc620aeb3bb02	13802178	1367	32	32	png_00D29AC2_32x32.png
7fc2ff0bb52ac8ec71a341aa7ca68f413784ce6c	13803549	1162	16	16	png_00D2A01D_16x16.png
ea425189134bc7c4f8d28a772277a83436d4cba9	13804715	1043	32	32	png_00D2A4AB_32x32.png
6181444a41d8491c108f4e9551afd39e79091bfc	13805762	1320	32	32	png_00D2A8C2_32x32.png
c92441911f9704554248718b910e2ded3d361611	13807086	1004	16	16	png_00D2ADEE_16x16.png
21a1f32e02360d5485676ece371c3432b74ab83b	13808094	1202	32	32	png_00D2B1DE_32x32.png
59577b99486d16e2d504063cdd20ad88aabf4e85	13809300	1092	32	32	png_00D2B694_32x32.png
956bc16cf2fdf4d3fac5ddd50543672344c4f33f	13810396	1357	32	32	png_00D2BADC_32x32.png
5aceb60f6839a8fdfcc399142b2f44dfb9cc1a55	13811757	1168	16	16	png_00D2C02D_16x16.png
2d192c1dd90265ef260f9a0491e7d68a7e5bf936	13812929	1030	16	16	png_00D2C4C1_16x16.png
e292f3b70b12470ac26c461bef57c12af22e2e92	13813963	1560	64	64	png_00D2C8CB_64x64.png
bbb2fcadfef401fa807dea07553ffe763d78b635	13815527	1142	16	16	png_00D2CEE7_16x16.png
fbb4ea037b6c651d53f0800a79174529b58a34b4	13816673	998	32	32	png_00D2D361_32x32.png
cf5d1d6e6217fba4898a78cb6a25b9d84c8c96fa	13817675	1050	32	32	png_00D2D74B_32x32.png
c6c190689d5c00bfe6d0d17a483743448d30b160	13818729	1829	64	64	png_00D2DB69_64x64.png
d1e92b05c9380bc9c88efa135eb5340acf09c786	13820562	1507	32	32	png_00D2E292_32x32.png
7e0257dcc40a533ae3b22dc1e19359baba077f30	13822073	1232	16	16	png_00D2E879_16x16.png
dd976c31c5973975208888db5e15e57f2185d8de	13823309	1241	32	32	png_00D2ED4D_32x32.png
0351c4a7f80b780b1f9fe14f1f5eef26a3cd5246	13824554	1449	16	16	png_00D2F22A_16x16.png
2cb42f43ebe9f5a502ee16c788d6d80c4a12491c	13826007	1038	16	16	png_00D2F7D7_16x16.png
945ed65a6eef2909a4b7c46ceaac05c104e9f64c	13827049	1525	32	32	png_00D2FBE9_32x32.png
9e75e3ebfe7e459177bbc1bcc570f2eaf0ae0e6c	13828578	1714	32	32	png_00D301E2_32x32.png
ceb85daa9003960e45cc2ee0e27b8ce0ba77a7c5	13830296	1646	32	32	png_00D30898_32x32.png
0c39e518d3f38942cf58456156c587abb238cdb1	13831946	1127	32	64	png_00D30F0A_32x64.png
44b315db4dd024c8ff7d6509c44bef20a8649500	13833077	1097	32	32	png_00D31375_32x32.png
927d6cb716dd39a307452179af39e42655f35e4f	13834178	1171	32	32	png_00D317C2_32x32.png
6fda862d62840ec13c89efd3d3a05314dac2c98f	13835353	1325	32	32	png_00D31C59_32x32.png
d0b850e23d5d8a70b2daae5bf21e531e25277656	13836682	1078	16	16	png_00D3218A_16x16.png
5513849a60e1a9b4a834c53c35871007aee36560	13837764	1179	32	32	png_00D325C4_32x32.png
e1b04b394dcaa3e72d60e3d74e14c869fc3b832e	13838947	1438	106	60	png_00D32A63_106x60.png
0fbbae6b985bf981849280d2107e1c0a77e179c9	13840389	1132	80	30	png_00D33005_80x30.png
32f5642fbefa35f3c1c49b9d0a7b7a448ca51a26	13841525	1295	32	32	png_00D33475_32x32.png
8389860dfecf03b45594765db5c96ee0ba490ca6	13842824	1334	32	32	png_00D33988_32x32.png
1a9f9269be8e998816fd19a680cd32fbf928674b	13844162	2184	32	32	png_00D33EC2_32x32.png
867ac6091706f28d5626ee0a99f68dd981abcd34	13846350	1023	16	16	png_00D3474E_16x16.png
daa956a79154d4d28c2c98fee0014335443e4a18	13847377	1041	16	16	png_00D34B51_16x16.png
da0b692c64bd2704cc2c5b1a93b209c9365bb508	13848422	1023	16	16	png_00D34F66_16x16.png
5b493e49262a46b46020c99d4f91912be22c86b7	13849449	1225	32	32	png_00D35369_32x32.png
1682b8451f6808ea223b3d21fee02984bf16e7f4	13850678	1038	32	32	png_00D35836_32x32.png
d57cf7fadc055dde3887c25566d7e5ab08f5bb76	13851720	1073	16	16	png_00D35C48_16x16.png
85ef51ef90534192e192956bcdad0aca225c42d2	13852797	1442	32	32	png_00D3607D_32x32.png
461de48fd466816e7cd456509485d5eae4ebc9dc	13854243	1109	16	16	png_00D36623_16x16.png
7fd7b509592c4de853df6db91154faac14a32763	13855356	998	32	32	png_00D36A7C_32x32.png
a77d4e10fb4079e5f23a303772c59891000f6a33	13856358	1217	32	32	png_00D36E66_32x32.png
80b8d1da3750ff1e3f3b5f29b819420f51592a7a	13857579	990	16	16	png_00D3732B_16x16.png
80ac7c84d429efc62bea4816af9528d9ffa7916b	13858573	1256	64	128	png_00D3770D_64x128.png
daf256bd948b4b17b3d7b9c2013fb1acfda17d28	13859833	1198	16	16	png_00D37BF9_16x16.png
5717da82aeda5a887b0aeae12ca43635cafcdb34	13861035	995	32	32	png_00D380AB_32x32.png
0fc11189d23c0c3384d291d6b3b2803ecac998f3	13862034	1160	32	32	png_00D38492_32x32.png
99943a7d529215f3629897ec43744e4c40778ef0	13863198	1212	32	32	png_00D3891E_32x32.png
17ed00bb3f1bbff6299204a223cc89d0c821f0ca	13864414	1232	16	16	png_00D38DDE_16x16.png
af24c317bec29b0f883db357c878f986a1f4bc7b	13865650	1076	40	15	png_00D392B2_40x15.png
7660964657b191c36ca7583cd5db6c2cb45b7466	13866730	1174	16	16	png_00D396EA_16x16.png
ec3db36cf593dd5eef62a2f2d32fa6600a3fe3b6	13867908	1100	16	16	png_00D39B84_16x16.png
bd63dde52226f31032bb0dedacab9d5c9501a515	13869012	1329	16	16	png_00D39FD4_16x16.png
e6e09c9dbda23b4a4e18b219836d6520f1c2b8e5	13870345	1108	106	60	png_00D3A509_106x60.png
1cf72a94b7b453a400c5618169531fb8b3eddb6a	13871457	1058	16	16	png_00D3A961_16x16.png
70e69ff5840d129d3946103154612f63eff96c4a	13872519	1340	16	16	png_00D3AD87_16x16.png
e0024739244c71f9f04c0464663046d49c538ab9	13873863	1465	32	32	png_00D3B2C7_32x32.png
7720c19c86338a87882c18b07c98e943945711b0	13875332	1198	16	16	png_00D3B884_16x16.png
f7b3c5477c715283109c49d0aff73c3d5acfddc8	13876534	1169	16	16	png_00D3BD36_16x16.png
2173dd48ca6e94146faa32fadd99855f63fcf001	13877707	1172	16	16	png_00D3C1CB_16x16.png
c33728bb9e0910703b9a4b098e38748e9187d5c6	13878883	1365	64	64	png_00D3C663_64x64.png
01874660b0dc5a6787ec11bf118b43153cd431fd	13880252	1202	64	128	png_00D3CBBC_64x128.png
98d0abac9c1b1d85f6e4f8e67a9063a334ea3fcd	13881458	1037	32	32	png_00D3D072_32x32.png
205f35ca821e2df2a8ca8d201414bd37b41411e8	13882499	1301	32	32	png_00D3D483_32x32.png
87dd793f2f5d8b8c2ffd1e276cfc40d686336331	13883804	1013	16	16	png_00D3D99C_16x16.png
7f682774d5a81651d04499ca2730bd0aebcac6a0	13884821	1117	32	32	png_00D3DD95_32x32.png
767853d6ed205491f24f713006d2c367d4a7bae5	13885942	1004	32	32	png_00D3E1F6_32x32.png
1cba2482841b918b4b27c6d5e1cd7ee0bec8c237	13886950	979	16	16	png_00D3E5E6_16x16.png
4f502906bed145b39c83cfad6e73ae29d7f94b94	13887933	1076	32	32	png_00D3E9BD_32x32.png
650c2940818e63c41299f1bdbbdb248744ba773c	13889013	1355	64	64	png_00D3EDF5_64x64.png
21957de63708256db3322353ba1625264e4e3c97	13890372	1324	32	32	png_00D3F344_32x32.png
6a4043d16542fc365c414900287f4af2240e68a9	13891700	1222	32	32	png_00D3F874_32x32.png
1af8c11af69cfc5bd79d77f80098302be855472b	13892926	1027	32	32	png_00D3FD3E_32x32.png
df9e1907cc88f08399e06980217b24239e7e934f	13893957	1013	16	16	png_00D40145_16x16.png
9e21d8cb8afa4ce0c6f39fab0214c0858f43de6d	13894974	955	32	32	png_00D4053E_32x32.png
ff0dbda045343fa8dd8905d6bfc22f50d85c18ae	13895933	1310	32	32	png_00D408FD_32x32.png
fb268493ade6261b7ce6952852dab0bd0e5e28a5	13897247	1449	32	32	png_00D40E1F_32x32.png
763fdb2523dc196be9ff0af8a67962c399928ce6	13898700	997	32	32	png_00D413CC_32x32.png
962da79d92ec91332e75896c861ae9db629f65bb	13899701	1111	32	32	png_00D417B5_32x32.png
a68afd069ad32672ee288c9b757c2bd3e72109b7	13900816	1209	16	16	png_00D41C10_16x16.png
1d2b354f2e0e5761e6e81eccaffc8ffabee3f0cf	13902029	982	32	32	png_00D420CD_32x32.png
efa54a8bd12ea49a071283f276361e0247c8f913	13903015	1077	32	32	png_00D424A7_32x32.png
996f85eba0961d4734d0c59aca5fbb19221b800c	13904096	1027	16	16	png_00D428E0_16x16.png
fb6f3b819e884eca9cf48f8fc5e5eb8b0f69420a	13905127	1095	16	16	png_00D42CE7_16x16.png
6641bad1bd68d481145d9baa124c39d906c4c64a	13906226	756	16	16	png_00D43132_16x16.png
dcfe5e5f43ab19d9cc86c8cd6eaef97759f9c2b4	13906986	1002	16	16	png_00D4342A_16x16.png
7bc0a6137457a4031ac007476f78904c065f763e	13907992	963	16	16	png_00D43818_16x16.png
11c262f589731d61a0821aca71bae079a6663154	13908959	1300	32	32	png_00D43BDF_32x32.png
98ff4170af2d85d33f9905e02f5747650b5900b9	13910263	1099	16	16	png_00D440F7_16x16.png
d97f839d1e1873c2f550b959a918645a4c1548d5	13911366	1047	32	32	png_00D44546_32x32.png
c82bc9976e50a6afc9752c09e1a8012c45c42cc2	13912417	1023	32	32	png_00D44961_32x32.png
800b1f3e3c3be8d8d0ca8851710c18c932a3d2a7	13913444	1454	32	32	png_00D44D64_32x32.png
9c61f2d3516971e6e568b6fba3990ab1720ffdba	13914902	1118	16	16	png_00D45316_16x16.png
561674632edc10d881ab4fa731f835c5d257292a	13916024	1005	32	32	png_00D45778_32x32.png
355202a325ca6701858e42392dc0f34beeb42e66	13917033	1191	32	32	png_00D45B69_32x32.png
3573522d2f51c3a53aba1574b6c91a340c680d9a	13918228	1101	32	32	png_00D46014_32x32.png
457323107ad43459f09a80bb4942a8715cb5bf3a	13919333	968	16	16	png_00D46465_16x16.png
03202f70c7a2cbd3dddffdc056d31c40018c394b	13920305	1018	32	32	png_00D46831_32x32.png
0b2d341322997543d6f0e84cd357311aadc84cfb	13921327	1863	64	64	png_00D46C2F_64x64.png
e1a14b63c967fb6b3f759bf59118b4666b426210	13923194	1500	32	32	png_00D4737A_32x32.png
e6bcf9ccdccd8906433dbf23cf3f570156edce31	13924698	1422	32	32	png_00D4795A_32x32.png
6fe9bbfc308f1ed5be8c36979927dc1b9f713886	13926124	953	16	16	png_00D47EEC_16x16.png
d31c258d1cd74273947958d8b6b2c1ccd5a3e67d	13927081	1339	32	32	png_00D482A9_32x32.png
cb27693ca3de73d9ee2845d776081bdd8dc00de1	13928424	1463	32	32	png_00D487E8_32x32.png
63621d59a68a2006031cbc8c2f4aa2ab59fbfdcc	13929891	1062	32	32	png_00D48DA3_32x32.png
abf729d83bc52629ce02f79418fdced538f45217	13930957	1587	64	64	png_00D491CD_64x64.png
0a6a092c1b81a2687b8f1865a19d4c2d5097c346	13932548	1200	16	16	png_00D49804_16x16.png
c9a14482bd4cb24afbb27a5b867c2e5eb6756627	13933752	1150	16	16	png_00D49CB8_16x16.png
2088f4b3af53382f9cabf5af023ec0a28290cef2	13934906	1308	32	32	png_00D4A13A_32x32.png
e4910f9a06e4d3b47f82b42aafe77f4bdc06020e	13936218	1016	32	32	png_00D4A65A_32x32.png
79998113fcadba965e4ba950d61fbbb17dee2334	13937238	989	32	32	png_00D4AA56_32x32.png
ee5182d3be9cc4128ae97f5a9070b025d93b7e54	13938231	999	32	32	png_00D4AE37_32x32.png
6b87377987b2c694cd2affa74809fc17787fff21	13939234	1316	16	16	png_00D4B222_16x16.png
0f0feed0dee1f2022cd5ad6268a4ed0d8130aa84	13940554	1271	64	64	png_00D4B74A_64x64.png
d271e69b0bd3a324f7173c7db16a3bedded573ee	13941829	1769	64	64	png_00D4BC45_64x64.png
c233cafbe508d708f42fce5ab7bf4e0843f786a2	13943602	1207	32	32	png_00D4C332_32x32.png
81f5e152b4936c41bae711b7a4d23892ed64a683	13944813	1104	32	32	png_00D4C7ED_32x32.png
cf0cf80a5f1588090d8c14186e54848dbdb1e0ee	13945921	984	16	16	png_00D4CC41_16x16.png
7bb7bf46d1c3006773c863d942b25bdf3ae66473	13946909	1146	32	32	png_00D4D01D_32x32.png
5901e2f85a972413f111d45731dc5a5b37d73826	13948059	1015	16	16	png_00D4D49B_16x16.png
bd744956a3a696f5ff7c988e1f2818f7b63f9566	13949078	978	16	16	png_00D4D896_16x16.png
4b10a9088d5f27cf59b8413c5ef4cb599ec0733a	13950060	1070	64	64	png_00D4DC6C_64x64.png
f951630b5d7272f78bc308120e86fd5b6df1a837	13951134	1124	16	16	png_00D4E09E_16x16.png
be93c3764f4f2c7274520dcb6c86b6c2b3216c5f	13952262	1209	16	16	png_00D4E506_16x16.png
c4185cdf43597fd14818deb2cceba5063228dfba	13953475	1311	32	32	png_00D4E9C3_32x32.png
bc5c8aa768a4ebe35da295c5def6922f85439b3d	13954790	1111	16	16	png_00D4EEE6_16x16.png
194bb62e5a8a04cd0f8afa1d444011b651855588	13955905	953	16	16	png_00D4F341_16x16.png
d621a7dd0ea7389a8c5fb654f66d75e2bc3c75ae	13956862	1317	32	32	png_00D4F6FE_32x32.png
eca12b9d5539e7ceb5586e278a06e8631e4190e2	13958183	991	32	32	png_00D4FC27_32x32.png
d67817accb2f9b543cffbe3bdebb8e0984982871	13959178	1121	16	16	png_00D5000A_16x16.png
f12f445a1215bb04bf4493f1bf604b3a3f381937	13960303	1561	64	64	png_00D5046F_64x64.png
2b7279b6e00555286198a4377b006197bbf03c01	13961868	1225	32	32	png_00D50A8C_32x32.png
332a7db9644f46c2d6b866cf3d1280dc6da6625c	13963097	1003	32	32	png_00D50F59_32x32.png
1afe92e1b41d4c73006d31f8616c595b03b9e865	13964104	1777	32	32	png_00D51348_32x32.png
2c518bf83c98cdfb4a2d2122d75f40df7f3fd253	13965885	1168	32	32	png_00D51A3D_32x32.png
ef1bc4c82e1210b8ed6f0743bc4a4be3d698dd69	13967057	972	16	16	png_00D51ED1_16x16.png
70330fb61ed5bfe1dbe2522b8d1b1911e9752b66	13968033	1013	32	32	png_00D522A1_32x32.png
51b1e21cfbcb1ee71a03b48786eed72c3b2ac6be	13969050	1229	32	32	png_00D5269A_32x32.png
f57851a421955120500bce32b82e58e4796f4513	13970283	1186	32	32	png_00D52B6B_32x32.png
4755bc4e01d16a374c87e448f1f64ecb8c162fbf	13971473	1012	32	32	png_00D53011_32x32.png
4eb9c25b8ed52ad7c78ddb1e103806975a63dce2	13972489	1175	16	16	png_00D53409_16x16.png
7326b7f63e56ac0cef749a8777bbf2c1779fdcc6	13973668	1008	32	32	png_00D538A4_32x32.png
833c7080ed78c50f80f08e05db3d07d79579d03d	13974680	973	32	32	png_00D53C98_32x32.png
44cdb4bb8f4b66b4dfe0cde1a58d0d4beb4ac8ed	13975657	969	16	16	png_00D54069_16x16.png
b7da95b6427adbe2b64fd35aa11988c3e54be922	13976630	1114	32	32	png_00D54436_32x32.png
53fb07054ed8041a8ae3c3659f76522267c6ceca	13977748	1311	32	32	png_00D54894_32x32.png
0779d9dc856705c3a5f546004e384d584f64d820	13979063	1114	32	32	png_00D54DB7_32x32.png
61db08889932f83d36068eee754658c8e659f542	13980181	1087	16	16	png_00D55215_16x16.png
df71ae3ce901f1873a947a59a46fb43c70535b19	13981272	1648	32	32	png_00D55658_32x32.png
7ea28920a5c68e007534e539ade429f77c85e55e	13982924	952	20	20	png_00D55CCC_20x20.png
09dbd8d1ce18043966bc1097ea709a217381f313	13983880	1545	106	60	png_00D56088_106x60.png
d1ed3af1ddcf94965bd2c63f8f779bbfd9b37db7	13985429	1122	32	32	png_00D56695_32x32.png
294d51757c4e9a28143ae7930375c68459c552bd	13986555	989	32	32	png_00D56AFB_32x32.png
35a601773705d320d8d55a36418b946e8442bcae	13987548	1250	32	32	png_00D56EDC_32x32.png
53188083d6d52222cd7ccf8c58debdd9fec3eab6	13988802	1119	32	32	png_00D573C2_32x32.png
9a2cd9cbf37d25e878eda88d9b52a86d193c21c4	13989925	1123	32	32	png_00D57825_32x32.png
b8688b06d581d6815f8dc5dc9ecf58b4fc1eb333	13991052	979	32	32	png_00D57C8C_32x32.png
9b83a8cc3b7c6e6acedf031cd8c16f0b27b3fe7a	13992035	1650	32	32	png_00D58063_32x32.png
4eaddf1092a25fb86b207dd93a9a1db98095a16d	13993689	1178	32	32	png_00D586D9_32x32.png
3fba47bb785a5c052083370b6c4c7c720c88b9bd	13994871	1143	16	16	png_00D58B77_16x16.png
e129c6aed42d3b7be14a38dcd2fad280275afddf	13996018	990	16	16	png_00D58FF2_16x16.png
6582931fde16bb519b6275514f41e87d408fc6c3	13997012	1123	32	32	png_00D593D4_32x32.png
8054872721148aa96e794bfd40f66ee97b773ae0	13998139	1378	32	32	png_00D5983B_32x32.png
148516ca2c7cee892b62cfab0f1870888c85ef06	13999521	1061	16	16	png_00D59DA1_16x16.png
3e6fee9d28bbd54be93d1eb94982c0ceb33482ad	14000586	1460	32	32	png_00D5A1CA_32x32.png
5de6cac803c4f27cb470187d9cbf0bd4a3dc77e6	14002050	981	16	16	png_00D5A782_16x16.png
43cf673a9f8b3ded2fc40ea02dd1d497efddbc4f	14003035	958	16	16	png_00D5AB5B_16x16.png
5727a1af356af1ad1c26eb636a7712a1196d9361	14003997	1194	16	16	png_00D5AF1D_16x16.png
6ca3e568da5db4b6f908fb5f1598e6a2d5cedf18	14005195	1315	16	16	png_00D5B3CB_16x16.png
e421bfad4e9049ccdff950a727e595b5a2781000	14006514	1069	16	16	png_00D5B8F2_16x16.png
5ace3511015d91a25d6b12f5559881de6600b2d2	14007587	1189	16	16	png_00D5BD23_16x16.png
eb1b76ba7ece6985da1a7faeffb0adc0437469de	14008780	1256	64	64	png_00D5C1CC_64x64.png
5add762fc9de3fc80bdc3623be0a8f9576952b7c	14010040	1123	32	32	png_00D5C6B8_32x32.png
416c58f643af9c11fb2cd6ff4ccd7ced53013cd5	14011167	1008	32	32	png_00D5CB1F_32x32.png
6121d68a7c7827c1854cc3895073bccf392dc8d3	14012179	1152	32	32	png_00D5CF13_32x32.png
d326b3bcd9891da90dd42afbf386a51e8de2f5e3	14013335	1118	64	64	png_00D5D397_64x64.png
c651808286b7b087f47dcd6ac1a13505c5980d0f	14014457	1259	32	32	png_00D5D7F9_32x32.png
b57b26254313498ce7a740fcf574c2c540b34d39	14015720	1134	32	32	png_00D5DCE8_32x32.png
1835b5b69588546300235a25edf8c76503585995	14016858	1134	76	32	png_00D5E15A_76x32.png
e7e2ce08cfc0fe70b1fc9c6e2e959802b5cfb9dc	14017996	1057	32	32	png_00D5E5CC_32x32.png
3629c7208e3999e32645edfa7515bc00655797ee	14019057	1519	32	32	png_00D5E9F1_32x32.png
b38711fe760c681a470705ec79e9406ce356dbfe	14020580	1182	16	16	png_00D5EFE4_16x16.png
384882a3861e1a457fc5ef09603a783951618bb4	14021766	1066	16	16	png_00D5F486_16x16.png
5533cfabd5280bffd4f3f079fd84497de5248245	14022836	1359	32	32	png_00D5F8B4_32x32.png
ca349c4ea3f4c4636f0035b3274fa44359cf8737	14024199	1063	32	32	png_00D5FE07_32x32.png
3df3b688156676febf80456789570b7eb3d0fd12	14025266	1024	16	16	png_00D60232_16x16.png
c4e5b3c1b7d192b600e799ddf001aa959bfd1142	14026294	1154	16	16	png_00D60636_16x16.png
2c23700bf4975e3329939ecd81d75c9b55bae028	14027452	1340	32	32	png_00D60ABC_32x32.png
c09b9323fa073e16a36cb29cc892c254ea27a87a	14028796	1030	16	16	png_00D60FFC_16x16.png
9d1e2ecfe1f3d6bfb60dd9e14911a8c195e9073d	14029830	1062	32	32	png_00D61406_32x32.png
6389913cd406fd1dd36b6d38c22cd919adeea6ae	14030896	1189	32	32	png_00D61830_32x32.png
672c30e5071878609ab3b7aa9d4a2d2a948eea16	14032089	969	16	16	png_00D61CD9_16x16.png
4d3afdd3425bc027429c05a198bb00e925c3afa8	14033062	1284	32	32	png_00D620A6_32x32.png
80d856625ea4150b27a9efc06917c55b4780e7cc	14034350	1132	80	30	png_00D625AE_80x30.png
6bd6bc09f739315e2780cd7ea09cba98938e7977	14035486	982	16	16	png_00D62A1E_16x16.png
d87c224df812af820ac0be8bb2d359caa0519a64	14036472	1169	16	16	png_00D62DF8_16x16.png
27fda7b1dc7b9f98c2d66402b2e20ee6b47ee150	14037645	1017	16	16	png_00D6328D_16x16.png
bc95585690071ab06b3d8123ed3b20c8d17fa25e	14038666	1385	32	32	png_00D6368A_32x32.png
1e436536b8ad04520687e7310c8cf6ade825d7e1	14040055	1122	32	32	png_00D63BF7_32x32.png
4d7919f2dfb2f87e9da074cb36cf7a0a09148401	14041181	1294	16	16	png_00D6405D_16x16.png
8c860d6517b0eab063cb85965f5bf82b00c04d78	14042479	1309	32	32	png_00D6456F_32x32.png
e63579e9a7c18e442e5c7c1ee80c1d6c408fb351	14043792	1058	16	16	png_00D64A90_16x16.png
3a8c4a4ccab725930771ed3e3286eff22405de9d	14044854	1312	32	32	png_00D64EB6_32x32.png
7c44d71148a98e34d43c57d94698c573ebd2d734	14046170	1122	16	16	png_00D653DA_16x16.png
b0c6b0597839c9c70d182a0e7b0cdb79606c68bf	14047296	951	16	16	png_00D65840_16x16.png
da78758c244df4a93340118f50a32389563fc15c	14048251	2513	106	60	png_00D65BFB_106x60.png
b253e558ae26db6190139c8228ee95672f77b24a	14050768	1394	32	32	png_00D665D0_32x32.png
76a1059e85a033e63cf6e94e3a9f4174a56318ce	14052166	1341	32	32	png_00D66B46_32x32.png
030a99d5f0b6f9f2f26e7005e7437fedbea85098	14053511	1001	32	32	png_00D67087_32x32.png
3035001ae4908a043168b3ee8a9ff36ad138321f	14054516	1030	16	16	png_00D67474_16x16.png
617694f294813640e8c617d8b061b5f8b8bf8f71	14055550	1285	32	32	png_00D6787E_32x32.png
e3c7bde5711065352d7083dfd2abbb62cd45358e	14056839	1001	32	32	png_00D67D87_32x32.png
f5abe23db6fa1847a7b8db228ba3f084ebf6b7d4	14057844	1338	32	32	png_00D68174_32x32.png
01ca751572d8c2b9c68d50085deb1706ef2cb127	14059186	1179	32	32	png_00D686B2_32x32.png
08136fa37772d8bb3335a21875464abb138eaaf8	14060369	1219	122	122	png_00D68B51_122x122.png
ac24ee4e48af800d9583d7b9c8ad591162110507	14061592	973	16	16	png_00D69018_16x16.png
dfe2a994cb7099017052cc278125afafe36f08aa	14062569	961	16	16	png_00D693E9_16x16.png
65b8729ec0cd4a9afe380178bc830b8fcf0275e5	14063534	1000	32	32	png_00D697AE_32x32.png
06b713010b6bdc1cb30bbd17ae7ea473a867f2e4	14064538	976	32	32	png_00D69B9A_32x32.png
a33674012250db6b86b00a345ae255d280a64587	14065518	1046	40	15	png_00D69F6E_40x15.png
92e993682ab343c87a6042caaf888d07c1da792f	14066568	1213	16	16	png_00D6A388_16x16.png
df9f865679b28cdc3f45a20473fb372b912c42f9	14067785	964	16	16	png_00D6A849_16x16.png
c4a10b128b002ef1ecb420e5e9ad6a033a0d1b23	14068753	1255	32	32	png_00D6AC11_32x32.png
98b934d735a5e8360c7655afc2f7ad0700b1e417	14070012	1248	16	16	png_00D6B0FC_16x16.png
8c2e35a7a3db211af86468810984a8874136efee	14071264	1184	16	16	png_00D6B5E0_16x16.png
7e056d1844de1723e79f423070b832a66ac715c9	14072452	1046	40	15	png_00D6BA84_40x15.png
d8d94df4bebb5bd419febbabf8cc97cafe4af735	14073502	1107	16	16	png_00D6BE9E_16x16.png
b3540cba973e574df45c01d100718cee42c84178	14074613	1190	16	16	png_00D6C2F5_16x16.png
feb6764558f1fc5a0764b847e64b04b36c231053	14075807	1224	32	32	png_00D6C79F_32x32.png
1afbd9ea5279f160766fb76c18dde8a2e593d9b8	14077035	1273	32	32	png_00D6CC6B_32x32.png
55c9280ee4bb931b24454dfe71f7d6326250b1f7	14078312	1392	64	64	png_00D6D168_64x64.png
ba4acf4171bda1902c0e7a976bb1a9d3fafe3ed4	14079708	1242	32	32	png_00D6D6DC_32x32.png
6b94f444626baccc92b521572aff79dca0d6c11e	14080954	1029	32	32	png_00D6DBBA_32x32.png
61deaabc7906e12e573ce2b7081be2820094f1e3	14081987	1185	16	16	png_00D6DFC3_16x16.png
0eccf1dc085f97c9a51280f374943b609404212f	14083176	1140	16	16	png_00D6E468_16x16.png
b2f040be743c75a48f124952ef95491d0ef5f3ce	14084320	1229	122	122	png_00D6E8E0_122x122.png
881d3d9135bab213792f3a0e987e73c24ea65e8a	14085553	1049	16	16	png_00D6EDB1_16x16.png
0da70ed1a516976051306a4ed202db92e9f9d31b	14086606	1678	32	32	png_00D6F1CE_32x32.png
ce299bdda6066382d7be059fabb4209c6b6e78ef	14088288	1540	32	32	png_00D6F860_32x32.png
71a71f22490b5014c22da219c3e80d96cfc1505e	14089832	1003	16	16	png_00D6FE68_16x16.png
73e6137c4a208cf591bd80d71541a8efb955df4e	14090839	631	16	16	png_00D70257_16x16.png
74d1dde5e244df32ad59ecba2b69b6d220cb045e	14091474	1054	32	32	png_00D704D2_32x32.png
f6be520253bbeb79283ad4f5289f19c49dbe7a9a	14092532	1147	16	16	png_00D708F4_16x16.png
19a10125b96a27c0ce80c5a7816eaee2767e9905	14093683	1177	16	16	png_00D70D73_16x16.png
4dc05843fa495622e948994de62b51c8da59e2a2	14094864	1551	32	32	png_00D71210_32x32.png
e83192253408c99334b5a0e8ab9e0e3a624245e4	14096419	1144	16	16	png_00D71823_16x16.png
d8b57e1f88cf01542adf704896650fc63ae15dd4	14097567	1027	16	16	png_00D71C9F_16x16.png
8404682cbcaf13e87e7a2d435103d0d843910060	14098598	1027	16	16	png_00D720A6_16x16.png
6e80f28a89393fc9fad7a20092081f76acf0c5b7	14099629	1546	76	32	png_00D724AD_76x32.png
3163990c158584afb337b93e044990ed43182c7d	14101179	968	16	16	png_00D72ABB_16x16.png
b4af18a756421f7107f0dd3ea2cac8e0b7d625cb	14102151	1000	16	16	png_00D72E87_16x16.png
d21dcff2ecf2b91542da031bdb110baea688a325	14103155	1122	16	16	png_00D73273_16x16.png
5482da000946279c7281ff1ab61957ef9733741d	14104281	1069	16	16	png_00D736D9_16x16.png
4b7aeb7adfe61fd307b7461a804947c87193bba2	14105354	1020	16	16	png_00D73B0A_16x16.png
7652625dffd519a34ff122e822291559ac4c6bc1	14106378	1155	32	32	png_00D73F0A_32x32.png
99c0d29071ac1f0e8dc3a6bd86676cb3fd2d5044	14107537	1078	32	32	png_00D74391_32x32.png
1ca8a3dd9f2db94eaed3eba27882d2690bc3c867	14108619	1168	16	16	png_00D747CB_16x16.png
b0f59661cfc05357158035b53d2e472c0dd58abb	14109791	1122	16	16	png_00D74C5F_16x16.png
4d779ce5c878954c378528c26882496a6bbdf629	14110917	1289	38	16	png_00D750C5_38x16.png
fe6e7acc767cf26519342698e645434a4ff31387	14112210	1164	16	16	png_00D755D2_16x16.png
d7fcd18d3e42269af89095d3f42dd55e56cd9703	14113378	1428	32	32	png_00D75A62_32x32.png
8e77d02e1939a5b3b1c5122c1df2f940fb26e360	14114810	1143	32	32	png_00D75FFA_32x32.png
67eb0faeaedeea19a0c2afd137e0fb800835fb17	14115957	1587	64	64	png_00D76475_64x64.png
3529b92e1d4fa48200699f0476553ce621175437	14117548	979	32	32	png_00D76AAC_32x32.png
9c33805b15a66f07988f16575273cfb349b653c6	14118531	1170	16	16	png_00D76E83_16x16.png
035403317e967fb15a2e98e902ec6d54833492a5	14119705	953	16	16	png_00D77319_16x16.png
3d0146e2fe8dcc2ab0785a12cdb2eeb26ec4780d	14120662	973	32	32	png_00D776D6_32x32.png
ebb9275ab944241782e274a9a8b98820d6ccba3e	14121639	1296	64	64	png_00D77AA7_64x64.png
4e631aac3c99ec616ddb83292a8bd4bae78a56e2	14122939	1110	32	32	png_00D77FBB_32x32.png
2e99aecc06aba974e4dbe6ff0f9d0c5193ae5d25	14124053	1207	128	64	png_00D78415_128x64.png
4625e6ae14aa700737231db510ee98cd4657c3ef	14125264	1019	10	26	png_00D788D0_10x26.png
4c8a2f89d9df85258ed41590c26476b497ae80e1	14126287	1194	32	32	png_00D78CCF_32x32.png
9dbccd0df4aa5d5ebe00f4f64352ed94832116fe	14127485	1247	16	16	png_00D7917D_16x16.png
426555a62889e642ee23a22a61ef24b28a60d1a6	14128736	721	32	32	png_00D79660_32x32.png
35bf3814e5eedf35e3f39b4da46abda04a1f6615	14129461	1188	16	16	png_00D79935_16x16.png
d420f15978de8042c8e2cb94b0ac9a560b0bb928	14130653	1473	64	64	png_00D79DDD_64x64.png
45be1a6648121b2bebac847bc553fed7acbaf7bd	14132130	1039	32	32	png_00D7A3A2_32x32.png
e59c4214848b299d1ba1d169fad2030336ffda43	14133173	325	16	16	png_00D7A7B5_16x16.png
c0bea2d63d31ca5b10ea6b213258eee4941d2dcb	14133502	1174	32	32	png_00D7A8FE_32x32.png
8dc8813cfdd242eb86ef3b060024e5761882da15	14134680	1155	32	32	png_00D7AD98_32x32.png
7b6a709b6ee11f60e06780ae3770bf63672015ec	14135839	1095	32	32	png_00D7B21F_32x32.png
766d43af44d0840f8d7fa19a1ea4f1ccce598457	14136938	1361	32	32	png_00D7B66A_32x32.png
1ec7a764738f4f2064c09cce32805ff1478f7c0d	14138303	1240	32	32	png_00D7BBBF_32x32.png
d34817bea66a57f957d4a2ff186ab5c36bffa3b6	14139547	1108	32	32	png_00D7C09B_32x32.png
b364ec7383014850710f44d962dcf082ec156aed	14140659	957	16	16	png_00D7C4F3_16x16.png
43dbcc25299ebb6a1ab185faae588b1e18945e65	14141620	1525	64	64	png_00D7C8B4_64x64.png
73093a0ca0d39948673e79a12e14b5518a1dd428	14143149	979	32	32	png_00D7CEAD_32x32.png
a877923869760f48bd9e3cc5fa6ef079205b8083	14144132	1051	32	32	png_00D7D284_32x32.png
6502cddd1fcbe334758bb4a302d8cbb886849fca	14145187	1145	32	32	png_00D7D6A3_32x32.png
bc7fe14c9a7f522fe3a5c46b298eea85fcd502b1	14146336	1182	32	32	png_00D7DB20_32x32.png
ed3fbbd75bcc531d822cc55472982e72b521250d	14147522	1002	32	32	png_00D7DFC2_32x32.png
c18d4a1b5b18b771cdbaf0842b20b9bb0b587e95	14148528	998	32	32	png_00D7E3B0_32x32.png
4b6a6316add18c019dc14407a89feade57134cb7	14149530	957	16	16	png_00D7E79A_16x16.png
47c8e678ed58d6263fa9796edd502d847246e5ea	14150491	1092	32	32	png_00D7EB5B_32x32.png
30c765f8a36eb6dd356c2a084ebb05cc2a1d2427	14151587	993	32	32	png_00D7EFA3_32x32.png
679a1b84747a6293ffc68f853771d964a359bf13	14152584	1455	32	32	png_00D7F388_32x32.png
3f38d5a44153930121c3b42599dff1b417d21cca	14154043	1297	32	32	png_00D7F93B_32x32.png
60e27db74e8b8e4a48b6517a7bd1459b97f5737a	14155344	1067	16	16	png_00D7FE50_16x16.png
e37e8c880cdaf96b6794a9197ddd8d031ba6ff66	14156415	997	32	32	png_00D8027F_32x32.png
e5f1ea1dea4c2f0804b7f66c9dac52097825c456	14157416	1538	64	64	png_00D80668_64x64.png
3950941cda184e567046011dac29ef6f8aa3ec30	14158958	1100	16	16	png_00D80C6E_16x16.png
b06ecf370c21422ca5c2fd103aeec42cf6511814	14160062	1319	16	16	png_00D810BE_16x16.png
60567fffa3d5ceb7e81dd60e38a27f53d86fe233	14161385	1161	16	16	png_00D815E9_16x16.png
9eebfdbdf3d566184d35d8019c134fc71530927c	14162550	940	16	16	png_00D81A76_16x16.png
b3ab0df4eb2614e8e5f6a7dfc0e12bfd6515f2d7	14163494	1414	32	32	png_00D81E26_32x32.png
48b12b3b07eb7a3e84cadcd70bd0037be6498eaa	14164912	1751	32	32	png_00D823B0_32x32.png
acd66b93d142882a1cecc0373d25c3aa4ed075ef	14166667	1267	64	64	png_00D82A8B_64x64.png
fa32653135fe870950bfce65159ec2eb6bd63100	14167938	1014	16	16	png_00D82F82_16x16.png
2d1fed0c11da0311f5d03b5e6acf4aeb5f9b8912	14168956	1372	16	16	png_00D8337C_16x16.png
ddb69949be5b37e98dd0f53e8bcd29579b66bc36	14170332	1195	16	16	png_00D838DC_16x16.png
806dd1c7f603718b5ea9e5b4ae561091ce20ffaf	14171531	1339	32	32	png_00D83D8B_32x32.png
b5a18e84059779b1bb81a33f0ce2e03d9dd7e37d	14172874	1037	16	16	png_00D842CA_16x16.png
783f40768c22f9094837359714d8c732400f6496	14173915	1133	16	16	png_00D846DB_16x16.png
9164905ee2cf679038c770fbd8fdf3de62f9cd1e	14175052	1377	32	32	png_00D84B4C_32x32.png
2f1f37a589e9b3e378cae8fdf1c0e11b1c2f7b9b	14176433	976	32	32	png_00D850B1_32x32.png
20f4b53d569799e00e9a0cad799743eb312af2ad	14177413	1119	16	16	png_00D85485_16x16.png
005dc0bfaf167fb19a0278825fc6aa195d6461f7	14178536	997	32	32	png_00D858E8_32x32.png
1299baa0867c49bba14f9ad8d7ce3081eec94f07	14179537	1003	32	32	png_00D85CD1_32x32.png
565757eb348e82ca421394a35b44da9312eb8875	14180544	1002	32	32	png_00D860C0_32x32.png
5abfa95853767a105579c49760951022a3724f1f	14181550	1720	106	60	png_00D864AE_106x60.png
d8a48a304f3a4769253d139e98b9e05d842f3cb4	14183274	1582	32	32	png_00D86B6A_32x32.png
656f70c87bad2b423a53b5e518784c644d3d67ec	14184860	1029	16	16	png_00D8719C_16x16.png
df8004ef9f07085266c12d753e315a506b2f3b8b	14185893	1385	32	32	png_00D875A5_32x32.png
c06bca98f9b7b98eedc6e03a7ce34190e4f0ccb7	14187282	1350	64	64	png_00D87B12_64x64.png
bec3d2eab88cf043dade55d7f76916b4d23460f7	14188636	1165	64	64	png_00D8805C_64x64.png
d7b2b8c7cfd86f6c847c69185ee091a2b5725632	14189805	1423	16	16	png_00D884ED_16x16.png
94c343bb6623cb18bf6cb6d5f5bb04240519489c	14191232	1234	32	32	png_00D88A80_32x32.png
2b256880ee096c6b5ae5cba9d887c4d12de1850c	14192470	980	16	16	png_00D88F56_16x16.png
4dccd2a2697acdf5a42703902960bab12ca295e5	14193454	1177	16	16	png_00D8932E_16x16.png
c16e37ae4062c5ff1abf0316b1561da1bab6f6c2	14194635	1755	32	32	png_00D897CB_32x32.png
d2498e08099533e738bb28f5f14ff407f18b5c1a	14196394	1237	64	64	png_00D89EAA_64x64.png
b7b35bf0e1e04805e6d43233d9b24e482731bfdd	14197635	994	32	32	png_00D8A383_32x32.png
d480d101722b79103e80c7acafebc1ca8c9dd92d	14198633	1040	16	16	png_00D8A769_16x16.png
190b1ef82b9229a3028fe6ce926da4d6ee3c5342	14199677	1361	16	16	png_00D8AB7D_16x16.png
874fe64f1e4f28b94db414ac39276b0f375dae5d	14201042	1665	32	32	png_00D8B0D2_32x32.png
b73321a4b4071218d99b0f71df4ef7362ef9e06b	14202711	1027	16	16	png_00D8B757_16x16.png
d20475cc5725c6d7173399ec2170c83378cec000	14203742	1401	32	32	png_00D8BB5E_32x32.png
4114bde6701052b32557c961ff8482eec53fbc90	14205147	1022	16	16	png_00D8C0DB_16x16.png
496c0c3da85c8065498e14e29ca2e152fe147966	14206173	1027	16	16	png_00D8C4DD_16x16.png
d2f60635aefbcc840d2f4ae88f54f0a283bdd266	14207204	1094	32	32	png_00D8C8E4_32x32.png
5300b826a14c79908e427e5032ac7a784f95d250	14208302	1210	64	64	png_00D8CD2E_64x64.png
b59e0a49c7885586fc2c0a538ffe9e6b0e90704c	14209516	1149	32	32	png_00D8D1EC_32x32.png
01220963e9e93626faf5dbcbe76347ab12626f17	14210669	1320	64	64	png_00D8D66D_64x64.png
776643ab8ddeb8f5c6dd404cd57e879608e36b50	14211993	1135	16	16	png_00D8DB99_16x16.png
bfacc95a3ce579d2f086fe9ec95b172ce42ed84c	14213132	1105	16	16	png_00D8E00C_16x16.png
03a3a7f640c7376c42e29971a5fe76cd0251f93a	14214241	1180	16	16	png_00D8E461_16x16.png
b382a327f84fccf330dfde9af30d537041f6b6ce	14215425	1428	32	32	png_00D8E901_32x32.png
2ab9f1d6443bf2ead8ac21344621547c1326681a	14216857	1357	32	32	png_00D8EE99_32x32.png
2431d4dfae3320dd53bd31d17e840c2b624c97ed	14218218	1013	16	16	png_00D8F3EA_16x16.png
28e452946caefb6661c6c9190cc2b61b26e7b9bd	14219235	1277	16	16	png_00D8F7E3_16x16.png
a5d78e09479965dffc9ffbf5ea8d3fc598f61c65	14220516	968	16	16	png_00D8FCE4_16x16.png
fb28b91e8cb568f6bd900fa0a669daf0ce54a2e5	14221488	997	16	16	png_00D900B0_16x16.png
4378368cebb67235f56711c8f394b63291886811	14222489	1560	76	32	png_00D90499_76x32.png
de2bef1a4398dd5ec2226e3c0155f62020a76a4f	14224053	988	32	32	png_00D90AB5_32x32.png
bb02202687559abe6fa5f386716a5c415afd9070	14225045	1117	16	16	png_00D90E95_16x16.png
ef449f0654aa4ad12d06239aad47c15ebb83f615	14226166	1224	16	16	png_00D912F6_16x16.png
22105160157083011345e5d47e1e120bad5dd9f5	14227394	1147	64	64	png_00D917C2_64x64.png
e8b15414d9737632e6c84adc5b27b97786389a37	14228545	1116	32	32	png_00D91C41_32x32.png
f9f9362bf853680c71b43dfce7666cf9973e4004	14229665	1168	16	16	png_00D920A1_16x16.png
99ad513e27392eac943f213595429100de7b2e82	14230837	3556	128	128	png_00D92535_128x128.png
6fa6fe032e467613b5e9f6d7a1e51dc4c1e83b47	14234397	1113	32	32	png_00D9331D_32x32.png
03485f14978255a4e302bd708d5a777fc60ad387	14235514	1052	16	16	png_00D9377A_16x16.png
b9a40173f203cff38cc43ee6492c28fa62286aa1	14236570	1541	128	128	png_00D93B9A_128x128.png
11f9f5c23bfc12705d22fa4e04a8ff5772ef088e	14238115	1068	32	32	png_00D941A3_32x32.png
36d2c3efed314149efed227b5635c771c4268e40	14239187	1045	16	16	png_00D945D3_16x16.png
0161da3270b5072333c07eb741afff1358d58c44	14240236	1083	32	32	png_00D949EC_32x32.png
b371f6d8a1db7e0b6bb134da4ab09b14253da8f4	14241323	1121	32	32	png_00D94E2B_32x32.png
8a9596edd247f42346db586572c6fd8b85d892ce	14242448	1094	32	32	png_00D95290_32x32.png
a2d8efd81520d2b601d96e8307aea697ad86506d	14243546	1049	16	16	png_00D956DA_16x16.png
d66da431ab8aefc2b3d915d40a15c175b504996f	14244599	969	16	16	png_00D95AF7_16x16.png
42557d7d05cc79cc9d9b64b352f38d92e0ec8e39	14245572	1048	16	16	png_00D95EC4_16x16.png
2c5de5ee756ed598b9eb66e42be4b5e9aa493f36	14246624	1129	16	16	png_00D962E0_16x16.png
276a21a92e3f8aa67ac1066908269115994ab345	14247757	1228	16	16	png_00D9674D_16x16.png
fea45084f9f175f1ca6f0f652cca3348015b04bf	14248989	1099	32	32	png_00D96C1D_32x32.png
551f54a2aada0954cb668cf83a88a8db3e6f5cbf	14250092	1135	16	16	png_00D9706C_16x16.png
7f7d73fae06dd43d46150e33cd213a2d7a4e370c	14251231	732	32	32	png_00D974DF_32x32.png
db66945be072c8334fc3aa6e03ccd0f42fafdcc5	14251967	1035	16	16	png_00D977BF_16x16.png
ebad16e217271a78857cf5780f77774ab1dc10d2	14253006	1272	32	32	png_00D97BCE_32x32.png
9a646517a2328f1cd0698f12bcd0c170a70b129c	14254282	1739	64	64	png_00D980CA_64x64.png
409e1c79456a590664f0e59d77e780b6e92b16da	14256025	1184	16	16	png_00D98799_16x16.png
e890e7d46e63ab4b567d83de6a24c2d24eb33ba8	14257213	1191	16	16	png_00D98C3D_16x16.png
f5e4098516a68009853cce5bc64f70f4e87c8588	14258408	1003	32	32	png_00D990E8_32x32.png
126d36462b24b64c925064e0f35135bd9708131c	14259415	950	10	10	png_00D994D7_10x10.png
0a11ba553bb01ba0cad306140898430ce253807c	14260369	1610	32	32	png_00D99891_32x32.png
cc36138e18f7f8ab4f67c633a6be2ac56bcf0020	14261983	1293	32	32	png_00D99EDF_32x32.png
d02b6287047aa2ac4fc69735899751cf505f53cd	14263280	1420	32	32	png_00D9A3F0_32x32.png
26e16749cb12e0a4fbf507a12331580392cf398d	14264704	1125	32	32	png_00D9A980_32x32.png
649744530775ce8adfdd6f664fa71eba3c1281ae	14265833	1059	32	32	png_00D9ADE9_32x32.png
bdaf6809dbf6f08bc41457fe60c0ccb54ae60237	14266896	1024	32	32	png_00D9B210_32x32.png
54284b29c4ffe8fdd8e93581c14a35d22ea97781	14267924	981	16	16	png_00D9B614_16x16.png
c8736a561caac882095ffd9cd0b0cc202796aae7	14268909	1220	16	16	png_00D9B9ED_16x16.png
d76ccb6cc1a23fe1735833c952ff55f656217eb6	14270133	1101	32	32	png_00D9BEB5_32x32.png
309e853154c632113b8899844197d416ad5039f9	14271238	981	16	16	png_00D9C306_16x16.png
eba012d3d11e2c2e8a5ab72d66a7db49d9ebbc15	14272223	956	16	16	png_00D9C6DF_16x16.png
65de1ffbfe99f116019d547345a3378bdb743cec	14273183	1151	32	32	png_00D9CA9F_32x32.png
bcb51c6a17e422417f767b139f6a6ecd07939790	14274338	1051	32	32	png_00D9CF22_32x32.png
b070a121cca2c942c1f99cae0efcc21f1c1efebf	14275393	1077	32	32	png_00D9D341_32x32.png
bf8862dc53321639083b19ab89f3875f71a1250d	14276474	1282	32	32	png_00D9D77A_32x32.png
da51526fb95bc209f8dde6ee49cb4fa2bc68e91d	14277760	1144	16	16	png_00D9DC80_16x16.png
49f56167af28cef68dfb5234314978170cef4825	14278908	1124	16	16	png_00D9E0FC_16x16.png
460cfc4d94b767bfd52074cbc28b3966ae7e7fda	14280036	1402	32	32	png_00D9E564_32x32.png
44e1b1eab1f427767590daad108e4840d407587b	14281442	990	32	32	png_00D9EAE2_32x32.png
7c62a802aeeb6699da6025b462403af86b34b83f	14282436	1175	16	16	png_00D9EEC4_16x16.png
7c85d65c680fd9aa9d28fbd91e4dcf80e151519a	14283615	1277	32	32	png_00D9F35F_32x32.png
1c86df6d07528cc69df2b009b701ad4cd30d5414	14284896	970	16	16	png_00D9F860_16x16.png
5695660fbd8cdbf7bbc03e060bef85b4a697fb95	14285870	1526	32	32	png_00D9FC2E_32x32.png
3e4c9ac8c394df9819d657535a0c1c031be51eac	14287400	1179	32	32	png_00DA0228_32x32.png
15c39ab689c393c4f5bdba2aed54e859701334a4	14288583	1313	64	64	png_00DA06C7_64x64.png
1afedb37a697c3ef901754d55e2e45ca122fed82	14289900	1053	32	32	png_00DA0BEC_32x32.png
9a1e143ab78bd98276e9b5b6b201853b7530aa18	14290957	1346	32	32	png_00DA100D_32x32.png
8a1bd9ba7abf64719510e5d78c5e66dd26f7904a	14292307	1543	16	16	png_00DA1553_16x16.png
cdc88142219274ece188853cbbb2fa5eb4625c48	14293854	1359	32	32	png_00DA1B5E_32x32.png
4bb48c6546c659513e447b849a05ec43af738141	14295217	1374	32	32	png_00DA20B1_32x32.png
05e4b6dd56e7655c13c6807ccf1a7714af5cbb95	14296595	1125	32	32	png_00DA2613_32x32.png
f45d78b43844bd2a229aca2b7160689144f60bd2	14297724	1308	32	32	png_00DA2A7C_32x32.png
f5181e474293a0d7610c9eff15da581d0d2f1e28	14299036	952	32	32	png_00DA2F9C_32x32.png
864a88b56208634421db8e242f66d18b6653440b	14299992	982	32	32	png_00DA3358_32x32.png
b12f7d6a803f074c03764c061aa7b18d1a266a98	14300978	1067	32	32	png_00DA3732_32x32.png
4781f49f19358b56a78137bdf5258b1458cff046	14302049	1143	32	32	png_00DA3B61_32x32.png
52b3260a0ed7d026c0df4f528d856be5bce19f36	14303196	953	16	16	png_00DA3FDC_16x16.png
68d52845c235cc522c92983c23ad60fca68c8463	14304153	1189	16	16	png_00DA4399_16x16.png
4e11e7409063e1727249a154a8e7eff68c88caf9	14305346	1199	32	32	png_00DA4842_32x32.png
f94f2b4f2bd823a1291f52a2de03ec05d5bfe0e0	14306549	1056	16	16	png_00DA4CF5_16x16.png
3921a2b7ce266f11b93ddfc2ea01279fc66768e0	14307609	1156	32	32	png_00DA5119_32x32.png
5c750df8f48386f444dc1a3f28290292554fa518	14308769	1292	32	32	png_00DA55A1_32x32.png
ae4e19abda7f3fc3d7f356133cb81775f7d0a192	14310065	1049	32	32	png_00DA5AB1_32x32.png
c5ccbb30f124cc6fa070d2e1528e7c6f100a234f	14311118	994	32	32	png_00DA5ECE_32x32.png
11e8642c30004109d7b51f71ff81f02490d72c40	14312116	1118	16	16	png_00DA62B4_16x16.png
43ec57b95ab0096f8131779522cafb51e63c48ca	14313238	1275	16	16	png_00DA6716_16x16.png
02c86d48f7833050030ea1fe57da19a3f779541a	14314517	2015	128	128	png_00DA6C15_128x128.png
cdec0ab38be87932840b54e5fd194c6eeb495d1a	14316536	1158	80	30	png_00DA73F8_80x30.png
3ac930c794f170f1a59be6fd7c59b8941ec30f98	14317698	1145	32	32	png_00DA7882_32x32.png
c139d2d38376d276fcd4b5a9042278d47df27a70	14318847	1037	16	16	png_00DA7CFF_16x16.png
eb770af5618f2e42eccc12abfa221b3f2e66afb9	14319888	1113	16	16	png_00DA8110_16x16.png
90451e620545482f325b2eff12244efb7247a807	14321005	1001	32	32	png_00DA856D_32x32.png
697b527d8681d62a6182a6297ca99ee1e57df4ba	14322010	1132	80	30	png_00DA895A_80x30.png
e140272884e10e5353d15375fd585e55dd40b8bb	14323146	311524	624	402	png_00DA8DCA_624x402.png
692d10df5b110b385240539dbd1d899b9be6041f	14634674	1149	32	32	png_00DF4EB2_32x32.png
cf539e23e3ac19931772e72fd934dd30245f6257	14635827	1014	32	32	png_00DF5333_32x32.png
0264a793b1b534b88896cd72083c2c72584840b2	14636845	1216	32	32	png_00DF572D_32x32.png
56bd931ea17294ff952feed160c46a3ee6e42558	14638065	964	16	16	png_00DF5BF1_16x16.png
1aff84db47267e237d29a67fc9457c7fe401ef69	14639033	1168	32	32	png_00DF5FB9_32x32.png
1d96bd879c7533fd8b7a760dc4f456f30a996529	14640205	1248	32	32	png_00DF644D_32x32.png
85e2643da8618f15a488346a38e12a0175ba2c1e	14641457	2083	128	128	png_00DF6931_128x128.png
095444885d4b5816c16ab78c384f121e59638762	14643544	2233	212	120	png_00DF7158_212x120.png
9d115803d2e1f86ef785bd2f4a73f05395c09408	14645781	1202	64	128	png_00DF7A15_64x128.png
2c508d7ceb70b57f598b42a7e4f12d333c432049	14646987	1610	64	64	png_00DF7ECB_64x64.png
6ac9982221855e77ab4bf99a64997d2cc7089d1e	14648601	1029	32	32	png_00DF8519_32x32.png
127b84dfd11e9a64603faee1b0f0539045ab42e4	14649634	1206	32	32	png_00DF8922_32x32.png
b8bb5ce0365c56a30093a0ce9e875b2f76f7b9b3	14650844	1429	32	32	png_00DF8DDC_32x32.png
db6bf8a2152ee2c402035e56b73ff3c0b381b7a5	14652277	968	16	16	png_00DF9375_16x16.png
0f2acdfe23e29d948572efe373d09855e9c4c572	14653249	1103	32	64	png_00DF9741_32x64.png
4f8c31b60337835eb993090169ca70d13815a2a8	14654356	1246	16	16	png_00DF9B94_16x16.png
bc63d4c532a50e800c2910ab812a17017a4e9a56	14655606	1052	16	16	png_00DFA076_16x16.png
ff9951a54540e7569532a72ba8932bed396d62ff	14656662	1490	64	64	png_00DFA496_64x64.png
f5cced32aca0110cde8d6e8df8a1fbef2515fb73	14658156	1290	32	32	png_00DFAA6C_32x32.png
3c922226aae086454110bac98a41bed35279a3cd	14659450	1769	106	60	png_00DFAF7A_106x60.png
0ebc0e0344539e6c845217f591dcb1053b98df34	14661223	1134	16	16	png_00DFB667_16x16.png
48f3afb9d1e0293c56287519976e25235cc69e06	14662361	1162	128	64	png_00DFBAD9_128x64.png
d46ad68d482558d8528b3900af88fb0c04048bb4	14663527	1102	16	16	png_00DFBF67_16x16.png
4914e13c3fd567fd4d566d5ca23284de35024201	14664633	1059	16	16	png_00DFC3B9_16x16.png
a24b6a76d152258818594e292e1d4a44c49098e7	14665696	1337	32	32	png_00DFC7E0_32x32.png
1a14a1f88dda408926d20de9765562be0429a0ba	14667037	2054	114	114	png_00DFCD1D_114x114.png
25524194f7a33adac3d20380b7b534e642ac0e07	14669095	1131	16	16	png_00DFD527_16x16.png
223824b0aaabc6bb84191d1d930e2d5b83cfbf99	14670230	1090	32	32	png_00DFD996_32x32.png
38e585c3cc49f84733204366bc4dc9f68b4b7e67	14671324	1020	16	16	png_00DFDDDC_16x16.png
352b3bce5b67d85a3b6897a322e458ea00b481d0	14672348	1935	32	32	png_00DFE1DC_32x32.png
38e860bcbb34d206e7269f65243edae2e2a99e6a	14674287	1339	32	32	png_00DFE96F_32x32.png
a5c63d10c567067196042ba843ceaad61bd42a1e	14675630	1021	32	32	png_00DFEEAE_32x32.png
fdb9652be9c69e0ef7539d682d52ef4583dece8a	14676655	1160	32	32	png_00DFF2AF_32x32.png
3adb25ba5d7b045409c3518b47d8b809fb19f1b0	14677819	1395	32	32	png_00DFF73B_32x32.png
2d9bc5635a1d047cb43bc6126919348fe1ec53ba	14679218	1426	32	32	png_00DFFCB2_32x32.png
d2c875a60ba2752c95eca25384628537db2ddb05	14680648	1034	16	16	png_00E00248_16x16.png
8c3253095ea72e9504bc991e7c165925de9ff199	14681686	972	16	16	png_00E00656_16x16.png
75f43ea0f9317abb44e45c306066d9b0ba473da8	14682662	1107	32	32	png_00E00A26_32x32.png
cf15ba950b30263049f1583043d7be82469f5cc9	14683773	1070	64	64	png_00E00E7D_64x64.png
b84a0054391aa6add25be981a556eace300ca494	14684847	964	16	16	png_00E012AF_16x16.png
76946e6b131e23d4d5fc4b588798a86fe19b7508	14685815	1554	64	64	png_00E01677_64x64.png
2b8a5d3e7b266534d5d1b5f7f5cf7b07b583fbb7	14687373	1333	32	32	png_00E01C8D_32x32.png
d7b2004a81592399c2e1c8d7de553c24defc5af1	14688710	1194	16	16	png_00E021C6_16x16.png
5c7487793682eb272189c4c43c46ccf42c5fbc10	14689908	1127	32	32	png_00E02674_32x32.png
3be6bbd20eaed8d41a599d2308e79bc9d1c21120	14691039	1438	106	60	png_00E02ADF_106x60.png
5c57c80a6ea795d89a1eac41ee86793f1981d61d	14692481	1073	32	32	png_00E03081_32x32.png
12452a1e09de7922fcfc573e50c892c811305e68	14693558	1971	64	64	png_00E034B6_64x64.png
99d112cf143e930ce8b08480140506ab59c4c271	14695533	1288	16	16	png_00E03C6D_16x16.png
7ea42fe0aa6eb7881729b8aeba9d5ad67fd27b26	14696825	982	32	32	png_00E04179_32x32.png
d265af5fb2d5e322cb3184637ac803771b425761	14697811	977	32	32	png_00E04553_32x32.png
1eb04cd5f859d1ee7d3ff9a9e760b9e5232bb4c5	14698792	1049	32	32	png_00E04928_32x32.png
9251ddde32581a6c3599790d464476841ad05758	14699845	1348	32	32	png_00E04D45_32x32.png
264f795b3d6d6b565f53527735ab99d56f3ad31e	14701197	1324	32	32	png_00E0528D_32x32.png
9e8bdcefa5aa1200fdf5db4d6a7bca171e5d321f	14702525	1266	32	32	png_00E057BD_32x32.png
8b538435fa7effd3d68c70fa43f970b0b56b5df2	14703795	1255	64	64	png_00E05CB3_64x64.png
217c273ea15ad6838e111e2caa3faf989d18f2be	14705054	983	32	32	png_00E0619E_32x32.png
7028323b91ac8a657234aa0cc44dbf5d7d92b1d6	14706041	1070	32	32	png_00E06579_32x32.png
79512f5f01a9483ccd4d1f05f8734a5afea7f4e5	14707115	1068	32	32	png_00E069AB_32x32.png
6b74b57d71d135592c32dc1f50248a26a7b8ab2c	14708187	1517	16	16	png_00E06DDB_16x16.png
81d39c9a05299d23292c2156af0d05fa7761af26	14709708	688	16	16	png_00E073CC_16x16.png
d8497c52e56ee966abffe1b13f7c20ffd568e8eb	14710400	1481	32	32	png_00E07680_32x32.png
c0459706da7a89ad40d02794f4cb0fcc6f4a0187	14711885	989	32	32	png_00E07C4D_32x32.png
b4293e843c9e3b04db74f521074e6b83c763092e	14712878	978	16	16	png_00E0802E_16x16.png
847ee0c3131b0a3bb18e76beb3820c1f3b3cbacd	14713860	1068	32	32	png_00E08404_32x32.png
ad612c30ef848f23068f68d66a1fc36a51044d46	14714932	1450	64	64	png_00E08834_64x64.png
280af9a568202a6eafa68477c889f9d64cc7055c	14716386	1187	32	32	png_00E08DE2_32x32.png
88b48e38e81ec759f1774b9774bc86a71788375a	14717577	1029	32	32	png_00E09289_32x32.png
4c8cd052cf363d20c8f8247b97784b24fb9a2263	14718610	1346	32	32	png_00E09692_32x32.png
7d5fbb4b231898abd94463964a27011a4b77f21d	14719960	7295	502	78	png_00E09BD8_502x78.png
198a24b4562cd9d7b6952f1ba134fffbd132e5e9	14727259	1318	32	32	png_00E0B85B_32x32.png
458b075d1ec01cf22e4c3f518a7792ab122fc3ff	14728581	1242	32	32	png_00E0BD85_32x32.png
f276fa0a932d82ffc01272bd7ca6a2ea4ffd79f7	14729827	984	32	32	png_00E0C263_32x32.png
df4aa4aa918a6b252529d4d9ad0ea66999146837	14730815	1010	16	16	png_00E0C63F_16x16.png
7f395428111d82c7cd62f8793e64b72627654cef	14731829	1029	16	16	png_00E0CA35_16x16.png
27b422e1afdaf18c0f6ee58946481a541ded9522	14732862	1096	16	16	png_00E0CE3E_16x16.png
fc82c61f376ad638129c8a85cf1b7f785f465d1d	14733962	1542	32	32	png_00E0D28A_32x32.png
2913cf67336d94c38124e1298c468a88dab89ebd	14735508	1214	16	16	png_00E0D894_16x16.png
cdcc347893580744b7d0b668c5a6eeadb234afbf	14736726	1145	16	16	png_00E0DD56_16x16.png
8cc6c737589ec9b6f6e647e3189b1a114423e9a3	14737875	1371	16	16	png_00E0E1D3_16x16.png
023df965bab227944816e224193e5a2c6de2aaa9	14739250	1370	32	32	png_00E0E732_32x32.png
3e11c20c1c1f62077fa16d078c5f498e97ffdd1b	14740624	1096	16	16	png_00E0EC90_16x16.png
a02d1fc4c60af829413d1f56761e40c3a72b4bb9	14741724	1131	32	32	png_00E0F0DC_32x32.png
e2f2d0ea6cff288fe35486859297fbb5271ae761	14742859	984	32	32	png_00E0F54B_32x32.png
6ce9688d331cb095d3a27143f2f98f08bfde822c	14743847	1215	16	16	png_00E0F927_16x16.png
1f35981bbfbcf7df1dcb43b309449f012280127f	14745066	994	32	32	png_00E0FDEA_32x32.png
405a50d2fb08128ae1e907a6c28a6c05aeb73918	14746064	1079	32	32	png_00E101D0_32x32.png
0e8af9627f96952d413966d034c1e42402a05cb5	14747147	1166	16	16	png_00E1060B_16x16.png
7de3eb4964a20c41780fd5e0859eb2c360ce9880	14748317	958	16	16	png_00E10A9D_16x16.png
0e1846b6e72d075b5ce09566d388e793b21b69ba	14749279	1031	16	16	png_00E10E5F_16x16.png
c82fe2fe182dedd07fb7df45e9c6d780adc02a77	14750314	1000	16	16	png_00E1126A_16x16.png
54b5306c837336b1e50da2ba04f7657cad279971	14751318	994	32	32	png_00E11656_32x32.png
800e0f51e74c4c37403640b5403c8d7287bbdcd1	14752316	1087	32	32	png_00E11A3C_32x32.png
fe399ea7aba9e95b50519357265c1611e8e4a38c	14753407	1338	16	16	png_00E11E7F_16x16.png
eb60db156b975bf823515f4f0537f440c8ecb9ce	14754749	1422	32	32	png_00E123BD_32x32.png
bf4877de480399606cc7e1166da3f4e1e0b3dc1e	14756175	975	16	16	png_00E1294F_16x16.png
1dcee1a0bca8b99f99d45f99597a9da7068a317e	14757154	1301	32	32	png_00E12D22_32x32.png
985b7bbe4c2bdd098fd21f7cb9bb94860d5b35b9	14758459	1835	32	32	png_00E1323B_32x32.png
067294f641c23c61c1798d0f9ef735e2ffa38c4f	14760298	1253	32	32	png_00E1396A_32x32.png
cdffa7ec0cdfab766f895f1e93b64f77ee254bbd	14761555	1447	32	32	png_00E13E53_32x32.png
7580c2fd7c1533e088b74a9b2048eb5fe6222bd4	14763006	1138	32	32	png_00E143FE_32x32.png
03b9f17cefea36e9197e97092008ad23799bd99d	14764148	1144	16	16	png_00E14874_16x16.png
0d2dac48c3c1490c715eec9714bdcedc7534b083	14765296	1000	16	16	png_00E14CF0_16x16.png
757869b03b7c28763e710dad435511097b6c4dba	14766300	1137	32	32	png_00E150DC_32x32.png
a08d473e524f4e13e568fa3b764ec970cc56edcc	14767441	1119	32	32	png_00E15551_32x32.png
d23147a0e17cfc11d980f48b18010fdbb96369ee	14768564	2435	64	64	png_00E159B4_64x64.png
5dfcd1a97bf27e0c3b376321e5397df1fb350500	14771003	1023	32	32	png_00E1633B_32x32.png
79a0365032d308f9f1bf200fba06e1573c1ac883	14772030	958	16	16	png_00E1673E_16x16.png
e279cbabc8c4174f2e29716b00ff647ee9c5bbf7	14772992	1255	32	32	png_00E16B00_32x32.png
b1f7cd7f062e1e7abedf07e2ac95c240377d9587	14774251	1044	32	32	png_00E16FEB_32x32.png
dc80fa66392e8c86463b18d1e0b8c7d59befb7be	14775299	1428	32	32	png_00E17403_32x32.png
73b3bf55a17cd2daa554776cdc135aa2b009bf11	14776731	1338	32	32	png_00E1799B_32x32.png
6e7d3bc35f53ded886cb2de7590a98813b6fae5a	14778073	1212	16	16	png_00E17ED9_16x16.png
e080c4fe5c59b774cd505fba69cf46bd506d7df3	14779289	1924	64	64	png_00E18399_64x64.png
054750a81c00fb7181e2517ddfdedc7e49c1e4c4	14781217	1081	16	16	png_00E18B21_16x16.png
529981beead08be0f7d36b25d1c7b55fe0dfd0dd	14782302	2083	64	64	png_00E18F5E_64x64.png
925bd16e43d162e8c324f1cbfe156f02fade644f	14784389	1191	16	16	png_00E19785_16x16.png
3409287fba89d133eb8156785957fdca092d7586	14785584	979	16	16	png_00E19C30_16x16.png
7f71ce608b5756bdde281d3ddf042ea8c4718c60	14786567	1004	16	16	png_00E1A007_16x16.png
0d20ea3ee7f1c0cb74edb928caa680da00e51eba	14787575	1290	230	116	png_00E1A3F7_230x116.png
603fb165fac0e1d50ba8b37adba95de036eaf6e7	14788869	984	32	32	png_00E1A905_32x32.png
21fe0d6e15eea207ed432d1a0aafacf6f4062706	14789857	971	16	16	png_00E1ACE1_16x16.png
7acc9ae92fcbd54cb97bee877a4724bd006e19c8	14790832	965	16	16	png_00E1B0B0_16x16.png
063d5cec8b9c1ab97a15b8f997d4d919ab43e38a	14791801	1042	16	16	png_00E1B479_16x16.png
287e9ce44427458dfd61ca0b022e4d7ec075d6e3	14792847	1008	16	16	png_00E1B88F_16x16.png
dba63814960d95f86700d21c4ecc5e6446b218fe	14793859	1100	32	32	png_00E1BC83_32x32.png
fe9b20e68af5f0a1302b1bc67e431a5ca84ba9ef	14794963	1183	32	32	png_00E1C0D3_32x32.png
ead8e2b455960f0445c6aec6e99feb60e5942b8a	14796150	987	32	32	png_00E1C576_32x32.png
d0361af2bfca9d37880b70e578fa4bcc6b1bb09d	14797141	1066	16	16	png_00E1C955_16x16.png
8c196d4b353db1853abb191e0b9b4253c2fef73f	14798211	975	16	16	png_00E1CD83_16x16.png
db8411af28d49871af7fda0967da7f3e50cf1e30	14799190	1263	32	32	png_00E1D156_32x32.png
fc144f0eb87de9632eb04723439f7b0cea64795e	14800457	1346	32	32	png_00E1D649_32x32.png
12a0534dc659bfb8e8e9d8edd6c7c32949ff0c0b	14801807	1048	16	16	png_00E1DB8F_16x16.png
1ca5f1fe7332c51f45f5e4e728d16dbc4d577b5b	14802859	1146	32	32	png_00E1DFAB_32x32.png
3c78aa29c89b793d7aff5e4c8367012fc3dd06a5	14804009	1149	32	32	png_00E1E429_32x32.png
460f23ec98e80ed520a4ff660f575e1c0ce13373	14805162	1233	64	64	png_00E1E8AA_64x64.png
e51e72f4781f110690bac80377089c84ae45b109	14806399	1134	32	32	png_00E1ED7F_32x32.png
99222636fa2662703af2970892c3fb4ed44050af	14807537	1149	32	32	png_00E1F1F1_32x32.png
b350441cfb37c44953f716defe9a06688665066b	14808690	990	16	16	png_00E1F672_16x16.png
cf93ed74dcf9dae248b4495f2f7f5ae750c0d355	14809684	1345	16	16	png_00E1FA54_16x16.png
437e76baba9918c501110f947f652434a39bf619	14811033	1125	16	16	png_00E1FF99_16x16.png
923d59a1c6537e8cfab5b910d5475be9e37ea64c	14812162	1142	80	30	png_00E20402_80x30.png
78338ccf303de7b2c3852a2226c8cce2e6a2b0fd	14813308	1688	64	64	png_00E2087C_64x64.png
28fab00c8b0a0384aa6838564a100320063dd153	14815000	984	16	16	png_00E20F18_16x16.png
93e53710dddbb33de00cf1e83f0dff13ee48e574	14815988	973	32	32	png_00E212F4_32x32.png
3d8c5ac09181ed3a74ff64c9986012c11553e345	14816965	969	16	16	png_00E216C5_16x16.png
faecf05f62b8e52e222a8c6bf2c7a05c189411da	14817938	1040	16	16	png_00E21A92_16x16.png
cb28e89251445dbc98d9efa47a97f28830341891	14818982	1336	32	32	png_00E21EA6_32x32.png
a837f96198bddeeaa5fd3b8f8e0d8544f4a4ccfa	14820322	978	16	16	png_00E223E2_16x16.png
939fa98c0330b79d361fbaa57893bc4273927403	14821304	1389	32	32	png_00E227B8_32x32.png
427b22c8fb3aed5813060248f10e0b13197355d4	14822697	1862	64	64	png_00E22D29_64x64.png
a9490fd8e5ef377c73ec4c5a8e25ccf8a36eb2ba	14824563	1799	460	232	png_00E23473_460x232.png
82e62555e638c4a8377c797041fbd348ce23b362	14826366	1060	16	16	png_00E23B7E_16x16.png
61bb6b9ffc8370e2b659cf9cb2e6aeb87c9f8ca5	14827430	1329	16	16	png_00E23FA6_16x16.png
66fa4e84ad0f7c443fbb72ee93d6da2f67fa250e	14828763	1541	64	64	png_00E244DB_64x64.png
255b5c5b2cae748fac91c5fc825ba5cbad9eea15	14830308	1847	64	64	png_00E24AE4_64x64.png
eeed1c133e699af06c9fc99d60dfed91c6e4b757	14832159	1294	32	32	png_00E2521F_32x32.png
c716e4d45d6dc855e3b6bbd40ff50466cd286c71	14833457	1190	32	32	png_00E25731_32x32.png
8920e467eb69a13f22ed3747df153b92ac8ca702	14834651	1203	16	16	png_00E25BDB_16x16.png
04fca7451c577b6bd7cae2f1602fe83a841854f1	14835858	1366	32	32	png_00E26092_32x32.png
2ede826caa8425fcb92c3916cf900101dd2ca37d	14837228	1312	32	32	png_00E265EC_32x32.png
8021e124105b31ee77f7cbca9ee8e3a691373d09	14838544	945	10	10	png_00E26B10_10x10.png
bc83e10a66e2c25f37041865ec8bc2e8efd3f35f	14839493	1212	16	16	png_00E26EC5_16x16.png
6f4967a165c035587f163d7ddfa5f0a531617130	14840709	1166	16	16	png_00E27385_16x16.png
4de0b08e423d665cc831911bd61729d7169d58e4	14841879	1046	16	16	png_00E27817_16x16.png
7e38ef88d4715d931c8ec976121be924c5b7fe6c	14842929	1365	32	32	png_00E27C31_32x32.png
ea42dea50822f954d6251753394b74c0ae49d937	14844298	1183	32	32	png_00E2818A_32x32.png
6d3826b2b7ee0f1fa70beb0fbcebb81c7c0aea6f	14845485	1118	16	16	png_00E2862D_16x16.png
71ec1f43b322f442dac54b7c9081f1273a469aaf	14846607	1294	32	32	png_00E28A8F_32x32.png
6256e82c5f4ca92b515c504441357fae8805b809	14847905	1308	32	32	png_00E28FA1_32x32.png
d568811f3d491c8fcd26a3f96b442ba430237b68	14849217	1022	16	16	png_00E294C1_16x16.png
708fc786a2cdcdefc12b37210db108bfe71a2391	14850243	1610	64	64	png_00E298C3_64x64.png
416e6af7336ca5b2e505d10a488467c067038664	14851857	1302	32	32	png_00E29F11_32x32.png
53e3e75f436859301c358a89f26741192a042d51	14853163	1034	16	16	png_00E2A42B_16x16.png
2d35556a5f08385f0b7fe35239cd5ca8c7a55577	14854201	1326	32	32	png_00E2A839_32x32.png
93ba54d16a094cebb974b0eb4287888d768fc544	14855531	430	16	16	png_00E2AD6B_16x16.png
04d95834d19b99a3e7f452afdc26c7a6f60d4226	14855965	1220	16	16	png_00E2AF1D_16x16.png
56bbb75fe7a4de6e775564768e538a4b065254c1	14857189	1654	32	32	png_00E2B3E5_32x32.png
e5f019a32ab95c30629f12e16a8cbe25381269fb	14858847	1481	32	32	png_00E2BA5F_32x32.png
836ed39d40d891b528d3cb7d5a6405e7ac885b9f	14860332	1190	16	16	png_00E2C02C_16x16.png
480150fc5261260ec91a3bf73768739adf97e895	14861526	1717	32	32	png_00E2C4D6_32x32.png
d7485c08bb40fdef35047d11e9d2d06dfb94d0af	14863247	1106	16	16	png_00E2CB8F_16x16.png
af7c5e373198e34888036aaae88ce7d27b502e31	14864357	2133	32	32	png_00E2CFE5_32x32.png
c38ca443270addb4ba313e469d06f1969db070ff	14866494	1205	32	32	png_00E2D83E_32x32.png
20252a41390d9d55d018ada51da96ea117a03b70	14867703	1383	32	32	png_00E2DCF7_32x32.png
fdaa0df8212ffd3945285a45521308e4b88fbe9d	14869090	1046	16	16	png_00E2E262_16x16.png
a087d7193c0fd28c8cbd48edfc05d65d9405b9f0	14870140	1377	16	16	png_00E2E67C_16x16.png
4ecc529855aac0c373100172de33c0c25307a1da	14871521	1335	16	16	png_00E2EBE1_16x16.png
fd621a2370ddde6cd27684c62aa10eb6fde304d1	14872860	973	16	16	png_00E2F11C_16x16.png
be373b61762aa515a9fffd17a26a8fc3e9d60d88	14873837	1569	16	16	png_00E2F4ED_16x16.png
a553000bc4623e3c10f1caedf5c3ef29d53b6d5e	14875410	1122	32	32	png_00E2FB12_32x32.png
8b9264f0359be399f4c5288f1c8a684ed781b736	14876536	1004	32	32	png_00E2FF78_32x32.png
d7002049eb867a26f5d3a0bf84bba414022abe9b	14877544	982	32	32	png_00E30368_32x32.png
5adf5ffc2874184811613209d7897b327a84993b	14878530	1347	32	32	png_00E30742_32x32.png
fa2dbfe378392b3b608bbe4c1afbb1f593c74e6b	14879881	1098	16	16	png_00E30C89_16x16.png
9e6cd00ef758bdef968b2d11b1372a5c93a422ce	14880983	1087	16	16	png_00E310D7_16x16.png
a85f6130bd65df14b10484f118f58dddc9bae5c1	14882074	1324	32	32	png_00E3151A_32x32.png
f7b762cdd5e461774bee892593a58fff276924a3	14883402	968	16	16	png_00E31A4A_16x16.png
5d96b75c76ffd4f0fec325ac42e7d62449776b6a	14884374	1130	32	32	png_00E31E16_32x32.png
c5c1be90b536fbd72d8a985c08675c6a886a9f65	14885508	940	16	16	png_00E32284_16x16.png
05bcfcb8df0a2f6479ea3899b312d9e445c18ffe	14886452	998	32	32	png_00E32634_32x32.png
d2a59b3de74f3e36afb5a194824a060654c8c5b1	14887454	1027	16	16	png_00E32A1E_16x16.png
ddad982822667c2d7c19d67e3652132bc7a2f24f	14888485	1106	16	16	png_00E32E25_16x16.png
e36787ce49b9a4ffb1841e71da664361b8e45a48	14889595	973	16	16	png_00E3327B_16x16.png
220e7fdc81baf590cb31d6a8aed3f5d2c4ba79ff	14890572	984	32	32	png_00E3364C_32x32.png
f7f37944a0a40bd757d0f61e1646980ffda1d59a	14891560	1260	106	60	png_00E33A28_106x60.png
02e48d9060ec08e963d112bab682dc5123e0c236	14892824	1217	64	64	png_00E33F18_64x64.png
b931f001ac1b10dd5b9a07a3b4de9803f4bbe911	14894045	1372	32	32	png_00E343DD_32x32.png
5818f44c3f75445afc93daa6b679124d105dc27c	14895421	1224	32	32	png_00E3493D_32x32.png
3d8a74a026ca9deface652635f18ceba9fb01af9	14896649	1223	16	16	png_00E34E09_16x16.png
1fb50a3aead10da08ec34e82e3d5572f816baec6	14897876	1154	16	16	png_00E352D4_16x16.png
b1c35947d8499f9dbb9fa6e4ce905d147b6e3d37	14899034	1371	32	32	png_00E3575A_32x32.png
72d382ecad451e6d49c8e4ee09e7b8abc7189904	14900409	1057	16	16	png_00E35CB9_16x16.png
a35315b77d9f75be0939430e0ae8da8821e55746	14901470	1231	16	16	png_00E360DE_16x16.png
09309dbadac4034374e84246fe5601090e61c466	14902705	973	16	16	png_00E365B1_16x16.png
43bd036941685e3460b39a9ba79c12efbb24bc32	14903682	1129	32	32	png_00E36982_32x32.png
81823af3226d9961acfa8e268a45c5b16788b087	14904815	1791	460	232	png_00E36DEF_460x232.png
0d1cd1b36fa688b89997de729e9a3465ef64a030	14906610	1078	16	16	png_00E374F2_16x16.png
649707a6b79ef32f832e7a54fb731b831c11b0e2	14907692	1054	16	16	png_00E3792C_16x16.png
aa9cd119510730052b3066dafe58c5119cc6d143	14908750	1248	16	16	png_00E37D4E_16x16.png
4958bbf5a76ff82e910828c3cfb91a4d891c4146	14910002	1545	106	60	png_00E38232_106x60.png
63a3afc0036d4a9c4532ce1d1686d0f9488b535e	14911551	1301	32	32	png_00E3883F_32x32.png
837ee250c9778aa0d27cbfd01be861b604ac1c15	14912856	1293	230	116	png_00E38D58_230x116.png
c250e060366b464808b9ebf7631a1bccd87cac7e	14914153	1149	32	32	png_00E39269_32x32.png
62e968f0ff5fdbb8059b973f9af779773ba09872	14915306	986	32	32	png_00E396EA_32x32.png
4fb18dbb11118b09c6ae032158758400ee2d9bab	14916296	984	32	32	png_00E39AC8_32x32.png
966ff9c2fd75dd88708b99a88189f44935b31170	14917284	953	16	16	png_00E39EA4_16x16.png
e754042626b63896e834ee91b906bac20c9898f8	14918241	1146	32	32	png_00E3A261_32x32.png
9d9e09403ec3b1e42194b2a592c21f1ccf672cec	14919391	1118	16	16	png_00E3A6DF_16x16.png
7480dea8e49e6756ae0378529e78304c2bd50e63	14920513	1143	32	32	png_00E3AB41_32x32.png
95cd8f213c4b7d3d0fcc4abb683684aa8efa9ec1	14921660	1029	32	32	png_00E3AFBC_32x32.png
a1b3606b2e979e649642b45e490a00db8847456a	14922693	1030	16	16	png_00E3B3C5_16x16.png
3f50a48bfdeb611e7337c352e03ee5e526d6c8c4	14923727	1106	16	16	png_00E3B7CF_16x16.png
ebba3ff9de8f0a18fc958365d2205689808f9613	14924837	1217	16	16	png_00E3BC25_16x16.png
6227e29f6aadad106972cafb561fd808a6f8cc7a	14926058	1333	32	32	png_00E3C0EA_32x32.png
6050286824c17f1e51b6c86e014594af10dd4dd0	14927395	1093	16	16	png_00E3C623_16x16.png
8f0b2e937d6bf98c3a53f26c9d44d3549e839a71	14928492	1143	32	32	png_00E3CA6C_32x32.png
e97912e5e86b2762139285704a6452fa40e8db5d	14929639	1221	32	32	png_00E3CEE7_32x32.png
45c48e43a508b08a461bd447c1d92e63c7a44c17	14930864	1120	32	32	png_00E3D3B0_32x32.png
41b62e087596359ae4edb94b23484d7d69df940f	14931988	1004	32	32	png_00E3D814_32x32.png
c0f73169b73c1981e3cb5da77ce004ab6efdae76	14932996	1113	16	16	png_00E3DC04_16x16.png
cda27672564ff9b9cc8cf2171ac5f0f16f4b3664	14934113	1356	32	32	png_00E3E061_32x32.png
0b36f74aba07c95e4c88ad8cca5bb6d0499d1c32	14935473	1001	32	32	png_00E3E5B1_32x32.png
0e7769d637c3b8a12881ce3098b56e98333478ed	14936478	964	16	16	png_00E3E99E_16x16.png
54b903d0f61dfe4390722fc0de1ab677e0f9bb34	14937446	1199	32	32	png_00E3ED66_32x32.png
84301d748087ec87488888e413ab4c403ce50d12	14938649	960	16	16	png_00E3F219_16x16.png
ced8f905cfac3746bae9ec6c677f930e384a7152	14939613	1189	16	16	png_00E3F5DD_16x16.png
d6b5dfe28a13841dbd4c9c9fd4630254e66f0cf4	14940806	1123	16	16	png_00E3FA86_16x16.png
ae8d520ecd98b10569ef67bb2f10fa8fe57fc617	14941933	980	16	16	png_00E3FEED_16x16.png
29b0c59a623f8d6f1344844b9cc2cfc24789429d	14942917	1420	32	32	png_00E402C5_32x32.png
290bd4ed65e0fdafcdf3bd05fa5fb51dbdeee9ca	14944341	1283	16	16	png_00E40855_16x16.png
88a6c606691a1a9e27793bdf5db03aba11eb0b37	14945628	1419	32	32	png_00E40D5C_32x32.png
876a5bd6c59a14f44621e96d624b6e1033baea45	14947051	1170	16	16	png_00E412EB_16x16.png
d64b907c2f3fa57445f69723f80f8afd26ad0a73	14948225	1306	16	16	png_00E41781_16x16.png
cc1816095456357c8052380adba898358ec028e6	14949535	1164	32	32	png_00E41C9F_32x32.png
c8807ad4747b4a90b8335d240e17eadb3eebb1a0	14950703	962	16	16	png_00E4212F_16x16.png
230cd7ebe9de5c45e1b82aa037defa7e1ad0a7af	14951669	1265	32	32	png_00E424F5_32x32.png
57dd2eff945eb19160241866ff59e8a6d73f5a46	14952938	1091	32	32	png_00E429EA_32x32.png
a53319e3148b4fb116c81e626ed21e1a5956c8f0	14954033	1428	32	32	png_00E42E31_32x32.png
cc7ad9ffca18ac5bfccf0c791e1bff862806f0ea	14955465	1301	32	32	png_00E433C9_32x32.png
d4ebd745dfed0e8fc8a7898130f74f7d035edd67	14956770	1287	32	32	png_00E438E2_32x32.png
8609af5a0f4e8fe4f302e7e328e90652edce1cfe	14958061	1005	16	16	png_00E43DED_16x16.png
51da1e993d7d1d863426056baed7f62d7ed9e43d	14959070	1161	32	32	png_00E441DE_32x32.png
3fe30ad26758634be679f2f72c2f163d181d35d8	14960235	963	16	16	png_00E4466B_16x16.png
754dec5d41b14fc40e20880dcdf3e2dc225ff7b2	14961202	1162	128	64	png_00E44A32_128x64.png
a6c5819f48b5fde7ac737934288216ba117a2ded	14962368	1122	16	16	png_00E44EC0_16x16.png
a1a4a2919f64d6f89def71f61cbe09d869379340	14963494	968	16	16	png_00E45326_16x16.png
b63e31c30e23f919cf25ca4abfdc2e472ab256db	14964466	1068	16	16	png_00E456F2_16x16.png
0a483241b5233d3e7bda5ce85d4bb854d5556034	14965538	1329	64	64	png_00E45B22_64x64.png
a23321c118a24b7eb47833c0cb4a3347fa319b60	14966871	1145	16	16	png_00E46057_16x16.png
6705f12fff762c170929b6a2b6a390958a05f502	14968020	1200	16	16	png_00E464D4_16x16.png
d08a0b77c84284076fec85e9bfe44c65c87076be	14969224	1332	32	32	png_00E46988_32x32.png
811e1d05ce50e78d1d20846bb8bbb860ae13606b	14970560	1578	244	244	png_00E46EC0_244x244.png
6e3a385ff6e794b82e32a63ba8c7ed3d20f648fd	14972142	983	32	32	png_00E474EE_32x32.png
13ad65e09d3e9b8782b7ff300969a683a05a3fc3	14973129	1382	32	32	png_00E478C9_32x32.png
bb8391a3961a890738d33580a8d295f5e8e0bbc3	14974515	1185	16	16	png_00E47E33_16x16.png
d6e68434115d8278dfea3ef31a30f1a1bf1119f3	14975704	1108	32	32	png_00E482D8_32x32.png
46f726123dcd62d8bd4da1fed905702afc3fa19f	14976816	1123	16	16	png_00E48730_16x16.png
55546e6e53506aa7f4f7fe6753c1e132cf6e3a0e	14977943	1174	16	16	png_00E48B97_16x16.png
df607ecf849295fdc0c939542e33276d914d9903	14979121	1438	106	60	png_00E49031_106x60.png
51c17c035d74bdb844227d226aed167b975e858d	14980563	965	16	16	png_00E495D3_16x16.png
2471abf8f4892c24a931c53cd82e7db5a0cc2e8e	14981532	1013	16	16	png_00E4999C_16x16.png
5c671089a84ce44ecd26d07e509212ee6cc9f037	14982549	1212	16	16	png_00E49D95_16x16.png
871f674f70b5fdb5c39ecc56dc1ac0ef98253e68	14983765	1525	64	64	png_00E4A255_64x64.png
7efd0a31ad3b6f6ed219b8b1ccac9e06441199ed	14985294	984	32	32	png_00E4A84E_32x32.png
fe5967aa5a3e4e1a403fc2bdaa7f2fe8e8ea5596	14986282	1189	32	32	png_00E4AC2A_32x32.png
ccc3a9868427481c175081501c16ddbf07dd85ce	14987475	1183	32	32	png_00E4B0D3_32x32.png
1b7b7f4e26fd3cb5071477efcee78388f064b06f	14988662	1192	32	32	png_00E4B576_32x32.png
92b76b88df9d8d77e8271cb2ca37d6afc77bc468	14989858	1125	16	16	png_00E4BA22_16x16.png
eeabd672b276ca614277f3271ebb6e05e59f0d8c	14990987	977	16	16	png_00E4BE8B_16x16.png
21f0701a0f65adae2a4957ca1a87b97f2d3736ea	14991968	1207	32	32	png_00E4C260_32x32.png
2a0939f7fd07bf3afb2ebddba43fd108508ff2b5	14993179	963	16	16	png_00E4C71B_16x16.png
4f8268e8fcc00f6f961d8aaf60470209a309e4fe	14994146	1033	16	16	png_00E4CAE2_16x16.png
5f423477c95f5f5abcbc4bedc7ad8baa4e0990d0	14995183	967	16	16	png_00E4CEEF_16x16.png
ee1bd43936feb42a854a93843e81d7ff74deff08	14996154	1359	32	32	png_00E4D2BA_32x32.png
18d9b5614af9ab2a6507274fdca173c0115bb6d8	14997517	1027	32	32	png_00E4D80D_32x32.png
5026427fdf47cbe138096b91da3149d6451a4d13	14998548	1127	32	32	png_00E4DC14_32x32.png
32dbf11b49b00a6605dd72e5e720663278cc534f	14999679	1350	32	32	png_00E4E07F_32x32.png
3d0b852a9dce772416139f2c53c1c4d57385b37a	15001033	1540	64	64	png_00E4E5C9_64x64.png
5c00cd9d278c315f6392f88de429c02482b460f6	15002577	1014	32	32	png_00E4EBD1_32x32.png
6ad26bbb536da5207aa79a57dcce27bf9bd76034	15003595	2927	212	120	png_00E4EFCB_212x120.png
63b55047a1b63b5b4f6e170be080839e4ed92cae	15006526	993	32	32	png_00E4FB3E_32x32.png
901ace009af247b9fad19c19b4c5f2ed66b3d116	15007523	1228	32	32	png_00E4FF23_32x32.png
e095e921f1af86686d49006e1212ed3d2db08ecc	15008755	1021	16	16	png_00E503F3_16x16.png
c76104a798c60e9404c1ed5b97a6f3ea0a4d7ff8	15009780	1264	32	32	png_00E507F4_32x32.png
b41ca94120f593d930886796af4b19f9661adcd6	15011048	1347	16	16	png_00E50CE8_16x16.png
b0beebfbffccf47b6884c988a90b01a840b60cea	15012399	1467	32	32	png_00E5122F_32x32.png
6d007ceb76f8afda1075cd39a3dd12431dea63aa	15013870	1098	32	32	png_00E517EE_32x32.png
8422b68da8911fa14ebfb96d97716b495adeb37f	15014972	1072	32	32	png_00E51C3C_32x32.png
394ad04a153c2ee43b83f877df267fb06b7fca6c	15016048	1235	16	16	png_00E52070_16x16.png
fc8107d06a355deb761652151064307eeb17ba8b	15017287	1312	32	32	png_00E52547_32x32.png
a652bd78fd96dc36e943ac5a01be0182b047da18	15018603	1202	32	32	png_00E52A6B_32x32.png
57668d36b72a0c257a929b614d34576b86bab7d1	15019809	996	32	32	png_00E52F21_32x32.png
c62053c3ce6cb61d8ec4c5acb4ae82ef479dab40	15020809	1137	16	16	png_00E53309_16x16.png
628d0c61aca6a199f60f94b3e9556a0119cc9846	15021950	1280	32	32	png_00E5377E_32x32.png
be8ec89c5fb9863b2f16bd93e09db953bcd6cec1	15023234	1106	16	16	png_00E53C82_16x16.png
fa271a0016976dca4d5f9071147301928cfe325c	15024344	1258	64	128	png_00E540D8_64x128.png
a8d9f5d0500e0db08523143dd06550acc4ac71ce	15025606	1136	32	32	png_00E545C6_32x32.png
55238f5ee4bc5f6cd3b51d5f508d8ab660bfc40f	15026746	1203	16	16	png_00E54A3A_16x16.png
a14d2a7d94eefa430ea0fd25afd4a29bd58a6946	15027953	1578	244	244	png_00E54EF1_244x244.png
652be6d2c86d5f068b7a4a2151852ccd18635e54	15029535	1187	32	32	png_00E5551F_32x32.png
945669e71b7981f5b38e38b2772bb1a747619a17	15030726	1248	16	16	png_00E559C6_16x16.png
8df64fb85d75059792a83be1e2549cbf6f0f1f0b	15031978	1013	16	16	png_00E55EAA_16x16.png
0897e47bf9c330cd8b1cf14ed1e0a557db8e0745	15032995	1416	32	32	png_00E562A3_32x32.png
e26e506465fef0c9ee99181ad033265dd0b6420e	15034415	1258	32	32	png_00E5682F_32x32.png
fb632e53d378ca2553707228b7e456b1b09481e2	15035677	1197	16	16	png_00E56D1D_16x16.png
7eab5cf87a0dfab28584d1353da1eeba347ad375	15036878	1846	32	32	png_00E571CE_32x32.png
6dc9adffd4c5b7eb179730bc8b9b3ef79fbca585	15038728	982	16	16	png_00E57908_16x16.png
90a654300520a099c85e0ae52c8a30a03253bb82	15039714	1017	16	16	png_00E57CE2_16x16.png
f881d853b5ab3fe3418a0e6ddfee8ea40e60067e	15040735	1191	16	16	png_00E580DF_16x16.png
33a7b3e00bb1cd75300916edf50fda9dcd38cb51	15041930	1131	32	32	png_00E5858A_32x32.png
f3e580af10d10eea5486dcab06ba9fb359745f07	15043065	1312	32	32	png_00E589F9_32x32.png
12d38f68748a913497fc75c0494301bf80336ae1	15044381	982	16	16	png_00E58F1D_16x16.png
6666ef30e431613ba8d033da1e19413e8eaa67ce	15045367	1037	16	16	png_00E592F7_16x16.png
047b312e03441c7067cb6f252599110c4a607b24	15046408	1190	32	32	png_00E59708_32x32.png
761b5713f4e7ee3893dcda6042a58d14024dfa35	15047602	1131	32	32	png_00E59BB2_32x32.png
809d6d9e3c5eeb4b3de452d2a557453e105ceabb	15048737	963	16	16	png_00E5A021_16x16.png
fa3b820138a585331eef1bd16026efbb60694115	15049704	1059	32	32	png_00E5A3E8_32x32.png
7006c91dcfc592116aafc3120d1bf9ed9eb07804	15050767	982	16	16	png_00E5A80F_16x16.png
4d515eaf95bae280e980849b19341062ea975ba4	15051753	1008	32	32	png_00E5ABE9_32x32.png
7da3f7bebdefe2b4c8e33365619c3db69660d4d6	15052765	1053	16	16	png_00E5AFDD_16x16.png
4348484d16ca1006ba6970c02982052c92a7ea5a	15053822	991	16	16	png_00E5B3FE_16x16.png
e4651d57f5a67b4471111a74108442e5bc107e16	15054817	1402	32	32	png_00E5B7E1_32x32.png
f40b110b14110df424f16a219417bd8f2eab6d2a	15056223	1447	32	32	png_00E5BD5F_32x32.png
16e3602c6e24fd25bd9e1bb27dba729f5769cfda	15057674	1095	32	32	png_00E5C30A_32x32.png
cd30d19d29799495f584c5dc6fc309e6d325a147	15058773	1002	32	32	png_00E5C755_32x32.png
b383028fd4a7ce99a0aa000ec9fefb50989c5ce8	15059779	1180	32	32	png_00E5CB43_32x32.png
6c97e4f70f5ac78b2df1c10daa544f9eadea29ea	15060963	1102	16	16	png_00E5CFE3_16x16.png
6bb87e3505b4a8b6d6e8b1a717495f04e5a912e4	15062069	1225	16	16	png_00E5D435_16x16.png
c63b9676228c3ee4a0cadbb3be58182a71429942	15063298	1198	16	16	png_00E5D902_16x16.png
45d4d5969a804832b1807fb5e43897b1846fefde	15064500	1175	128	64	png_00E5DDB4_128x64.png
19aae6530b8513bfbb645dfc0ac6eaedbcc6aa8b	15065679	1127	16	16	png_00E5E24F_16x16.png
611dd51558b9ab77e47c360f14d67c09763aa104	15066810	1070	16	16	png_00E5E6BA_16x16.png
59a7ae409991297f901c14fcdf613adb5f31e3bb	15067884	1074	32	32	png_00E5EAEC_32x32.png
cbd69b03198894cb8d117b075753abe2ae6c9fd6	15068962	1374	32	32	png_00E5EF22_32x32.png
b3211c5bb54f42f5181482ab4bf2849e5ac86420	15070340	981	32	32	png_00E5F484_32x32.png
26685a1a618c561dc0b5f20745923be0b1ebebf9	15071325	1118	16	16	png_00E5F85D_16x16.png
0cba4bf28fd107e56de2db8c3827d24c9241fab3	15072447	1143	16	16	png_00E5FCBF_16x16.png
c03ddb51a24d2f5f549f2667289ace46d33c676c	15073594	1117	32	32	png_00E6013A_32x32.png
d18196b0b88dbfc29c0387f29d48f9e6080c416f	15074715	1053	16	16	png_00E6059B_16x16.png
aeea3718023744a7e1fc5409c958fb1967cfa79f	15075772	1190	16	16	png_00E609BC_16x16.png
ae5c5f3c98bae67d9c2605e2a8ed9c2529c9270e	15076966	969	16	16	png_00E60E66_16x16.png
c15f64b76b5c2f32d5f7dfe35a5a694f288abc82	15077939	719	32	32	png_00E61233_32x32.png
2fb0e8b55c6f760879773939e9911433bca9308b	15078662	1294	32	32	png_00E61506_32x32.png
6d37990c3b77c12810865c4a13aee86004a24576	15079960	1346	32	32	png_00E61A18_32x32.png
44baeea12a33c31461f482b84dc5b0244a0fb998	15081310	1695	64	64	png_00E61F5E_64x64.png
8258827942e00a7297c180cdab1b0d38aa05f6a5	15083009	1037	16	16	png_00E62601_16x16.png
6044786965eecbe093606756dda75a80d9369bd9	15084050	1245	32	32	png_00E62A12_32x32.png
3edeb1dba3d0cfba875a9d6bb09e3d14adb72654	15085299	1282	64	64	png_00E62EF3_64x64.png
5de61af79c9bd7b2260a0b52a51c0cf2ab3a9157	15086585	1211	64	64	png_00E633F9_64x64.png
01838ff9c0585dfa816ed2a471d68664d87ede7e	15087800	990	32	32	png_00E638B8_32x32.png
803ec5a30a14e9030237b538473719770af8c1bd	15088794	1074	16	16	png_00E63C9A_16x16.png
e94e2b7c368e2ea964ce758e830a1d1b4421843d	15089872	1460	32	32	png_00E640D0_32x32.png
f0c99b52ab7613a4a16ffb25cc971fb7ac0afad2	15091336	1376	32	32	png_00E64688_32x32.png
51bc3f6bcef64c43bc2071fb1017dc697d5f2f36	15092716	1016	32	32	png_00E64BEC_32x32.png
862afd7765817f3d018fc289fa6f13814a32d7d0	15093736	1165	32	32	png_00E64FE8_32x32.png
280f9248e92af01cb4cbabb576ee69686feb6e58	15094905	1138	32	32	png_00E65479_32x32.png
357cce2cdd9074259da81d2df1c692c8578391e1	15096047	999	32	32	png_00E658EF_32x32.png
fadccc25f0da807f4fa0c701ddf6994d0a65aed8	15097050	998	32	32	png_00E65CDA_32x32.png
f58c96b5cc3aadd14dfc6440387096f59f1067d2	15098052	1148	16	16	png_00E660C4_16x16.png
d63f5fbad5a951fc8c321a520c6f2314c5abea28	15099204	1149	16	16	png_00E66544_16x16.png
faec80ac48762ad413022e6a743ec4c941917115	15100357	1519	64	64	png_00E669C5_64x64.png
aacf448ccae4c56eee03d91693e5705ef0cfb222	15101880	1240	32	32	png_00E66FB8_32x32.png
4322b47206a4ccb22918a6d573a657a0bc6fca0e	15103124	1195	32	32	png_00E67494_32x32.png
cb16be1afa45e80048387d7d1383a5080804bb28	15104323	1132	16	16	png_00E67943_16x16.png
9d0bcd7a50c9ad0f3635efa779ddbcacff676cd4	15105459	1091	32	32	png_00E67DB3_32x32.png
416b2a753729b315ba0c74f10200c7a3e5cd9509	15106554	1024	16	16	png_00E681FA_16x16.png
1f2262b0d41e6b979c0bee40b46b3f6547c4bc47	15107582	1085	16	16	png_00E685FE_16x16.png
14462ebd2a47dcc6c0a4f35fe7af0bc797ecf3a7	15108671	954	16	16	png_00E68A3F_16x16.png
d497d33abf594c01936770a5481cdcfa168fe937	15109629	1034	16	16	png_00E68DFD_16x16.png
65e5fe707f3ddcbecffd3de7d0799f01e91b9ca9	15110667	987	32	32	png_00E6920B_32x32.png
ef662b0fdc0229579413a0298144d8b9d5468788	15111658	1046	32	32	png_00E695EA_32x32.png
39fc1b45dc9480545cd98fae74dcbd0a1596325b	15112708	1047	16	16	png_00E69A04_16x16.png
87d402c436af23439bb62af811923a1123b1c12c	15113759	1441	16	16	png_00E69E1F_16x16.png
b155fb959bbd31c072cce79b85122db3f860b621	15115204	1060	16	16	png_00E6A3C4_16x16.png
4c88ebe25a651eefcaa10c68f24427d022a0723e	15116268	1077	32	32	png_00E6A7EC_32x32.png
0a6d2488c03ff6d61479d311f17aac77ad3917ba	15117349	1159	16	16	png_00E6AC25_16x16.png
662119fa173c75134a100c80ae626b0a26a5e72c	15118512	1263	32	32	png_00E6B0B0_32x32.png
83996b66c37b063adeecca231e0054aa1a223e59	15119779	1467	32	32	png_00E6B5A3_32x32.png
00ef39cb6e1dfee5b0ab94ff177a1877d733ea5d	15121250	1317	16	16	png_00E6BB62_16x16.png
675c95a9b6b1fc85eae028c43ac2c11d035c6690	15122571	1595	128	128	png_00E6C08B_128x128.png
02a86553c353fb64d548261ce8c1dc4357baef47	15124170	1309	64	64	png_00E6C6CA_64x64.png
c7e681af3ffc58723f1f422463e913c57437036e	15125483	1777	64	64	png_00E6CBEB_64x64.png
a1012538059e8ca0b912c835c6482d2bb7c2d785	15127264	1304	32	32	png_00E6D2E0_32x32.png
536afc5849745e4a99dc2e637c366b5b3ba3af95	15128572	1252	32	32	png_00E6D7FC_32x32.png
45a13b0e6d6a47f5a3fad26e7cac8bf3e0cc99f5	15129828	1067	16	16	png_00E6DCE4_16x16.png
8d2890bcaff1f96d62aad5d7d81c39c746802be3	15130899	1051	16	16	png_00E6E113_16x16.png
e0d7d4516a16fb0433f60851ef32eb435b06c7a1	15131954	1202	32	32	png_00E6E532_32x32.png
57f13d2e40c00a189bd37b52f8bb01f69eedab11	15133160	1822	32	32	png_00E6E9E8_32x32.png
585e64766400c8ea3c949c09f2fd2a4ee35aca9a	15134986	2226	64	64	png_00E6F10A_64x64.png
e6c6b0d60ba1d6e37e03fa7f2d7f5ddf9d8d0949	15137216	982	32	32	png_00E6F9C0_32x32.png
803af20b5ae68363ee07f9d121c5ffaa3addeac1	15138202	1034	32	32	png_00E6FD9A_32x32.png
660f6540878f08ac1a0290225c36f38c161923e8	15139240	1118	16	16	png_00E701A8_16x16.png
9370843727c9c602a03263fc21f4b8657ba52a87	15140362	957	16	16	png_00E7060A_16x16.png
4281fc91de0c401a26a79851e7e167e148eee503	15141323	1042	32	32	png_00E709CB_32x32.png
13d5318cfb8c4b69844ff6dab0616e7d097bf9f9	15142369	1863	64	64	png_00E70DE1_64x64.png
fa46f582c78ff26d55eca5c1b8c043039be7c669	15144236	1293	32	32	png_00E7152C_32x32.png
6c6f118adc693e3f7fd4ffb6237da0e0f3777cdb	15145533	1179	32	32	png_00E71A3D_32x32.png
697edc717785bc3a677b6d870ae085060e8a8c61	15146716	1868	32	32	png_00E71EDC_32x32.png
3d120729309126c8b07a294b7087927bdf7e5c25	15148588	1207	16	16	png_00E7262C_16x16.png
60e35c414d37b9ae4673e752ddcab1cd8f2efca4	15149799	961	16	16	png_00E72AE7_16x16.png
31d2da398bad486a1cea76ab4d2446816e49b660	15150764	1037	16	16	png_00E72EAC_16x16.png
0f67c2a21b3d432dd7b1d9fb6185a2c6d7ae2de5	15151805	1409	32	32	png_00E732BD_32x32.png
a3b439b907335f082e08f57fdef69d0f9ba3d226	15153218	1189	16	16	png_00E73842_16x16.png
6caa50622c88be6188451be02c1ffa5358097025	15154411	1074	32	32	png_00E73CEB_32x32.png
253df29acba08f1c39ff5f59521fd76116829641	15155489	1073	16	16	png_00E74121_16x16.png
7c1e0f0115b1293b14efb657600090be1390d5fe	15156566	1000	16	16	png_00E74556_16x16.png
2b01810eca13ed0e17f0cb8a7bad957744f004a3	15157570	1425	32	32	png_00E74942_32x32.png
4941577bae57ae88e39f408e856ab242aac709e1	15158999	1272	32	32	png_00E74ED7_32x32.png
9f4b5e2cb28d37fd542ec8867572f42fa7dd28ee	15160275	1083	32	32	png_00E753D3_32x32.png
82f89cb60590e63e0d08daa4c3e855660a14721a	15161362	1137	16	16	png_00E75812_16x16.png
a3a23a714cc9284a07b0be32d47d8b5614f1aa36	15162503	1189	16	16	png_00E75C87_16x16.png
4f11554f1928185b8d7bf4aa06ba08c4c99ed9ea	15163696	1863	64	64	png_00E76130_64x64.png
e9d6c4fb9d3c25065ad2f1e301c0124ee825e867	15165563	1414	32	32	png_00E7687B_32x32.png
fd05bea903380c583d729a7e37aca9dd210079cf	15166981	965	16	16	png_00E76E05_16x16.png
c3a4be82923fd7e3a06f7c8b31165c6b24725fac	15167950	1496	32	32	png_00E771CE_32x32.png
1995ba6e6d609a15f536312e43ca1347886f4999	15169450	1230	32	32	png_00E777AA_32x32.png
d1f716f80ff7d6c6b2cec1360b281ffcdc7bf53d	15170684	1012	32	32	png_00E77C7C_32x32.png
13f9f03813e9fc7ae76716e88dfef752ed210f28	15171700	1065	32	32	png_00E78074_32x32.png
8bc103ca5bcbe47907325b1c18a2827d8824b8f4	15172769	1049	16	16	png_00E784A1_16x16.png
040efb6865e7968dda4c0f8bab06d5a3dbf41f55	15173822	1005	16	16	png_00E788BE_16x16.png
5a3b5c4a17c54d854c99e6fc16d52ccdf2c86f68	15174831	2128	212	120	png_00E78CAF_212x120.png
fd07c5813a1153d3917817f5c8e72eeb302fcb19	15176963	1117	32	32	png_00E79503_32x32.png
e6cb7406d63de0c7a0f17852797b98893e39ebe5	15178084	1087	32	32	png_00E79964_32x32.png
ed594c03f02bc32948e027e0f78dea901051690c	15179175	1318	32	32	png_00E79DA7_32x32.png
713aa8b9a0c1f1fa812cdd85ba8cb4168d7fc196	15180497	1197	16	16	png_00E7A2D1_16x16.png
c47d0b8c47d26838c66c7f95ca919f29754e6c10	15181698	1230	32	32	png_00E7A782_32x32.png
141c02ee7d6c603b7d4584df0b4b3249f6316cd2	15182932	1112	32	32	png_00E7AC54_32x32.png
94110d6ec2c4f9d856f372cf6ec03442b771dc5a	15184048	1280	212	120	png_00E7B0B0_212x120.png
36c87313e4a985c47fb556d1d516782a7aefd8da	15185332	1251	32	32	png_00E7B5B4_32x32.png
8a0c00898e0be0b92192058118f2c338bc8bc031	15186587	1042	16	16	png_00E7BA9B_16x16.png
f2b8f02b4744d82c6ec7bcf16d3a256f2b7b74ce	15187633	1402	32	32	png_00E7BEB1_32x32.png
9e83cb5215bcbc389d696d7d7db9612639621783	15189039	1053	16	16	png_00E7C42F_16x16.png
9c2d8b0a80928e9dcec304a869ec24bf8feb9f1e	15190096	1290	32	32	png_00E7C850_32x32.png
7697d7db64a32a4f81899dcac442fc78a403739a	15191390	1445	16	16	png_00E7CD5E_16x16.png
a26da4d32580fa7f448d39294d979bfe50517024	15192839	1314	32	32	png_00E7D307_32x32.png
b4665631ca1e1f97f3be89290fd396bb5cd3ca1b	15194157	1067	32	32	png_00E7D82D_32x32.png
9d5780fbb8ca2d116b141594366ad6895281860e	15195228	1308	32	32	png_00E7DC5C_32x32.png
8d23364d5157a3b5c7033f2a3134a6fe580aa776	15196540	1053	16	16	png_00E7E17C_16x16.png
b35a9b2d258f6d5a941d147a30d2f05c0d4a3def	15197597	986	32	32	png_00E7E59D_32x32.png
792493378e7b2fee4b1820d2c190d6b5764a3a12	15198587	1242	32	32	png_00E7E97B_32x32.png
ac9ca2ed977ae5c6aff07f7533d0fb9879fff464	15199833	1287	32	32	png_00E7EE59_32x32.png
fc59b69557514d03814c6539a9467dca9064a72e	15201124	1267	212	120	png_00E7F364_212x120.png
fe58ff55c8bb77ebe9523f4a92348c4587a5ce41	15202395	1058	16	16	png_00E7F85B_16x16.png
4751e7a20b867a495d4847375a0fbf1db3244aed	15203457	1214	32	32	png_00E7FC81_32x32.png
0768b9f70e137ffe1432b71e6461f32cd2e909da	15204675	1012	16	16	png_00E80143_16x16.png
c08dd306789f6d6e1b1f1c3c5a68d924b1484537	15205691	1125	32	32	png_00E8053B_32x32.png
5fadd96d7b6826041347adba6b8710a5c7b2ce9c	15206820	1022	16	16	png_00E809A4_16x16.png
f3d6236ac91aa02c81381a13c3a855eb9bff24e2	15207846	1099	16	16	png_00E80DA6_16x16.png
a14967a4d35c01ebe7d1cca817ed6b84aeda683c	15208949	990	32	32	png_00E811F5_32x32.png
e3d235e7551ecc2c18fa10fc432f86e881ea471a	15209943	1136	32	32	png_00E815D7_32x32.png
b00be94ca1463a275f8c4f58a149d47f223e1581	15211083	1139	32	32	png_00E81A4B_32x32.png
255d359c826301a530e951853faddf8ea0af63e2	15212226	1166	32	32	png_00E81EC2_32x32.png
c6e181adc6da87bacb87a169f19beac65e80ffe5	15213396	1068	16	16	png_00E82354_16x16.png
8da97efbe618342fb8015b4fea0f13d909737f36	15214468	1320	32	32	png_00E82784_32x32.png
5f2593953db70b20c5d9feb4dd3a57de42e0c3f6	15215792	1004	32	32	png_00E82CB0_32x32.png
62d02f81cc850ca918ae056f8fddc0ac75879543	15216800	1710	32	32	png_00E830A0_32x32.png
fbb2827df245a042da8327f68c6840c930e95a82	15218514	969	16	16	png_00E83752_16x16.png
24dc7bde0a5d5cd9e1790ec3e2b4b029a45025a3	15219487	1391	16	16	png_00E83B1F_16x16.png
f687a506bb83bef8e8a109741ee3fa0c93939b9c	15220882	954	16	16	png_00E84092_16x16.png
a191e4ee069b7d466a7259260a1c934dea01ea6a	15221840	984	32	32	png_00E84450_32x32.png
0bb814daceb1880472e9e03238f8de21b008088d	15222828	1070	16	16	png_00E8482C_16x16.png
cd38af4f887401fe48e71a4da1ad74f86efbefd0	15223902	1062	16	16	png_00E84C5E_16x16.png
5f48d66e89c881b85c488eb62f6bfb950999a265	15224968	1166	16	16	png_00E85088_16x16.png
37626cd55dd2a21ef04808dbc20d3d69a500cc66	15226138	1086	16	16	png_00E8551A_16x16.png
2c8766ea848200b52dd733c90cdae9a63fb0fce3	15227228	982	32	32	png_00E8595C_32x32.png
bb0260cae454b37a0f101f0eb3fa54ec4720dd95	15228214	1084	16	16	png_00E85D36_16x16.png
ea7f6fbecb061f08402da1fb5dfebb9f534958c0	15229302	985	32	32	png_00E86176_32x32.png
443ad5a267d4cfeb99d69413e551388c9be14f14	15230291	1974	32	32	png_00E86553_32x32.png
fe8403e81887a3a0b7543ee7a99830264e409e98	15232269	1282	64	64	png_00E86D0D_64x64.png
385de2c4782f186ef65abd2edd77089da4761b45	15233555	1166	16	16	png_00E87213_16x16.png
7e35f5c826b0b01e6007b55f901aa514d90fb5f1	15234725	1204	32	32	png_00E876A5_32x32.png
7d2009ae18aa6ac296c25ef2d7f4bf520a36dcf8	15235933	1198	16	16	png_00E87B5D_16x16.png
38c8ec5674da2d5cc0828276630e14e0fb904717	15237135	1217756	1240	795	png_00E8800F_1240x795.png
fe1f238e068757effe1dd8c1e58c3ef1b9a61236	16454895	1159	80	30	png_00FB14EF_80x30.png
18169891104f550f2184d0c9e8408a19b7355b3e	16456058	2050	64	64	png_00FB197A_64x64.png
00a2c67f35a2d65f5da4b50750daf79e7e7fb21f	16458112	1231	32	32	png_00FB2180_32x32.png
f55c7c88e0079ba13ef64ab32aa260c224d372dc	16459347	1746	106	60	png_00FB2653_106x60.png
b83a705f7f7ce68abb7f7257df22d4f5382f710f	16461097	987	32	32	png_00FB2D29_32x32.png
b650ab04105ec83d0f0a9327ff817fd921f87314	16462088	1041	16	16	png_00FB3108_16x16.png
b05f4f22aa0cdb8dde92c65cfc4acb98cf364b31	16463133	1373	32	32	png_00FB351D_32x32.png
e231cc3f023113762439e5add9d69e46988de0d4	16464510	974	16	16	png_00FB3A7E_16x16.png
b2df1b1a50de2554e8937cc390f890cacb472f28	16465488	1763	32	32	png_00FB3E50_32x32.png
73f398bd33464db946d57d80e3dede5bf840bb1a	16467255	1914	64	64	png_00FB4537_64x64.png
dbb2701f7aba22b74a3e741ecbdd3e0541ec0a0d	16469173	1017	16	16	png_00FB4CB5_16x16.png
1feed4abe5de458de668ba97c2b10c97f0b0ca06	16470194	982	32	32	png_00FB50B2_32x32.png
74acf4bfabcac2d8a60b1675e5bc95cf543e5acb	16471180	1080	32	32	png_00FB548C_32x32.png
feaacef166e5fb957917f71c96655c2ef74d5f77	16472264	1137	16	16	png_00FB58C8_16x16.png
5e68862b01347b7d33351b8e33cbf196721e2fa8	16473405	1051	32	32	png_00FB5D3D_32x32.png
9eeeff4a2d1877dd6e6a388fcf8a30c74d2a433c	16474460	1202	32	32	png_00FB615C_32x32.png
2ca9b2cad35eec6d0ab6c79bf9188cba9208b361	16475666	993	32	32	png_00FB6612_32x32.png
0e2c66a35ef8b633bcf39b4066df45f5e5deda64	16476663	1011	16	16	png_00FB69F7_16x16.png
b99db0c451affa488c162be3dfebb75608f1dbec	16477678	1395	32	32	png_00FB6DEE_32x32.png
e2e9fd59ab9a5bbe1fed30fdd4616cec9f8030ce	16479077	673	16	16	png_00FB7365_16x16.png
67874de6244cc90170d97a331cef113f9f1b22c0	16479754	1747	64	64	png_00FB760A_64x64.png
b6ddaf456624f44753d5730d1d530e8f0eebdbd0	16481505	968	16	16	png_00FB7CE1_16x16.png
f2b5bcf538e1f97831da529da609cfdc886a10f5	16482477	1063	16	16	png_00FB80AD_16x16.png
f4261338012ba4b45108343028f78ad9ff150221	16483544	997	32	32	png_00FB84D8_32x32.png
2c3097abdda839d9be56fa4058bef4abc35ad9be	16484545	1127	16	16	png_00FB88C1_16x16.png
6c1b0f1903626bdf748ff650ba68e58c7dc2624f	16485676	1182	16	16	png_00FB8D2C_16x16.png
95bf56668f3cf33a1109694e190da5f9d05fd1ba	16486862	1150	16	16	png_00FB91CE_16x16.png
d0ae1edb9230382a28b5f21e92a70656ff9abf06	16488016	1551	32	32	png_00FB9650_32x32.png
27b604b6df8dc1e4906dd18752f26faede08ed31	16489571	1423	64	64	png_00FB9C63_64x64.png
ac9f6e6b31ebdfe67a69e81086f6a61697752819	16490998	1085	32	32	png_00FBA1F6_32x32.png
253a0c461b0241b584aab02d1fe03738d9199518	16492087	1159	16	16	png_00FBA637_16x16.png
dbe074f1237e4ae65dcdce6ca7a36da5e7f057c9	16493250	1086	32	32	png_00FBAAC2_32x32.png
6c0222552b2de523a46423e49bb88bbda9b19d6f	16494340	977	16	16	png_00FBAF04_16x16.png
1a51dd39b90812f7389bb10e858d6bd7ca91cbdf	16495321	1320	64	64	png_00FBB2D9_64x64.png
64585941e65d218c1d333ecd425278e51cda58ef	16496645	1311	32	32	png_00FBB805_32x32.png
3c81a1f1057322190194b600b401273d8aba48de	16497960	1986	212	120	png_00FBBD28_212x120.png
cd2f77e508845b4a9d551df5bdf7f6fbab3ad50c	16499950	963	16	16	png_00FBC4EE_16x16.png
933f82b26ffad55c29bc77d4a407a1b262201792	16500917	953	16	16	png_00FBC8B5_16x16.png
e28b243cd7eec93cb19f50b713ae4988fcf493d2	16501874	968	16	16	png_00FBCC72_16x16.png
6fcffee0432f2fd2e836e9ed594820a45a1313d2	16502846	1215	32	32	png_00FBD03E_32x32.png
21c1b0b72c918e0957e62066704fcebeba8dea82	16504065	1038	16	16	png_00FBD501_16x16.png
31fb579f0d7c3300f5228dffa2e48a5ee3dde88b	16505107	1058	16	16	png_00FBD913_16x16.png
20d83f90a6464983b040112007f42b8ee815e1af	16506169	1414	32	32	png_00FBDD39_32x32.png
03001fdc6ac34e6f76c416ba5fd25648c02a3218	16507587	1173	32	32	png_00FBE2C3_32x32.png
bef619a68f4539e36b3734b3132267b714901e61	16508764	976	16	16	png_00FBE75C_16x16.png
91e8167254d9bf60fc8c4ac17b50780fa647d24f	16509744	1037	16	16	png_00FBEB30_16x16.png
800e3d493cf551cf74d5ea2c4f5f55e87b4ada93	16510785	1187	32	32	png_00FBEF41_32x32.png
e678fb043f0cd4e629e84b8f65223cf147464012	16511976	1113	106	60	png_00FBF3E8_106x60.png
c49e8f33bf16508329e8723c4621ca314b4e5bb4	16513093	982	32	32	png_00FBF845_32x32.png
54607ce9d194e9a9d6f3beb36288839562262bd4	16514079	1039	32	32	png_00FBFC1F_32x32.png
2566101ee3e299b9bc8f4265ed023b5eda09944b	16515122	960	16	16	png_00FC0032_16x16.png
ce973ef1bab116f04418ce2206d76fa183f8989c	16516086	1561	64	64	png_00FC03F6_64x64.png
ad671428852aeba05718684772a7746c4043ab8e	16517651	1480	32	32	png_00FC0A13_32x32.png
a37ae1a0f8b4c94a59707785f33e89c482dbefb3	16519135	1050	16	16	png_00FC0FDF_16x16.png
2df60ba1e7f580f27a508165caa2e7cf8a9f3f4a	16520189	1300	16	16	png_00FC13FD_16x16.png
8a2c883d1b17d7180b0b6143a879a9d2c3a83352	16521493	978	32	32	png_00FC1915_32x32.png
97fff81b9d77bb32837c1a092dd31bd1debaa323	16522475	1035	16	16	png_00FC1CEB_16x16.png
fafa5d2d699f12f175750f61dc88d409cf53ebd8	16523514	1347	32	32	png_00FC20FA_32x32.png
b460e0abc6fcfb60a2c8e2df355b7c1ec6fd1b7d	16524865	1207	32	32	png_00FC2641_32x32.png
885a19112701bab3b225f2e3e716f8b74eccee9e	16526076	1042	16	16	png_00FC2AFC_16x16.png
50db358b9da0a0565d28b39eaa5ca20d98e67aad	16527122	977	16	16	png_00FC2F12_16x16.png
b3f744fabb608d1bc62e6cc1444cc06e9432eff7	16528103	1172	16	16	png_00FC32E7_16x16.png
3b9b5ae0d95042bb3172306bb7628b79103ed16f	16529279	1230	16	16	png_00FC377F_16x16.png
5c36c0610cdcb1d28c11f8eae377a160d58f8100	16530513	1313	64	64	png_00FC3C51_64x64.png
c8c36820d6cb90355e498cd8361b826822dafb06	16531830	1158	16	16	png_00FC4176_16x16.png
c26955816fb4f78fea4f4cc50dc960fa62fc305e	16532992	1637	64	64	png_00FC4600_64x64.png
74eca2002abce210255ff0f817cb6d3202545139	16534633	1224	16	16	png_00FC4C69_16x16.png
766f4b9d44f86c100c931dbc7840050f180adc91	16535861	996	16	16	png_00FC5135_16x16.png
5a02d41a85d638b3ad368a33b79e2876ecaeeaf2	16536861	1342	32	32	png_00FC551D_32x32.png
51973d677db78010f679b324a288ac6d71d6ec31	16538207	1265	32	32	png_00FC5A5F_32x32.png
7b32c357c8ebd36328d054dd3cd128ad7dedecb9	16539476	1029	32	32	png_00FC5F54_32x32.png
c5cf64d98d86e9b7ed8555bb4af1bd152e541052	16540509	1076	32	32	png_00FC635D_32x32.png
52d230d2da4afc8f4bf2e026d7bd6f48264db3dd	16541589	1011	16	16	png_00FC6795_16x16.png
330e8a434dcd9dbf58bd06f508758673548eac6a	16542604	1187	64	64	png_00FC6B8C_64x64.png
22b26a1ff94aec8d33b56db8e953b287ac831e04	16543795	993	32	32	png_00FC7033_32x32.png
feb6ba5a2ccdf436e3f72e0a76439f22a08a3967	16544792	1074	32	64	png_00FC7418_32x64.png
d0023a0ca6216b32f3d87c6c03e187fdcc5ab6b3	16545870	980	32	32	png_00FC784E_32x32.png
40d54722186b518bc213c8960e3b4d465a3fcfe4	16546854	1273	230	116	png_00FC7C26_230x116.png
1d56889eae8c58bffd379b153632cad9157af1c7	16548131	1394	32	32	png_00FC8123_32x32.png
5622f571e41a9f42dc5fcb0930bfeaf5a1de28dc	16549529	1159	16	16	png_00FC8699_16x16.png
86feae62187f7af600d5eb23d2149ae9343e89eb	16550692	1198	32	32	png_00FC8B24_32x32.png
212b28e20e11a38b40d445325a3f29843275f970	16551894	1141	32	32	png_00FC8FD6_32x32.png
4c6449081168ae6124dc0e314d792d909c27d06f	16553039	1009	16	16	png_00FC944F_16x16.png
55bdd3c5e48d8f6415ebba45d57535043f2eac05	16554052	1269	32	32	png_00FC9844_32x32.png
302c7daf4cccb2812d520b80d951d59c36a32f31	16555325	206	16	16	png_00FC9D3D_16x16.png
327a209fda195193b54c9c0a9912b26593581ff9	16555535	1305	16	16	png_00FC9E0F_16x16.png
538eeefa2c1bfc809774cf7c2c6c3d995780ea4b	16556844	998	32	32	png_00FCA32C_32x32.png
a8ae13b6e2998a0e94276800fd5457274f5c1298	16557846	1096	32	32	png_00FCA716_32x32.png
778d394cd31c72e2954811e9ae0366d0fa952a21	16558946	1139	32	32	png_00FCAB62_32x32.png
8329d6576102cc47fd1cc660549aa7301e9715b5	16560089	1132	32	32	png_00FCAFD9_32x32.png
ea2d510809c3b02afe64f7f3db83cdc25789432e	16561225	1353	32	32	png_00FCB449_32x32.png
b3963e6cf1827998d2a41352bdce6c42c5a810bb	16562582	1135	16	16	png_00FCB996_16x16.png
1b302197fc7245fce842521df79b0444972a60b7	16563721	1261	32	32	png_00FCBE09_32x32.png
b894635a4a19c180f4e5688c07a3caca298ea966	16564986	1136	16	16	png_00FCC2FA_16x16.png
d714f643ba077762b18bb7488d4da58b5ebea636	16566126	1145	16	16	png_00FCC76E_16x16.png
0de37ef505bf7f6d2cf5542f8a0c105bb7b68663	16567275	1195	32	32	png_00FCCBEB_32x32.png
429cca38be54314102d2c652e3f6357c46cb3cbb	16568474	1263	32	32	png_00FCD09A_32x32.png
d3298555d531123b8e03e9a63f48fb4215f2dac1	16569741	1441	16	16	png_00FCD58D_16x16.png
e3a2f0f215a424b862494f1e55f2ecb695772278	16571186	978	16	16	png_00FCDB32_16x16.png
24695f3ae3e8512c7915d43f617feb0a8cf9e65a	16572168	1134	32	32	png_00FCDF08_32x32.png
2bf4067d23da0c8d01732361a1d63c6a6837500c	16573306	1146	16	16	png_00FCE37A_16x16.png
ee52ea6cc2a745746884b552b7794409536474ef	16574456	961	16	16	png_00FCE7F8_16x16.png
5954fb3b65954e4280db99e24bb2e447abd9bf1c	16575421	1152	16	16	png_00FCEBBD_16x16.png
6d20b7262029a98c0c58613ca08e2b6385d96607	16576577	1167	16	16	png_00FCF041_16x16.png
f7c1dc8fe7713c3ab4b77459f24d69b11a0db605	16577748	969	16	16	png_00FCF4D4_16x16.png
c126e5958c279d068755d8fd8e6aa9a775d9cb68	16578721	1040	16	16	png_00FCF8A1_16x16.png
a62e6ef33b7fd31f96c7fc70ae6f3753270a9faa	16579765	983	16	16	png_00FCFCB5_16x16.png
c6953ee4c64de50bd273543033884be4ee5cccf2	16580752	1370	32	32	png_00FD0090_32x32.png
9c5528d3803ef293133f88996146996de7434f5d	16582126	1465	32	32	png_00FD05EE_32x32.png
8468e430011994f12c6f1274263adf6f3b188d5f	16583595	1211	16	16	png_00FD0BAB_16x16.png
0171b6f3fcfd64760addf66bebbc4f2aee23e613	16584810	1584	32	32	png_00FD106A_32x32.png
b9a6549c982a396e9c794ce2607fdaf936fb4d08	16586398	1136	32	32	png_00FD169E_32x32.png
299a3dc9efa3254e2a2b0f26999e7ada409b99f3	16587538	1248	16	16	png_00FD1B12_16x16.png
aaea1c3d47aee61bfada0eaa30f49da6c4c6d9d2	16588790	1046	32	32	png_00FD1FF6_32x32.png
7f4292174ba6681b966374aca43b69a31f05657a	16589840	1007	32	32	png_00FD2410_32x32.png
795ed8971167e31a05c848df1b2e315b9c9203ef	16590851	2944	128	128	png_00FD2803_128x128.png
2e26a23092e4be8714583983ade11189302954b7	16593799	1222	16	16	png_00FD3387_16x16.png
0d665d2812f759ad95ea4b434c02d6ef0268ef1b	16595025	1069	32	32	png_00FD3851_32x32.png
0d5c856b8cc5597169050e57e1aff5e90896cbb1	16596098	1132	32	32	png_00FD3C82_32x32.png
7c98858ca3ae83f2d58eed0073830af6bd77a178	16597234	1364	32	32	png_00FD40F2_32x32.png
2c2511b41e7afb5124d0347cde307fe970d69771	16598602	1046	40	15	png_00FD464A_40x15.png
76357ab24c57fbd120b041c63522ff06d1256597	16599652	1110	16	16	png_00FD4A64_16x16.png
95b3c66c1b6e68d229a01716fcdccabcbf0af9ec	16600766	1062	16	16	png_00FD4EBE_16x16.png
b9a3e49c8d510b116c460c557a2a7b337738c84c	16601832	985	16	16	png_00FD52E8_16x16.png
4da3ff91b0866620bc997c75f522a7dd96bd1472	16602821	1160	32	32	png_00FD56C5_32x32.png
44f88dac09f63792e4df11280160f702c2028a65	16603985	1352	32	32	png_00FD5B51_32x32.png
cbe317bb655744c9bf4adb50764b70dbe2891a26	16605341	984	32	32	png_00FD609D_32x32.png
f0cd0bca99e9b12d49b3d45f96bdad9bca084245	16606329	989	32	32	png_00FD6479_32x32.png
b3fbe69dbe46755846c873138bf68737f1d87ff3	16607322	987	32	32	png_00FD685A_32x32.png
f3dde006bbf89a4ae7b9613d8ccbf6ee1dd31af3	16608313	1094	32	32	png_00FD6C39_32x32.png
61a6059cb61833a27b990832b687d0418e07fbf3	16609411	1077	32	32	png_00FD7083_32x32.png
c5838d2fc7e10b963a07256064f4e47abe91de40	16610492	1127	16	16	png_00FD74BC_16x16.png
d0a8a3eeb6122d54b6abf2b6158a873e47e88373	16611623	1361	16	16	png_00FD7927_16x16.png
d7331073fa6c42524079ff06e7d1cfca7ba885cc	16612988	1235	32	32	png_00FD7E7C_32x32.png
f72eeba7044395498bcd75d8a22697bf35baaad3	16614227	5303	412	64	png_00FD8353_412x64.png
07a58dcfda969770c372d4d64a7b57386af6d892	16619534	1300	32	32	png_00FD980E_32x32.png
7700b751fb6701efbddcd1b717b561b67a6d3cf9	16620838	991	32	32	png_00FD9D26_32x32.png
cb27621ba491d6b8a4b67d59af5c39a7a88d96e7	16621833	1592	32	32	png_00FDA109_32x32.png
411dc2593229aaca54bacc5f644bd2deae84788f	16623429	1131	32	32	png_00FDA745_32x32.png
e63b5ebedbe9c6b69f1364e45dc80ea66f83edbf	16624564	1314	32	32	png_00FDABB4_32x32.png
f207b45bf6a070b8bd7976250df41848739ae507	16625882	1023	32	32	png_00FDB0DA_32x32.png
9fc4878bb9444cadeaf6526f3c8c0fd293d41159	16626909	1286	32	32	png_00FDB4DD_32x32.png
b5cb9dd026b62572bd9202b9fe459bd607e33eee	16628199	1003	32	32	png_00FDB9E7_32x32.png
2592eb68c3b2b7a3fa0b20cfb9036f48d2f3ded4	16629206	1053	32	32	png_00FDBDD6_32x32.png
2272533ed3814af664e5b6ff120b0f3a4f3be9b0	16630263	1025	16	16	png_00FDC1F7_16x16.png
b5a8d7ec9f420e6b59422d8ed9771d687fd3ae73	16631292	1100	16	16	png_00FDC5FC_16x16.png
6c94d48f163cd947afa8b89403eba1ce6fb9d513	16632396	1231	16	16	png_00FDCA4C_16x16.png
aee1aac45bf943abfe237397fcc6e1c92e832123	16633631	1153	32	32	png_00FDCF1F_32x32.png
1cabde284c3dc79ffb2ac1d0100765fafe25bcc0	16634788	1092	40	15	png_00FDD3A4_40x15.png
cbca6487caf4f96cc9462d697973910ae33e99dc	16635884	1137	32	32	png_00FDD7EC_32x32.png
3e9964418fde97d7531c6c7322010e6617c73a70	16637025	1065	16	16	png_00FDDC61_16x16.png
3761870cbf079e865badea48fdb188f9d0df47a7	16638094	1038	16	16	png_00FDE08E_16x16.png
220ab0ceb6b4f8d279b7dc7a807d9a282d49ca62	16639136	1092	32	32	png_00FDE4A0_32x32.png
26778ca915059a67da1a2e650c7f7881dd166171	16640232	977	16	16	png_00FDE8E8_16x16.png
bfed6ad50006947903887f8e79257a2234b13f9d	16641213	1056	16	16	png_00FDECBD_16x16.png
6dae28d7748723c1c8d3470cb13619d68578b092	16642273	989	16	16	png_00FDF0E1_16x16.png
9bb24bb9596bb6981fbfd692b7cf0f5232ae8c7d	16643266	945	10	10	png_00FDF4C2_10x10.png
b32215181d6fe8cac800c751adfb0e695af4015b	16644215	1485	212	120	png_00FDF877_212x120.png
bce8c900134ab52367246a4add7bc981b083f918	16645704	1151	16	16	png_00FDFE48_16x16.png
4b7117da9b6bf3b66cc7c2dd579a62545461bad9	16646859	1102	32	32	png_00FE02CB_32x32.png
ea0d9933d5abce0f7df875cb487ab890e51dfb60	16647965	1715	64	64	png_00FE071D_64x64.png
2e0db301bbd913e8d93fc9f6cc4d12d4db6fb98b	16649684	1041	16	16	png_00FE0DD4_16x16.png
f8806c81c87e1b76724d3c4ebda370ccf0401ec4	16650729	1158	32	32	png_00FE11E9_32x32.png
dfdd9239b301093ded41626622010e9ee2baba19	16651891	1158	16	16	png_00FE1673_16x16.png
2bae7967ed9604fd1a81937c11e4a0960ce19d10	16653053	1315	32	32	png_00FE1AFD_32x32.png
78383b65aca62472edab0d1d63fa98c22d6bc336	16654372	1467	32	32	png_00FE2024_32x32.png
9005f9a313ca09471283c7e2fe255dd434240123	16655843	998	32	32	png_00FE25E3_32x32.png
911dd7ac731239dc17d030c83b3edb2fdd0b0f5e	16656845	1096	32	32	png_00FE29CD_32x32.png
9ddd863b999697c8ed07be3459dca487e048d1fc	16657945	1150	16	16	png_00FE2E19_16x16.png
fe728b9aae667ddd68167435a4d97bc3f40b0635	16659099	1117	32	32	png_00FE329B_32x32.png
3e2d733081b6c6903715177ecc2e6e214cc078e7	16660220	1077	32	32	png_00FE36FC_32x32.png
c6a5b79f062eb91359c4c761bfd211ba8efcdd20	16661301	1035	16	16	png_00FE3B35_16x16.png
a3000b0fecd029174ebbe241fcd7f5cbc35cb95c	16662340	1131	32	32	png_00FE3F44_32x32.png
70be30125c9430576c76abff32f885faa12ee305	16663475	992	16	16	png_00FE43B3_16x16.png
742ff6b8f3986be7ae0b0b4f1367f7c1b50437b9	16664471	1013	16	16	png_00FE4797_16x16.png
9ff7fe168db6633e257785ffeeab05109a10e413	16665488	1042	16	16	png_00FE4B90_16x16.png
555059c83e879ba40e707a2e7af60a9780b2f85c	16666534	1123	16	16	png_00FE4FA6_16x16.png
6e8d838fc537b2c57c2e05a2d69d52fac098fae4	16667661	1013	16	16	png_00FE540D_16x16.png
0a1a3a21a188a0c1803021d6b978bbefabb00191	16668678	1043	32	32	png_00FE5806_32x32.png
5f111a8037052ed9f7e587727947ce13503f7a66	16669725	1463	32	32	png_00FE5C1D_32x32.png
3bd2912c212b32bf1c06cfa2a49fb55ac7c6b0a8	16671192	940	16	16	png_00FE61D8_16x16.png
77518b1e5b8641e5269f64e6b86304b545edad82	16672136	1324	32	32	png_00FE6588_32x32.png
968e91ccb6734764252651ae1e0063ab8771ed00	16673464	1107	16	16	png_00FE6AB8_16x16.png
0a352a88bab46ca933dd43d9ef150ad610f6a092	16674575	984	16	16	png_00FE6F0F_16x16.png
0028b647558cff9409acb54b6c91ffcabb07139f	16675563	1162	32	32	png_00FE72EB_32x32.png
0348327b30ec03620a792bf418e34059eec68f77	16676729	1211	64	64	png_00FE7779_64x64.png
5e368ebd7ad511be7fa226b9d7bfb0b9787bbc74	16677944	1108	16	16	png_00FE7C38_16x16.png
840b6b8528b2b971107d6a0d1cc9394809cdf31a	16679056	1185	32	32	png_00FE8090_32x32.png
d5b66d0be5d2d0707018921472304bd465278b0f	16680245	1439	32	32	png_00FE8535_32x32.png
66f29efaadd635a4a821f3a19599bd1b1345f373	16681688	1077	16	16	png_00FE8AD8_16x16.png
22d7aaa25554610f106994a7573fdab4a986191f	16682769	961	16	16	png_00FE8F11_16x16.png
236d1ae0eb44072e49e75dcfd80a900a88ca5006	16683734	978	32	32	png_00FE92D6_32x32.png
71fc753972bf27f482ddb6a882c6e9f9c0fc15e5	16684716	1944	32	32	png_00FE96AC_32x32.png
38e4c329a1c56738c6af7f6c0af2284ac7ad190f	16686664	1037	16	16	png_00FE9E48_16x16.png
c1a208d2f3dc55bb9446aef9909b23ec633f70dd	16687705	1029	32	32	png_00FEA259_32x32.png
51c7dd046a7f80b156962e87798256039228955b	16688738	950	10	10	png_00FEA662_10x10.png
6fc5b0689a0ad797a80092ea748fb55e9336ae39	16689692	978	16	16	png_00FEAA1C_16x16.png
b5fb76a053b65ca3a9c21efd878096be87c85f28	16690674	1348	32	32	png_00FEADF2_32x32.png
35a141102d17a113f5a918621bb4268c8b64fc40	16692026	969	16	16	png_00FEB33A_16x16.png
971209e493ab0a5b3e6005db6a2bb6e48b8ab8d9	16692999	1266	32	32	png_00FEB707_32x32.png
20868db5b95933d3acf3846b8ba9c57fbdb7cddd	16694269	1018	16	16	png_00FEBBFD_16x16.png
8eaa27be83161511a4fb17de708f2843265cc6b8	16695291	1360	32	32	png_00FEBFFB_32x32.png
c9c1df021c598ecec6def99fdf2a1abcbd3b241f	16696655	1306	16	16	png_00FEC54F_16x16.png
16eb5113ecd02837ce682a6fd7760fdfd63c7fad	16697965	1650	32	32	png_00FECA6D_32x32.png
0038fadba38f935c3c6c0aef2c3fbcdc8dc19af9	16699619	1132	16	16	png_00FED0E3_16x16.png
5685ff78a98cd7915c7bc34467945f91a82ab472	16700755	1144	16	16	png_00FED553_16x16.png
c202fd1e405b05155c94f438f512f2789159cc08	16701903	1025	32	32	png_00FED9CF_32x32.png
431d8453891cb70a9426f7a752b3dfbf5344b73a	16702932	1206	32	32	png_00FEDDD4_32x32.png
b34181ac238325c0a7a3ab73a3ea30a6309e7d84	16704142	1056	16	16	png_00FEE28E_16x16.png
955a042fc5c3a8d6e953b6646045e3686c1782f8	16705202	1125	16	16	png_00FEE6B2_16x16.png
98afb151c3de05cc824999f68aa629e1320aaf83	16706331	1002	32	32	png_00FEEB1B_32x32.png
93db7555ccec9f0d51ced0a49862dc96bff853e1	16707337	1241	16	16	png_00FEEF09_16x16.png
831bc44eb35486031f594db7d1d90ee18306e4c8	16708582	1000	16	16	png_00FEF3E6_16x16.png
e9c4f47e6f5e281e149051b5c88105df094973e1	16709586	990	32	32	png_00FEF7D2_32x32.png
af0489f591574a77b303a5f33263d7a926e1397e	16710580	1239	16	16	png_00FEFBB4_16x16.png
925ee6c6e0046cffe285638685e833c9c861af53	16711823	1023	32	32	png_00FF008F_32x32.png
fe5e48a61780958ff1fda47810595c4a7b85b6c4	16712850	975	32	32	png_00FF0492_32x32.png
e7e7f7724bcbde299d723737fcbf93660d4b99ae	16713829	1125	32	32	png_00FF0865_32x32.png
db17e61bf1ed26fc0aef9d6cf0b5b210ccfe05d3	16714958	1665	64	64	png_00FF0CCE_64x64.png
a570c1f7df033b7c197eacb9a401f21b9d18c63b	16716627	1699	32	32	png_00FF1353_32x32.png
154be73e5b22107450f2e937b28e4f5850a85c00	16718330	1070	32	32	png_00FF19FA_32x32.png
914c074f01c85b085179be8db2be138595cb0c40	16719404	1356	32	32	png_00FF1E2C_32x32.png
09c8716afb789098d616ad9a387a6cd65bc157c5	16720764	1199	32	32	png_00FF237C_32x32.png
408647a05daa402001ed2de1fb780ed0d7936af4	16721967	1073	16	16	png_00FF282F_16x16.png
f8c52c9f31b3e2758e78d92ea6c6a08cdb307117	16723044	1199	32	32	png_00FF2C64_32x32.png
1c488670a93d509a3cd5950c0cef73472957f3f1	16724247	1297	32	32	png_00FF3117_32x32.png
9663cc87d4b28e723e9bb29884fea305966b86ed	16725548	1092	16	16	png_00FF362C_16x16.png
75f4cc0962449a6c4728a978fa9812c4acc8b966	16726644	950	10	10	png_00FF3A74_10x10.png
258085db922b8d058f2fa94e311707ab6c708ca3	16727598	1097	32	32	png_00FF3E2E_32x32.png
62f0df3e9e7c7b81be55d7d7fe26f8be90c7e77e	16728699	1569	64	64	png_00FF427B_64x64.png
71d8131a7e3830147e248855a80ad12986de037b	16730272	968	16	16	png_00FF48A0_16x16.png
24431da09c357d2002d021c7816818b850b42b60	16731244	1068	16	16	png_00FF4C6C_16x16.png
017aea2440d9f9b205e2034ac1c90d0a937e659f	16732316	1052	16	16	png_00FF509C_16x16.png
e3b54a009383727e0309f1c9d51016ee50a04c90	16733372	1361	64	64	png_00FF54BC_64x64.png
bd5794653789ceed7763e1f3a361242c1d73ab2c	16734737	965	16	16	png_00FF5A11_16x16.png
35f8f4eb739c04813add669b5821cf761a3bdce1	16735706	1202	32	32	png_00FF5DDA_32x32.png
f68053cd01296352e15468c27e651ebb3823c7f6	16736912	1033	16	16	png_00FF6290_16x16.png
e434d52bba2497b474f8771c6cc94833b5ceb823	16737949	1054	32	32	png_00FF669D_32x32.png
d74f8cd59313f1ba1ec951318bdf522387c61d96	16739007	1187	16	16	png_00FF6ABF_16x16.png
2973dbc363cb04a6328107eb3f28dda6da023aed	16740198	1419	32	32	png_00FF6F66_32x32.png
2dd37179d6f8a7391599b18c23706a961e7ffd57	16741621	983	16	16	png_00FF74F5_16x16.png
eb1c596795018190850517158c18ea0f5ce9f3b3	16742608	1041	16	16	png_00FF78D0_16x16.png
485c6413b66aac14ed514ea171aaa15cae905af7	16743653	1479	32	32	png_00FF7CE5_32x32.png
3d55096de516410b29f281f7dba525d7caedb011	16745136	1241	16	16	png_00FF82B0_16x16.png
f9fa9cecc5608f67f7bf0e6862c842947fea4e12	16746381	1298	32	32	png_00FF878D_32x32.png
272d907322c39f218b451157620b6d0eae9df368	16747683	1135	32	32	png_00FF8CA3_32x32.png
c0e173db05227efa6cf1c04e0cf90501baddff38	16748822	1295	16	16	png_00FF9116_16x16.png
fdc7fd3d19d49da6cbfa5f89a037134115fa4142	16750121	1177	32	32	png_00FF9629_32x32.png
0ef03bf408fd005bedb548dbb5c8e19d8b087858	16751302	1222	16	16	png_00FF9AC6_16x16.png
a40476beade32bdc157ac5e687dd6cf435c7bd17	16752528	1359	32	32	png_00FF9F90_32x32.png
76099f4914bd075872c3d0d9fbef56558382e4ae	16753891	1012	16	16	png_00FFA4E3_16x16.png
bcc8ed65a221adda67fb0e68e30e198e4ce38960	16754907	1822	32	32	png_00FFA8DB_32x32.png
a12a633f4ab907493a03c35c3086f6f448a40803	16756733	1002	32	32	png_00FFAFFD_32x32.png
6324987dc39fd4a3c76a9929511897eae052fa39	16757739	1794	32	32	png_00FFB3EB_32x32.png
d93cace55748ee7b9866f6ad78d1187a3f8b0694	16759537	1260	32	32	png_00FFBAF1_32x32.png
dd5a9b4d0b16d6802a175d90d4395bc303177fbe	16760801	1070	32	32	png_00FFBFE1_32x32.png
d9a49092ec361ed6bb795861222175dab5ffc176	16761875	1680	32	32	png_00FFC413_32x32.png
e6460679a9d1958e314935262063f3fd7ac519f1	16763559	1204	32	32	png_00FFCAA7_32x32.png
3e1bf04851dfa2d023181ebba557aae306764fa4	16764767	1214	16	16	png_00FFCF5F_16x16.png
81f82dfeb565e94814f76e3e23f80214e5474a63	16765985	1213	16	16	png_00FFD421_16x16.png
b43427703dacd049187b89ffd545d1091d7bef74	16767202	1062	32	32	png_00FFD8E2_32x32.png
8d05af810ba45d7986444b480e47107c52ee2dc9	16768268	1648	32	32	png_00FFDD0C_32x32.png
9a1a66cff0a1fc0a2d6c391cd70a1e54f7d2c3dc	16769920	1027	32	32	png_00FFE380_32x32.png
7428c0cd0887a9e1d06fe23bef7e70a236dcaf73	16770951	1019	16	16	png_00FFE787_16x16.png
4f6f34b68ac3270daf80ca4274b2d29a608832ba	16771974	1240	32	32	png_00FFEB86_32x32.png
d39a2a3c89231ad17cdc034279d76130b4f97d3d	16773218	1195	16	16	png_00FFF062_16x16.png
723b5073d0f8c3d033a3ab5aee1917e975919a1f	16774417	1055	16	16	png_00FFF511_16x16.png
8e7af84055caceeba90213171685766e9d4580c8	16775476	1122	32	32	png_00FFF934_32x32.png
75ce01ecf6ca34f7c5eec5e8785c566899e8c3a5	16776602	1112	16	16	png_00FFFD9A_16x16.png
03db1dbe6aa3a539d4cf40658a6a0e68719bbb74	16777718	1114	32	32	png_010001F6_32x32.png
61ac9099628c4440c048ae657677877b0bb07ab9	16778836	1565	128	128	png_01000654_128x128.png
616855e8c62768f24990ba46f65521389fad1411	16780405	1156	32	32	png_01000C75_32x32.png
1b0124ade54ac268528c2e216b1bbbe3f27eafd8	16781565	1246	32	32	png_010010FD_32x32.png
c664b66cccc027e63944008d36bc2787f56b227d	16782815	984	32	32	png_010015DF_32x32.png
8c410f04e71f63ba2613e2c0b11e1c1a71da00f0	16783803	1012	16	16	png_010019BB_16x16.png
e46f564da132012b9858174994f9740f2f5b1ce8	16784819	1463	32	32	png_01001DB3_32x32.png
8ea62533bcaf142095a1cbf1818eae120991464d	16786286	1176	16	16	png_0100236E_16x16.png
9f3ca8b50f0705f45a945f05dccf552059ca3094	16787466	961	16	16	png_0100280A_16x16.png
cbad19b1d2c9a24e3813817b44389be9dfc9a770	16788431	210	16	16	png_01002BCF_16x16.png
f4079546f20ba96b156b9faefad4b64d0250e0df	16788645	1345	32	32	png_01002CA5_32x32.png
c250925dbc0460729482a49411e9256574d2787a	16789994	1422	32	32	png_010031EA_32x32.png
273b9eba99bc2456bd81ef8ed1271aed531738a7	16791420	1107	16	16	png_0100377C_16x16.png
8e52b1e6851885833b48abdebf56ea1851812c28	16792531	1135	32	32	png_01003BD3_32x32.png
b44d75ebba6531e4eab01010cd4d0a1ebdaf35d9	16793670	1218	32	32	png_01004046_32x32.png
ea425e19b7a1a7a2cee5fc434d3dcb03e8d8f81b	16794892	1114	16	16	png_0100450C_16x16.png
b1c6b993b92d087e382ebab6bf7672d686325a87	16796010	956	16	16	png_0100496A_16x16.png
d02b4ce4c61d1d8aa39815abe3f0bb3a894e59ee	16796970	1232	16	16	png_01004D2A_16x16.png
6e60cdaf57ddb04ac098cddd1720f971a194e6c0	16798206	1274	32	32	png_010051FE_32x32.png
78ab4e44c513c380e5772ea7c86142bbfd754591	16799484	995	32	32	png_010056FC_32x32.png
f76aa52b309450171cb9ca3f30222bbcb1fa3d20	16800483	1188	16	16	png_01005AE3_16x16.png
71a51a5dc5237bda01a3b1e5efdc872f1fa5e3ae	16801675	1158	16	16	png_01005F8B_16x16.png
02604486f9562970b7c1c4a5c14d20d178430304	16802837	1263	32	32	png_01006415_32x32.png
d16e8cdb9d6347031857311c5856d9a0de43d019	16804104	981	16	16	png_01006908_16x16.png
4fd1327f3bae75b93fe8cb7a4ce07fed487e31d7	16805089	1040	32	32	png_01006CE1_32x32.png
7bf2b60c2fa3f863f93a471a7157a32f63fd1b0b	16806133	1149	32	32	png_010070F5_32x32.png
2665ea19dd5f45eb43b75cf75f780d0abe190fc4	16807286	1268	212	120	png_01007576_212x120.png
488afe7f5ffd00f409d85603e109d3ba6e91158a	16808558	1426	32	32	png_01007A6E_32x32.png
78e40af65ecb15391eafb58c445a30a95b6c8ef9	16809988	1016	16	16	png_01008004_16x16.png
1a8e8a92b9a61208eec412b8fe0b35ef73145238	16811008	1069	32	32	png_01008400_32x32.png
ccaaf7be3459d3d45d201ec310931732665c62c3	16812081	1101	16	16	png_01008831_16x16.png
acff2750f3f2ada9a529034018300842c8bd9517	16813186	1463	32	32	png_01008C82_32x32.png
ad27d6adedf95e26e92c89fdc7f8a7dcf73ce041	16814653	1171	16	16	png_0100923D_16x16.png
7a338ba656bc310001c209945f474206f5dfad8d	16815828	987	32	32	png_010096D4_32x32.png
464e999d630f90b832d7fe64aaba5615072d69a7	16816819	1209	16	16	png_01009AB3_16x16.png
6745afa3d4a7a5b68580a511b249daecce572edf	16818032	1352	32	32	png_01009F70_32x32.png
8f3cf32e5ad6963f466914a88eb048f8c40ee15e	16819388	998	32	32	png_0100A4BC_32x32.png
e943ca541876ba65250b3d8cfedccb14a22af564	16820390	1040	40	15	png_0100A8A6_40x15.png
b51360432bb996c84153b092b23379634e10b94c	16821434	980	16	16	png_0100ACBA_16x16.png
0e663a631a53dc33b773c6a326ba39e205529522	16822418	1011	16	16	png_0100B092_16x16.png
2283b60e3b187e1cb2d7ced8653e96e9362dfeac	16823433	1068	32	32	png_0100B489_32x32.png
30b59a5471973d2fed75a35a450468323e11695c	16824505	957	5	13	png_0100B8B9_5x13.png
62623e5b0ebb80e34c93ab6cf1818410ca10d09d	16825466	1077	32	32	png_0100BC7A_32x32.png
1a34274d2d347b61acae8c162935c16de6d27d10	16826547	1333	32	32	png_0100C0B3_32x32.png
082e7e5a0733e3a6d966f05cc4c193884387f125	16827884	983	32	32	png_0100C5EC_32x32.png
6b14222810bf1400d7b1ecbeddfac612408ff232	16828871	1328	32	32	png_0100C9C7_32x32.png
d9e067ce9c2468adaee4e0ac2e78b465e9672a08	16830203	488	16	16	png_0100CEFB_16x16.png
41209dced660076fac5b9ce49edf813c12ec0fec	16830695	1547	32	32	png_0100D0E7_32x32.png
2acc145616fa9f57cad065da35f9f2de81ebd789	16832246	1069	32	32	png_0100D6F6_32x32.png
d1af80df48783bc9a43d0c54b8a2df38f9a88811	16833319	1108	32	32	png_0100DB27_32x32.png
cc29f98c5c787b35eac5f20ba55b29e6dda3ce45	16834431	995	16	16	png_0100DF7F_16x16.png
aa76ecb485d5be0b2e19d204c27da7beac3f48c1	16835430	1146	16	16	png_0100E366_16x16.png
9cfa53060d387b80f1e50fbefea002d0a0cf5f52	16836580	1107	16	16	png_0100E7E4_16x16.png
2cf6f277fbbaaaf3333622180ea6cf8420dee390	16837691	962	16	16	png_0100EC3B_16x16.png
5237314b91ce5c12b749b983d36ea6ca6f51171c	16838657	1031	16	16	png_0100F001_16x16.png
00dc01837dc94f15a64bf7bc76f7e5a536933048	16839692	1268	32	32	png_0100F40C_32x32.png
3742756d6441259bbc42d5e22a2309d02aeb2010	16840964	1204	128	64	png_0100F904_128x64.png
678ff95be1dce3b3c50640290f2ad56993babe95	16842172	1023	32	32	png_0100FDBC_32x32.png
003bf65f1643a0c8d60033ead1930a54ea257258	16843199	327	32	32	png_010101BF_32x32.png
b62ef4ab47797589e22d466ca63186f9a0ea9cd2	16843530	1308	32	32	png_0101030A_32x32.png
86b2726d3aacc533d6a34a51a7d444ab8259100d	16844842	998	32	32	png_0101082A_32x32.png
331f8a4cb05aa2613d22c0eaaeea3a1fb32e8300	16845844	1156	32	32	png_01010C14_32x32.png
b82b710d8af20337b9e0a15618afd916e7e957fa	16847004	1021	16	16	png_0101109C_16x16.png
c67d9d9d47f97470689b458a30ecc4fee7b159cc	16848029	1118	16	16	png_0101149D_16x16.png
1ae972a524461841befe5b8b1a2ad4421ee52af8	16849151	976	16	16	png_010118FF_16x16.png
2ffcd0e860d1cdfa05db4c01f5bb303270be3115	16850131	1057	32	32	png_01011CD3_32x32.png
802a964c67b6d3d8f3143ad18118e516b5753f42	16851192	998	32	32	png_010120F8_32x32.png
4eb8fa7b52294fa5dfdcc29b75b8323afcc378d7	16852194	1382	32	32	png_010124E2_32x32.png
1aadc44c89a8669cd08936a349d1f8dab538615f	16853580	1344	32	32	png_01012A4C_32x32.png
315d042442bbe8e570bac8d2260b8403c175508a	16854928	980	16	16	png_01012F90_16x16.png
15e8d49f71754552d57f985303a3cba3563f480b	16855912	1010	16	16	png_01013368_16x16.png
254db2dd19f05272e15289845edc78856278a16f	16856926	1316	32	32	png_0101375E_32x32.png
0f6ed743c890c17692864814e62651aa2bacb871	16858246	1540	64	64	png_01013C86_64x64.png
8bae87b74685e65d769f2dcf40b82fc500c4f714	16859790	986	32	32	png_0101428E_32x32.png
9ea7dd6a867ac06a38eec0d08319b7e6b04dfa91	16860780	1191	16	16	png_0101466C_16x16.png
8c2ad0e4bc2415c7c4e289cb82920e479996a9bf	16861975	1310	32	32	png_01014B17_32x32.png
c4805876f18af0d6b5951f3a88eb5306a2155b15	16863289	1145	16	16	png_01015039_16x16.png
c64c631db9d8d910eabb370d323edf44b05849b5	16864438	1285	32	32	png_010154B6_32x32.png
fa865960a06db2c33744bc3df629ef7f5d02b3cc	16865727	1125	16	16	png_010159BF_16x16.png
4bcf2cdaa6ddc26533288840665e9c8dd33d4dc5	16866856	1465	32	32	png_01015E28_32x32.png
b5cc200c3e8e731126eb7ad0b43473d32a733044	16868325	1087	32	32	png_010163E5_32x32.png
f514b3733591408a1783633cd0a9a521c6386322	16869416	1125	16	16	png_01016828_16x16.png
17d4665cfb2fd2f97dac9cc089bf4f0cd307a7b5	16870545	1164	32	32	png_01016C91_32x32.png
79dca46067b63cac44289f17055b26f57aef2b13	16871713	964	16	16	png_01017121_16x16.png
28616fd3c6c893d6307113c0dd9fd58ddfa4ed0e	16872681	1129	32	32	png_010174E9_32x32.png
6a0420a96d46e347c03c4e0ea4bceac6350e44ed	16873814	1122	32	32	png_01017956_32x32.png
79e8afc0d7419071ba0db1ff0e64acd29748dc58	16874940	1236	16	16	png_01017DBC_16x16.png
31ef20d882c649a84e716cd7acc320baa4bbc55d	16876180	1073	32	32	png_01018294_32x32.png
67f8d2f8c8a180dadb44c4bf53badf2b25a283b9	16877257	979	16	16	png_010186C9_16x16.png
8ef4c4d6907681f9dd70fdb77a2657efd23e1ac8	16878240	1037	16	16	png_01018AA0_16x16.png
27f72d1b5b03e95d71f5c3935a1567deb69b03b2	16879281	1350	32	32	png_01018EB1_32x32.png
6cdf7688570a2d8e35f2d90d3333497e20eb57ac	16880635	1105	32	32	png_010193FB_32x32.png
275bdf32c2ff8c7cb97b869d86c74fe67071f7db	16881744	998	16	16	png_01019850_16x16.png
9335be468ab6ae1b1cbc367c46b5b92e9c7c49b4	16882746	984	32	32	png_01019C3A_32x32.png
ec3217dcea2ed74ecf44b90f97f18d97dc3bb728	16883734	1355	32	32	png_0101A016_32x32.png
c327306b9224dce3e3fee796a7fe7cea9a336f2e	16885093	1068	32	32	png_0101A565_32x32.png
816459b07192a191ec6b2f25ea395c9d65e7d450	16886165	966	5	13	png_0101A995_5x13.png
8177edc188e9fde0e491065586b0b2cb67ce68c7	16887135	1072	32	32	png_0101AD5F_32x32.png
e0c859e83993623fc99e859c59ae4c072380199b	16888211	1074	16	16	png_0101B193_16x16.png
f6c06311d3b994c3140314cc9ba5c078684cb57f	16889289	1110	32	32	png_0101B5C9_32x32.png
203c4fb8a02890124dac5d45807ba672d75db350	16890617	1143	32	32	png_0101BAF9_32x32.png
80c1ad7ffba71d554c87387d4135c13f3ca91ed6	16891764	1017	16	16	png_0101BF74_16x16.png
ab907a4718c8f37b740fb5c920cb264c35bf3c1b	16892785	1063	32	32	png_0101C371_32x32.png
a0b66149e11c1013fe1944232c164d805c6d8781	16893852	955	32	32	png_0101C79C_32x32.png
eb25dea865d4b08f38e64246db419624431b6453	16894811	1070	16	16	png_0101CB5B_16x16.png
dbe06dc96b1d5b36793a873ca773d8978987bc1a	16895885	1155	16	16	png_0101CF8D_16x16.png
0570e45846bc4b0e85db91068812db4995f16d1f	16897044	1270	16	16	png_0101D414_16x16.png
3f18a12d217c32eb9df97c39044b6413ab12f653	16898318	1220	32	32	png_0101D90E_32x32.png
1d941e3828d8781ddb4dd76b0c438b5d51ab8bab	16899542	1352	32	32	png_0101DDD6_32x32.png
febfdb425746e6fe78420357c328966f00887f95	16900898	980	16	16	png_0101E322_16x16.png
0b379d91df958540a6414716e12206c14973819f	16901882	306	16	16	png_0101E6FA_16x16.png
01b555f7e2518932e375fe954e2a86dcfc64489f	16902192	1127	32	32	png_0101E830_32x32.png
12ab0eba648e98e228e0912b9729c06ed493b714	16903323	1069	16	16	png_0101EC9B_16x16.png
965426b7e3430b6681dfdcbbdbbab9a3311b3f54	16904396	964	16	16	png_0101F0CC_16x16.png
3ae38094d503babb614b2b5d8faea65c87f7b131	16905364	1043	16	16	png_0101F494_16x16.png
21b4b6bf58f0ae176fae13714b6e79e66c364343	16906411	1027	16	16	png_0101F8AB_16x16.png
8823a595638f221272f9721a5fbadf1ec14d063f	16907442	1113	16	16	png_0101FCB2_16x16.png
89528c3b113948db20c2ed5dbdad2f0906950816	16908559	1200	16	16	png_0102010F_16x16.png
9e864330652cde757d685136b8a3174c47de5cf0	16909763	984	16	16	png_010205C3_16x16.png
4fe7aa73b3361271091e9ddcc190dd8ed746061e	16910751	1026	32	32	png_0102099F_32x32.png
e2bb34aa76cd56cbb71859ff4d9bdbbeb49f73bb	16911781	1523	32	32	png_01020DA5_32x32.png
3fba630e26fe0fe016714f5d5cf0b36070f1735e	16913308	968	16	16	png_0102139C_16x16.png
7f0e25d21c6294cf5b04fff294c5df8bd6874933	16914280	966	5	13	png_01021768_5x13.png
65dfe39227527b7189f4e695a42d8d6921dbcef1	16915250	1423	16	16	png_01021B32_16x16.png
2398075db4ab5294224d1ea6023e1fc356a07d78	16916677	955	32	32	png_010220C5_32x32.png
e430de8f9de25704e8892c1c2dabc658f699b7f8	16917636	1194	64	64	png_01022484_64x64.png
73eb8293331c663d60e03719e283a0f4e5ea714f	16918834	1296	32	32	png_01022932_32x32.png
ad75d02de0b27234a78c371706c20137e2b45bea	16920134	1145	32	32	png_01022E46_32x32.png
e203ba08a734a868503ba9cbb0d48c86393b3dfd	16921283	968	16	16	png_010232C3_16x16.png
363d964d0748d5367e6b9bc436a7780e00038d65	16922255	1117	32	32	png_0102368F_32x32.png
64f22a1d8c1c1b8103f48125d4acc5a890147ebf	16923376	1302	16	16	png_01023AF0_16x16.png
f17bb9be77cd03d57658ba3efe2148ee08a274b4	16924682	1113	32	32	png_0102400A_32x32.png
fb8d0ba40836c8025fc0beb00573383bd665f222	16925799	1051	32	32	png_01024467_32x32.png
b968fea3468134d215c407d7cf9ec8f2bc09607d	16926854	1976	32	32	png_01024886_32x32.png
e5c32948a15c53f44a4c93abc7e6c8f64b555bed	16928834	1190	16	16	png_01025042_16x16.png
fb0da54d75813eae801502295a38b5e6bab987e0	16930028	1011	16	16	png_010254EC_16x16.png
459e14f81996e5f54ce5f4c4b876501f06a8f163	16931043	1093	32	32	png_010258E3_32x32.png
a7147d2e8b7ead2802697c622c205cb4e6d47d26	16932140	1226	16	16	png_01025D2C_16x16.png
08e95a3b2df9cd901704a0d0c283b07f53de2481	16933370	1037	16	16	png_010261FA_16x16.png
30cd17970b9c1845af971dcb3d72e44e66878c00	16934411	1194	16	16	png_0102660B_16x16.png
aa307532e5f06cdbc5251cc501c24907f5c19c64	16935609	1568	64	64	png_01026AB9_64x64.png
b467454f463cb461be59491f186f2e2b41f045b0	16937181	1261	16	16	png_010270DD_16x16.png
d5aaa25583efc504d7d3c2db711a7a100c8d310d	16938446	997	32	32	png_010275CE_32x32.png
5151a8a46c5938b250fd70ab2e8ff72cb50b4d95	16939447	1361	16	16	png_010279B7_16x16.png
6fed5622d18e248aa4aecf6be356b3dff1c12571	16940812	719	32	32	png_01027F0C_32x32.png
76634e05b4afd3be2fe3607bac1aecedddad5bc7	16941535	1330	32	32	png_010281DF_32x32.png
3eb8f900521a5f4224726a0b2c9383e26681e1a4	16942869	1160	32	32	png_01028715_32x32.png
97726236e9941fdf79769a76e6fb3587390b3f52	16944033	1366	32	32	png_01028BA1_32x32.png
807ef2ab07588d2e28815a5ab01667b8c1cd137d	16945403	1355	64	64	png_010290FB_64x64.png
81e589a55d3b103954038d3c7c0e0e4c6fb69207	16946762	1146	32	32	png_0102964A_32x32.png
8593ff43a220e4a26434795668e92f9493d9794d	16947912	963	16	16	png_01029AC8_16x16.png
7d17a1e48e6d171c501f084b8b29bf26324df053	16948879	978	32	32	png_01029E8F_32x32.png
900d7ee1e85684ca37e6bd7e547c9c8608ace25d	16949861	1299	32	32	png_0102A265_32x32.png
06acdc40c3f66eb1fe01c2016bb042351fc67796	16951164	1442	16	16	png_0102A77C_16x16.png
5c406976efa43d24769cb8d72d393ccb622cf47b	16952610	327	16	16	png_0102AD22_16x16.png
475dfd516dab6299f16a38088382196acbf0ce09	16952941	1057	32	32	png_0102AE6D_32x32.png
fb20e03847fcb1737a8bc2797a55217bf7dc1821	16954002	1029	16	16	png_0102B292_16x16.png
ccb892bee2418177b90cd06c676a4cc58d711681	16955035	950	10	10	png_0102B69B_10x10.png
034ae5b1d554a39ecf2c921a3e71398d71fe3d8c	16955989	1465	32	32	png_0102BA55_32x32.png
ff217111be5bb4a43ed7588dc89c7f8116549d90	16957458	977	32	32	png_0102C012_32x32.png
7c6597a133a92f6c415ab416ea589735102591db	16958439	1120	16	16	png_0102C3E7_16x16.png
847e792a3f86634953738f5ba945f9b02aaffc47	16959563	1545	64	64	png_0102C84B_64x64.png
04b5eabbe0d1928d0cdef78d0a0cac7bb56889ba	16961112	1082	16	16	png_0102CE58_16x16.png
7f724e93cfaf52064d52d5a397f28cae150fbdf2	16962198	1097	16	16	png_0102D296_16x16.png
6694d89cacee74614135ee3b2dc56c736ba26df4	16963299	1545	64	64	png_0102D6E3_64x64.png
175a382ccd5630e62b518c969dc8fd36287fae96	16964848	1120	16	16	png_0102DCF0_16x16.png
65feb306a1180e5d338742bb446a7752def5e2f3	16965972	2050	64	64	png_0102E154_64x64.png
a560acf70ae39477b1ef84676f9e5ce0ce2b2eeb	16968026	991	32	32	png_0102E95A_32x32.png
bb6e4fb67ab8e78c2d427e6c9d18a1b154a0c5d8	16969021	1153	32	32	png_0102ED3D_32x32.png
d5816b1e6c525588edf01b6fdf4ff014cd69c1a3	16970178	1253	32	32	png_0102F1C2_32x32.png
35e564f1cf5e009921778e65296dbcce4f09eabf	16971435	1056	16	16	png_0102F6AB_16x16.png
879138052f8810ce5c6014decb67e1c1b8172d96	16972495	971	16	16	png_0102FACF_16x16.png
bd8b00fe9ca0270f74640fa41c190be574f0dd76	16973470	1091	32	32	png_0102FE9E_32x32.png
b29a1c4359d2fee219f76094d9355d15aed9755c	16974565	976	16	16	png_010302E5_16x16.png
48f216df54d0b4390dfa7da0ce6ef03b97867bca	16975545	1062	16	16	png_010306B9_16x16.png
6dbb1bbbf02da0d8c0f2438273f3b7a6e7c33bda	16976611	327	16	16	png_01030AE3_16x16.png
81995e841e06dea8ef96dff89b682978206c2b7e	16976942	992	16	16	png_01030C2E_16x16.png
fa5e58cf3a4d37efb51992272ded071f33b29d75	16977938	1606	64	64	png_01031012_64x64.png
05e54add57fbc3a61385cce9ddd088ab4f89085a	16979548	1179	16	16	png_0103165C_16x16.png
a364694ddb0257e4b52be2e2a9710142bbec19cf	16980731	1272	16	16	png_01031AFB_16x16.png
5e4c691271a6cbef81ca2e0796eda0503434bb85	16982007	1200	16	16	png_01031FF7_16x16.png
c7ce385b5dbb7216b60edcddec10d2c49eb8cc9f	16983211	1006	16	16	png_010324AB_16x16.png
5a41573600c060e4fef0080c07e123fa740a909b	16984221	1124	32	32	png_0103289D_32x32.png
da5bf25b5ba35513f5f367f81283197dcdb26522	16985349	1357	16	16	png_01032D05_16x16.png
5f49ab91b402b3759bc79e821a2e6950364c3711	16986710	2277	32	32	png_01033256_32x32.png
ca636057b308e81bd98f156444fe512ce2b597c5	16988991	1200	16	16	png_01033B3F_16x16.png
f840a010f989da02055a7a8a6acbf7e19f708a6f	16990195	1178	16	16	png_01033FF3_16x16.png
72e0b25974d7bf7a7cb1d4c3617e84b59b76c12e	16991377	1011	16	16	png_01034491_16x16.png
918f7574a79f6b394eb2780d63b9ef9b599af5bc	16992392	1082	32	32	png_01034888_32x32.png
80df45e40f813fedca54d7b1909ac040c5690150	16993478	980	16	16	png_01034CC6_16x16.png
da665094b3e88a09dc23fd96bed97d0d7789b06b	16994462	1043	32	32	png_0103509E_32x32.png
bea1b9fb5d24f1509b8de4147e610af98049c6e4	16995509	971	16	16	png_010354B5_16x16.png
9b17160c9a51e3d3f9240d099ce68c97c7abf92b	16996484	1019	16	16	png_01035884_16x16.png
fea04944a53b58018b4f08e0528b9a70f8a8999f	16997507	1006	16	16	png_01035C83_16x16.png
ef6f344c503c89a88f584667f44734719d9bbe4e	16998517	1630	64	64	png_01036075_64x64.png
0987f5f33f41db3c58b48edc4043036f71d95db0	17000151	1154	32	32	png_010366D7_32x32.png
590ff243669af5597335b414cf1c0b0b145e0c8a	17001309	1236	32	32	png_01036B5D_32x32.png
2848aeb101b7ae8277fbe48f196d9f6cb18c0df4	17002549	1013	16	16	png_01037035_16x16.png
0b2e79e613937d7b4bc1f87e9fa1fc51edd0a18d	17003566	1175	16	16	png_0103742E_16x16.png
2392445c54d5e7bc2fd99ac0320d30c15685e638	17004745	1033	16	16	png_010378C9_16x16.png
7acc2ebd8d9fe6ab5f02094f5885391be4594a3b	17005782	1108	16	16	png_01037CD6_16x16.png
38d1503f9e3a0485927896542fcbda2068dc2f2c	17006894	1449	16	16	png_0103812E_16x16.png
8fc44bde4f01d47cc43035c37d3127e4473e92ca	17008347	949	16	16	png_010386DB_16x16.png
d45c9dc410cdd3483f5585d8e3821ad3c10a4cb9	17009300	1063	16	16	png_01038A94_16x16.png
2805f6c3c45fac93526ed6a24a103922000bcc29	17010367	1167	32	32	png_01038EBF_32x32.png
e10c5f3bfedf7870965485888ac582a8cfe3708b	17011538	1040	40	15	png_01039352_40x15.png
4728883c4b10ef873b96898f5b8e83bdc8a23209	17012582	978	32	32	png_01039766_32x32.png
08892d9ad40040f6302f57c06351acff699956e1	17013564	1116	16	16	png_01039B3C_16x16.png
84b759b54e9d605c79bafcf0802d636d3bf69ead	17014684	1533	64	64	png_01039F9C_64x64.png
50d415a5fe755f6c151c501ff1b508488916ee29	17016221	1178	16	16	png_0103A59D_16x16.png
dce7d5b1db08c89e4ea2ae9ee79a337d1481b00a	17017403	1122	16	16	png_0103AA3B_16x16.png
a41cdd8219bac1be176c2727eacc2c3522d898b7	17018529	1158	32	32	png_0103AEA1_32x32.png
6b6d996be9121bf566938823d365b7e747036a1e	17019691	1012	32	32	png_0103B32B_32x32.png
bf2cf078af281191d8fb5ae04e098817c62ae20f	17020707	1015	16	16	png_0103B723_16x16.png
898b1e4376b8c24e8c687e1d94055c22ddb55bac	17021726	997	16	16	png_0103BB1E_16x16.png
7ff1e0e110f3e5d094a397f4f9034b9c7323c874	17022727	1655	64	64	png_0103BF07_64x64.png
1a096b638782443c279573a9ca4e39b15900acc8	17024386	1047	32	32	png_0103C582_32x32.png
d6a05213ddd70e9c93f747e7f78ab7c50955c542	17025437	1194	32	32	png_0103C99D_32x32.png
d8e0be3e35d9d7091b3c6b2c68e8992d7d6b098e	17026635	1152	16	16	png_0103CE4B_16x16.png
7aaa16c536e39aacfe903f9ecc0d1d7255f4b1bc	17027791	1406	32	32	png_0103D2CF_32x32.png
e14cd8ee51d99d0e8777c11481bee7649ba1ed43	17029201	1171	16	16	png_0103D851_16x16.png
2590b4fad2471e9ffda232e5ad60c2782fba1834	17030376	1090	16	16	png_0103DCE8_16x16.png
b6c1479ae6d96eb462ad7f34e346b7a575bc2f50	17031470	1370	32	32	png_0103E12E_32x32.png
b9a58ee8f4f0901eba1a49810695e3362ceed8ec	17032844	1030	16	16	png_0103E68C_16x16.png
2399b303a9c232fd575525be39d338e20282bb82	17033878	1720	106	60	png_0103EA96_106x60.png
728c9d625b1a613b01c7079253306133dc1a9e9e	17035602	1088	32	32	png_0103F152_32x32.png
3a2a608a732345bc85cbb5e1e391878681f3153c	17036694	1429	64	64	png_0103F596_64x64.png
c6f4924e0fbe2c67e8f395439509ae47d58bee87	17038127	1203	16	16	png_0103FB2F_16x16.png
75f9a5f1addca7b434087d1272550eeafedbab16	17039334	1000	16	16	png_0103FFE6_16x16.png
249f96f0c9ef5572f87299121a590fd8b58fdf8c	17040338	1011	32	32	png_010403D2_32x32.png
d8b5bb9dba63665981f731de9bf99373a63f0e1a	17041353	1047	16	16	png_010407C9_16x16.png
682e7c7f7a0dfa68653d5de300f276b7a00f801c	17042404	1261	16	16	png_01040BE4_16x16.png
49f0882a724895b34dbccda6f05a6de1991fe5e8	17043669	1797	64	64	png_010410D5_64x64.png
59b8b407e7cc75b60a8b7bf40df8356c8efa4ec6	17045470	1261	32	32	png_010417DE_32x32.png
a3556419662478d0f50c36244455e5ff54f33b91	17046735	1216	16	16	png_01041CCF_16x16.png
42a4e08bed360f997870a8d6cef4acd5ff4564b2	17047955	1333	32	32	png_01042193_32x32.png
b4dd5c52d73f7926fbf323eb260774bc347bbc1f	17049292	1274	32	32	png_010426CC_32x32.png
a0b1ecf4a9bc9e03c8f9d8c5714648975aafaf9d	17050570	1012	16	16	png_01042BCA_16x16.png
75b846f65573c0515ee82823908340b249eb4ad1	17051586	1135	32	32	png_01042FC2_32x32.png
ec2dde217a4f7344d260e28ba03315787e12488e	17052725	1016	16	16	png_01043435_16x16.png
6a0c659ee08978bea10ec39d91d7459bd6454c66	17053745	1190	16	16	png_01043831_16x16.png
1e867571357caffce613b21b63203b2298aba92f	17054939	1054	16	16	png_01043CDB_16x16.png
64495ad562cd2c972d776ac02ef2ab08e9daf412	17055997	1120	16	16	png_010440FD_16x16.png
a7d719063cbb8b17a41e2327374b2b7403b14f6f	17057121	1126	32	32	png_01044561_32x32.png
b1770811a6b6d20a9bfb4364064286a8691056f9	17058251	461	16	16	png_010449CB_16x16.png
464621b260d95b64afead9941f7a7f1047fdfb7e	17058716	983	16	16	png_01044B9C_16x16.png
fd5c8a56afb5dcc8c6504fe7981ac70d51e28b90	17059703	1491	32	32	png_01044F77_32x32.png
f080b46d2ca81f6ca59081f4668a9b23b93f0427	17061198	1189	32	32	png_0104554E_32x32.png
0d7dfdd8c454c46bb876766571c4330fafefac70	17062391	1606	64	64	png_010459F7_64x64.png
8616c1915be28db577a5494df4e8afb0e78a57c8	17064001	1003	32	32	png_01046041_32x32.png
780e7b0cf6c198852588f3ae5997a914d4b7e34d	17065008	1102	16	16	png_01046430_16x16.png
453f6de8aa653de3b1520d66a0dac47a41c021bc	17066114	1050	32	32	png_01046882_32x32.png
75f3332fac46edb2cae0a53decc5c3a87e90d259	17067168	1352	16	16	png_01046CA0_16x16.png
9ae6bc7e4d03b6cfb3f9735ccb97471458119a9d	17068524	1211	32	32	png_010471EC_32x32.png
1f56c2313ee39b5afc6835b7fb7afe5f8d81a8ec	17069739	981	32	32	png_010476AB_32x32.png
9b4a9c00c5018a8b30ad659bd1b106ef19d35462	17070724	1173	64	64	png_01047A84_64x64.png
6f373688498cf1af860a4228b4a5397f0070b743	17071901	1158	16	16	png_01047F1D_16x16.png
23a0875fb9daeafd11f5c869792ac9f17d1e6213	17073063	1077	64	32	png_010483A7_64x32.png
9aac8be506adfa55b4c9505e3481c96a4294cfec	17074144	1111	32	32	png_010487E0_32x32.png
cc5464d1e926a1ede757895d291100e365e39105	17075259	1004	16	16	png_01048C3B_16x16.png
a936a158e2aba34c24eae66a2e03b96b96cab64e	17076267	1311	32	32	png_0104902B_32x32.png
a5cb49bc6ecc3307f96bd1b990f0d32d8b951cfa	17077582	1053	16	16	png_0104954E_16x16.png
5a8702ad7fa1ca452bfebcbd596f6c0282213af5	17078639	1754	106	60	png_0104996F_106x60.png
41376b4db6fecaca885deeb45f8c592b1706653b	17080397	1275	212	120	png_0104A04D_212x120.png
f1eb1ad47ea42612912ad17b4d42d9ca8121ecb8	17081676	1140	16	16	png_0104A54C_16x16.png
9930930ac56ff957baad394a5956594b719fa4f6	17082820	990	32	32	png_0104A9C4_32x32.png
89e8c08402a79ba34db2138de2dc7d012cd93037	17083814	1313	32	32	png_0104ADA6_32x32.png
de6f255f1fbbdb72e07991771d9c38045fd14c6f	17085131	479	16	16	png_0104B2CB_16x16.png
9933b753a3f14ae469a5905ad20c138b2ba4b9d2	17085614	1328	64	64	png_0104B4AE_64x64.png
0a68a6ce6c698f102e206150c3c9fb9e41982f08	17086946	989	16	16	png_0104B9E2_16x16.png
7c7fb3d80fff41618460f9a6dba8fc872c71b6ba	17087939	1440	32	32	png_0104BDC3_32x32.png
5f5270d2fdf9897d0b91b624963951c90ebe6b22	17089383	1079	32	32	png_0104C367_32x32.png
30c24f6f460702902a46947fb830af8c971c6a50	17090466	990	16	16	png_0104C7A2_16x16.png
db1d06e2b40b0135157d5426fdcac2eea72474bd	17091460	1284	64	64	png_0104CB84_64x64.png
2eb291a8aa679440522fed0f0b09dfee0e2f6cb3	17092748	1119	16	16	png_0104D08C_16x16.png
c72f9204a64c997ab155dc1068b90e20aada4fb1	17093871	1202	64	128	png_0104D4EF_64x128.png
b2060c7a722318df73aeb88d8a02c52d9cfa2a22	17095077	1106	16	16	png_0104D9A5_16x16.png
7f24546f3b7a7bd31a2d1e65fb25a91514ba26e5	17096187	1682	32	32	png_0104DDFB_32x32.png
47431bbb28cc3d3ef41e10b691b70b55f4e9cc71	17097873	1294	32	32	png_0104E491_32x32.png
21eeada1720efc955c417f7183ec6c90ab9c9257	17099171	1326	32	32	png_0104E9A3_32x32.png
b212b59713ab8df4385b291ac45a0e69ef82c31d	17100501	1060	32	32	png_0104EED5_32x32.png
955dd122f6a1861d2c35740c75928094919016fa	17101565	1134	16	16	png_0104F2FD_16x16.png
31922b071bcf2f0e87307bbcbe7e892ece98376f	17102703	1413	32	32	png_0104F76F_32x32.png
97d9cdc56534a717ee818c8fc23a319c79fd725e	17104120	1118	16	16	png_0104FCF8_16x16.png
e7d20c32143a49289461bfd4722df8e55dcfe05c	17105242	1005	32	32	png_0105015A_32x32.png
7c6ecfa62a887553657f979998c9bac9a23b2ce0	17106251	1228	32	32	png_0105054B_32x32.png
803b48498c9f3aa938b15cb6522f15c6013b722e	17107483	1006	16	16	png_01050A1B_16x16.png
4fea6c0a6196d2d560022a39fd34cba3a229ebff	17108493	1793	460	232	png_01050E0D_460x232.png
0c7140f188fe8acd65a8e973a223a41f657d8f32	17110290	1219	32	32	png_01051512_32x32.png
9031ba58cf0a2548c0b68fba3ed496bae3f98ea5	17111513	1153	32	32	png_010519D9_32x32.png
1b4820e6b8ddb96e58cfb41148f7336c89c374c7	17112670	1205	32	32	png_01051E5E_32x32.png
1141dd8119f810eb317fefe061752d3fd9d8b3d0	17113879	1031	16	16	png_01052317_16x16.png
1007c0a57ecc87027cea3f596e5ffcbb4996ad26	17114914	1218	32	32	png_01052722_32x32.png
7391eef411a1968b3ca27c7022273c337fb64a27	17116136	965	16	16	png_01052BE8_16x16.png
8f638934cb0c25ba9b6cf9221bba12ad736ab39c	17117105	1376	32	32	png_01052FB1_32x32.png
dc52bba1793909042c65e30c497a3de223e2bec0	17118485	1807	32	32	png_01053515_32x32.png
6b4b953d0b5c49d373a4d94a89b3dc369d63c67f	17120296	1207	32	32	png_01053C28_32x32.png
e16a91e498294bb8ea66a675adeda7d0a83aa8b2	17121507	952	20	20	png_010540E3_20x20.png
93a36bb3859eba93a9524a815d2456bdaa068b9b	17122463	953	16	16	png_0105449F_16x16.png
655ff0657fe68b5b5ceeefddc7b96ab5466f6966	17123420	1359	32	32	png_0105485C_32x32.png
b62d56c6a1c14e83a8fd6a083611254b23871008	17124783	1283	32	32	png_01054DAF_32x32.png
ff2ab545ec0ffe6361bde41b0b1615cfee807abb	17126070	1162	32	32	png_010552B6_32x32.png
a8112ca7b77b6611dfcb761bad03488cce035fe0	17127236	1264	32	32	png_01055744_32x32.png
a5eecffb26143acfbee095b44f951f9e22351d63	17128504	1420	32	32	png_01055C38_32x32.png
ea0ac16fd4b7fee3c7ca1697c45cdd73b9839217	17129928	1134	16	16	png_010561C8_16x16.png
1aee82fcefd9cfb82c8336423fc0d091b553789c	17131066	1069	32	32	png_0105663A_32x32.png
9798d59181c2411437a44d412fe3c24a4fecf95e	17132139	1046	16	16	png_01056A6B_16x16.png
b6de4657843ba6446ae7482e506b497a9bab8171	17133189	1258	32	32	png_01056E85_32x32.png
4e39b02622d9b46fbff4c243015572ce8f49d5d7	17134451	1313	16	16	png_01057373_16x16.png
2cac3d28193c6dfea28b3030e8f039f49dbfdeb8	17135768	994	32	32	png_01057898_32x32.png
992a8caac16dc5fb7bed4318680f6c003bca98b6	17136766	1239	32	32	png_01057C7E_32x32.png
d22768327192a63d7c0591c425c075a6ec79668e	17138009	1040	16	16	png_01058159_16x16.png
de24851f4f070a760c0489a0ebc07cd99380e881	17139053	1226	32	32	png_0105856D_32x32.png
0849704de61d7e483f8a526a56a3352bcb5f2297	17140283	1272	32	32	png_01058A3B_32x32.png
c752e77fa45372556f96a0cd0c33d1c7d6926519	17141559	1049	16	16	png_01058F37_16x16.png
57ea5e1c32a864b8f4e82c189b4680355a3b59b4	17142612	995	32	32	png_01059354_32x32.png
58520328ae3668df145ec3a5a6ac729ca23a3eed	17143611	1862	64	64	png_0105973B_64x64.png
c822ccc0da8173bece6b912689638b53ea716035	17145477	1051	16	16	png_01059E85_16x16.png
86bba192e4e0281cee5161c778dd2fdd51a3f76c	17146532	1720	32	32	png_0105A2A4_32x32.png
e7092d37c27d4cfcd97ba616c4e5265bd0479ef1	17148256	1111	32	32	png_0105A960_32x32.png
e522ff32c8983470bb0cb00693b6d8154d3afceb	17149371	1863	64	64	png_0105ADBB_64x64.png
55796917e5cc5ec1b986a468489c24bb2473ec2c	17151238	985	32	32	png_0105B506_32x32.png
7d84578722789f592ffeec4529cc1afdb9a1b3a6	17152227	1211	32	32	png_0105B8E3_32x32.png
013ff4ab6a4e98b0e74a71ca09620f2137f79d71	17153442	1186	16	16	png_0105BDA2_16x16.png
bd6e5376bad68b5db0df6e67ef80a98c1a76348c	17154632	1010	32	32	png_0105C248_32x32.png
b137eec58d28984b700c4017f2fe5ae41d74aa8f	17155646	1289	64	64	png_0105C63E_64x64.png
93bbfa3932f91e97c3799382d14228ee8f7a42b6	17156939	1038	16	16	png_0105CB4B_16x16.png
2ce1cb301b4f2a729d949c2eb95900e8853ac3c1	17157981	1084	32	32	png_0105CF5D_32x32.png
f3e150daf9381798dfdd23c803c6d23a1acb160f	17159069	1332	32	32	png_0105D39D_32x32.png
402d506e12515f5e5dcbb9a786ba7e29d8028488	17160405	973	32	32	png_0105D8D5_32x32.png
9b5a441f637ff9a7e4f32c61c51a0e995c8384c5	17161382	1146	32	32	png_0105DCA6_32x32.png
e3774665901e005a379dd37876e3f057c9dcaf62	17162532	1012	32	32	png_0105E124_32x32.png
42ca62de47528c1707210d7a9d3c69af12d1bc1c	17163548	1212	16	16	png_0105E51C_16x16.png
bae4271b785b14fd30e65e79ac4271e61359c7af	17164764	1023	16	16	png_0105E9DC_16x16.png
bd79457e3ee994bc3deb9e92099f0407f8852d7c	17165791	1350	32	32	png_0105EDDF_32x32.png
6f1653c982cabe0532bb3893f6ae82c76d5a047c	17167145	1216	16	16	png_0105F329_16x16.png
0fcefd3b53fa796069ef931342d4f3e58d5439bd	17168365	1002	32	32	png_0105F7ED_32x32.png
1da9433a876113008a4031a8976364befd867a5a	17169371	1086	16	16	png_0105FBDB_16x16.png
4f771d41864be4668b29359dabbaf19ca9eb62da	17170461	1003	16	16	png_0106001D_16x16.png
a6cd1229d227c9b3ba909157fe0ed9908758b714	17171468	1031	16	16	png_0106040C_16x16.png
1454200ff9534ffd131aa98917d3ff7e68e7e814	17172503	1150	16	16	png_01060817_16x16.png
c9c8e25ae85b502e597431d59538f781f6104687	17173657	1002	16	16	png_01060C99_16x16.png
5e7ddcdcb41a75f039dac3d5750fd1cbfcbdfc9b	17174663	979	16	16	png_01061087_16x16.png
9202ec1ae19efc2841dd1413d5214f731451bcd4	17175646	1107	32	32	png_0106145E_32x32.png
762bdf1e4c861a555aa5e890d2039c1045848545	17176757	992	32	32	png_010618B5_32x32.png
4616cbdad47d916061eae9fa6eee70477c3d2326	17177753	1656	64	64	png_01061C99_64x64.png
9b473a366cef59482a5e3e3f0c9a3ff84448d7d2	17179413	1729	32	32	png_01062315_32x32.png
40411383bf36b3c0553cddddf04cfb1c801ac5ca	17181146	1032	32	32	png_010629DA_32x32.png
d19da15b19a06e873e6d7a76d657211a8b62e744	17182182	1048	16	16	png_01062DE6_16x16.png
1bd091f128280b3335abc9f50c5685ee619377e3	17183234	1228	32	32	png_01063202_32x32.png
7fefcd4a503de17b27ec132e0bb12d4ebd933acd	17184466	978	32	32	png_010636D2_32x32.png
e745fbe885ca2ff9ff10d7aec4a90c3b60cf5613	17185448	1531	64	64	png_01063AA8_64x64.png
ea9a3fa677ec3b8fd14af569734783223f1347a8	17186983	1324	32	32	png_010640A7_32x32.png
4872b478c21563bd5bf9a673b2519efc526196a7	17188311	1127	32	32	png_010645D7_32x32.png
7b87ae9d6eb09376d96ef52dd724146bb7dd6159	17189442	1130	32	32	png_01064A42_32x32.png
5b951dbb7c8c066fabda8727d4567c146c3c837a	17190576	1201	16	16	png_01064EB0_16x16.png
6c36ea765bfa86eb21beff66812cd0fb0015d156	17191781	1107	16	16	png_01065365_16x16.png
305c164a76e960ec96b6b698921024d6e5347a23	17192892	1338	32	32	png_010657BC_32x32.png
9db634d537bdf7c1a4e356a107c454a322e24109	17194234	996	16	16	png_01065CFA_16x16.png
940fb28d30e057598f60d65a15d397fed6a529c3	17195234	1846	32	32	png_010660E2_32x32.png
4d11ee9a25b48e5b697507d88f97e9d6b19abd0a	17197084	1251	32	32	png_0106681C_32x32.png
6cf58649db792067684584001cc4d6d7d1014c16	17198339	1125	32	32	png_01066D03_32x32.png
da19372daca7691ff4c8951034075f9e22c8e6bc	17199468	1846	32	32	png_0106716C_32x32.png
3bb39a809a8965ea7d68ee719aad291cc5651390	17201318	988	32	32	png_010678A6_32x32.png
9fc583ca76cb6378054b3c8f0520cd11ca2afc32	17202310	1026	32	32	png_01067C86_32x32.png
c0aec4352ae8949b6c5840eda2469e303b1ffd33	17203340	1046	32	32	png_0106808C_32x32.png
988f93cdf3a8a5f99b60440535fe9db72c60e9f2	17204390	1163	16	16	png_010684A6_16x16.png
0fe9b654b73c297393ad1b4dd0b3526b23276d9a	17205557	1309	16	16	png_01068935_16x16.png
7b2907a8a7213a1704e0f0aa06bbc39262d2bcd9	17206870	1385	32	32	png_01068E56_32x32.png
ee1cfb908fc6ef3a845357485dcc5d23b0fd9942	17208259	1121	16	16	png_010693C3_16x16.png
b8ee4b0930ea82c812593525931a13d8f66c7f63	17209384	960	16	16	png_01069828_16x16.png
aeaa67e92fc26516d111313c9ebfddc4e2a8cea9	17210348	1065	16	16	png_01069BEC_16x16.png
5d752979b536831d495dcd1ae8832c14f2a2200e	17211417	996	16	16	png_0106A019_16x16.png
b924e3480cb28d215d38582e40f0453a1b4040bd	17212417	1017	16	16	png_0106A401_16x16.png
9579b456a020f9db38ac865e043da46ec1cc8884	17213438	1148	32	32	png_0106A7FE_32x32.png
33f6b362dc08a0a26981249116c559bb716cba58	17214590	1124	16	16	png_0106AC7E_16x16.png
4d48d0785ac016607b8b20a09e87d148d0c8f152	17215718	1976	32	32	png_0106B0E6_32x32.png
223ad0a37ce36e47d6cd0a72d381d859fe85d0be	17217698	976	32	32	png_0106B8A2_32x32.png
bf31999bf9f7173d217a70c65a58e43d5c3c3c50	17218678	1208	32	32	png_0106BC76_32x32.png
13e9d0202bf17859eb8217b5b54cd208d939a074	17219890	1026	16	16	png_0106C132_16x16.png
9124712c2a3f7fa3fb60314bc5cdd4247489ee19	17220920	1031	16	16	png_0106C538_16x16.png
2e9bb26619ec328dc813a4ce8f096a1448e1425c	17221955	1108	16	16	png_0106C943_16x16.png
48fa578ef34c6db6fb3265b95093a713bdfab7fa	17223067	989	16	16	png_0106CD9B_16x16.png
d6897a6f481718844b6a6170a58db6a06d423ab8	17224060	1085	16	16	png_0106D17C_16x16.png
8d01c718dc61c93c2abec2fc4640adacf40512bc	17225149	1747	64	64	png_0106D5BD_64x64.png
9aab23129346741abe3cffb482386c1f2fcd8228	17226900	1107	16	16	png_0106DC94_16x16.png
096f4cb0de39e42f3da3bd4ce44952d54e49f249	17228011	981	32	32	png_0106E0EB_32x32.png
60e8d015ec2764226f221338dbb236c947f1b881	17228996	1519	64	64	png_0106E4C4_64x64.png
6efcbd838c5b5c5086209a2751976da1e30c03cb	17230519	1320	32	32	png_0106EAB7_32x32.png
0e342c6e5eca3f006d1257b3ba7c298c7d552b32	17231843	1239	32	32	png_0106EFE3_32x32.png
579973a4a26f439011162f3902aa9792ed1d0b3d	17233086	960	16	16	png_0106F4BE_16x16.png
3c618d46b920eb422a7caea5e63a5f72e29040c2	17234050	1033	16	16	png_0106F882_16x16.png
eb9b4e3eec4f5602291a5aa99a84ada4c0779f0f	17235087	1025	16	16	png_0106FC8F_16x16.png
c47c9660a8c10f114d027c3b5334c8823910b3a8	17236116	1374	32	32	png_01070094_32x32.png
9a53cae82f54ffb86b545da1e67d0b0e735c1752	17237494	1090	32	32	png_010705F6_32x32.png
a6cd53a40e0980b06faea66d336ff7b0bb7b2469	17238588	1345	16	16	png_01070A3C_16x16.png
b502e33a44768877b2e3a78107f67fdd56d6b8d1	17239937	1347	32	32	png_01070F81_32x32.png
5194dfeba0465e21a5c4b4b04761103e5947cab2	17241288	1170	16	16	png_010714C8_16x16.png
95e084dec51b81f8d8f6ac77cebfe02104e85baa	17242462	1460	32	32	png_0107195E_32x32.png
dac99da5a97ff1647ec73a8e64a9d0e8dd751716	17243926	1134	16	16	png_01071F16_16x16.png
60faa9ed974e9428c88353c798244b26e85cce41	17245064	1002	32	32	png_01072388_32x32.png
66ab85ead3ecdcaabab4e2191ff8921dff87f176	17246070	1006	32	32	png_01072776_32x32.png
13186eb8afc636fe855cd0999c2c7d826a7812e6	17247080	1095	16	16	png_01072B68_16x16.png
c04c9fea0229e27b965be2aed9b716fb26507613	17248179	1233	32	32	png_01072FB3_32x32.png
168bfdfb6946f5ed23f622c02fa0e898733df2ec	17249416	957	20	20	png_01073488_20x20.png
f9b5d870e0569806a36e81e2a5647581ed919c93	17250377	1075	16	16	png_01073849_16x16.png
7ac583be625d24e13e602a3245b3ac8d5a4e0e53	17251456	957	16	16	png_01073C80_16x16.png
5f6034fa902fc4ae7812cb078c9f537947ea2381	17252417	1089	32	32	png_01074041_32x32.png
67d783de1c55a0f9fbc59618e037bb89a26450c7	17253510	964	16	16	png_01074486_16x16.png
cfe95079e5f832fdd86f959bdb65dc14ff030fed	17254478	1097	32	32	png_0107484E_32x32.png
cbd41f90b93dc26da7a0e4e23faa25bbf678ed72	17255579	1268	16	16	png_01074C9B_16x16.png
e93ccac49de1ce2146f18d80e49aebd07967bf76	17256851	961	16	16	png_01075193_16x16.png
329d6f579299bf3f02a02b886ac2839b2d32afe4	17257816	1186	16	16	png_01075558_16x16.png
7f049a8591f28d39fc988dab88e14c6e311161ce	17259006	1144	16	16	png_010759FE_16x16.png
8ced89dd8c90c72cb6397e6389c75a0e2eccc4e5	17260154	1680	32	32	png_01075E7A_32x32.png
e528fc1772cd14f83512eaa89be01cd752f0c54a	17261838	976	32	32	png_0107650E_32x32.png
48154ee6fd675ac4630d3d5dc34ec5b0271d6d26	17262818	1285	32	32	png_010768E2_32x32.png
c8e8abb029b6563ac8a1419f245279cc744f418b	17264107	1020	16	16	png_01076DEB_16x16.png
1c4a2b6dae9a2131339acdff7df146ed466910e0	17265131	1220	32	32	png_010771EB_32x32.png
64ec9e3f29e5c610f8018de70697f52bd6e481f4	17266355	1348	32	32	png_010776B3_32x32.png
1d5be3c76fc90e9c83c6674afda4d506f1f5609f	17267707	1011	16	16	png_01077BFB_16x16.png
36c8db92615eb96f1af3f1aec9001d9beddbec89	17268722	940	16	16	png_01077FF2_16x16.png
9c573725539087356d9cff5d8b1bf083d10e72fa	17269666	1105	16	16	png_010783A2_16x16.png
26deed1bc700f4a944c191a18bcca09f82644e8e	17270775	1171	16	16	png_010787F7_16x16.png
86cac0493175957bc09b02d130909c8c6be18acd	17271950	1293	212	120	png_01078C8E_212x120.png
7d61670cfaf52bb876ce438d31c7766badfbbfb6	17273247	1062	32	32	png_0107919F_32x32.png
b2714d97c216760b5e3827e0f94f4a325634c27f	17274313	1104	16	16	png_010795C9_16x16.png
cc228d94839e13b8a2280cf08c5d2d44471c7239	17275421	1125	16	16	png_01079A1D_16x16.png
ab0b8a6701e496540a17ed57fb8247be8ad1253e	17276550	1072	16	16	png_01079E86_16x16.png
b0035c6dec2ca8f0ace7ffd84cebad0c46a3ce6c	17277626	1074	32	32	png_0107A2BA_32x32.png
acda6e32bb1810376e543dbe7ed8472937dde580	17278704	2099	114	114	png_0107A6F0_114x114.png
59ff77616b057f689e8b00f87db6ad961ddea05b	17280807	972	16	16	png_0107AF27_16x16.png
f530ebdbd3d0b4d8e25a46e71430cde4f90d4d42	17281783	1072	16	16	png_0107B2F7_16x16.png
1a0420b2a52c63856014e12284b0512f2effb1eb	17282859	1006	32	32	png_0107B72B_32x32.png
3ca402c3c44de8966da73647f401fb3f5cad9d1a	17283869	1216	32	32	png_0107BB1D_32x32.png
5b6bb1b038dcd1c1a2b9d1c7ee6c3bc6d509c47a	17285089	1542	32	32	png_0107BFE1_32x32.png
0f82c0dcec22bb37262c4177dcbb347419ba8213	17286635	1049	16	16	png_0107C5EB_16x16.png
18152c1e9a029388f7b1f5f84e90e83b4996a2eb	17287688	1150	16	16	png_0107CA08_16x16.png
10e0b5e569ab34eb7c43e94564a993a94452f784	17288842	1729	32	32	png_0107CE8A_32x32.png
e0e96d59a7da9151cd36386c283672643843f961	17290575	1106	16	16	png_0107D54F_16x16.png
4caedfdbb8dd9312cec408963b06139c203415de	17291685	1777	32	32	png_0107D9A5_32x32.png
7e1e8f4f616ef6ff1378012b891f253b20409998	17293466	1186	32	32	png_0107E09A_32x32.png
27892c745507d5290fb2f85825732a66e5560dc2	17294656	1097	32	32	png_0107E540_32x32.png
7c7865bcc7d66206d11356bd258cc65493b1d271	17295757	1610	64	64	png_0107E98D_64x64.png
6cb6a05d6cc30760b5d2a545f5ccf691dd3d51fd	17297371	1144	16	16	png_0107EFDB_16x16.png
0ddbda39943bc318ac98d731b488d6e6fb449e03	17298519	1595	64	64	png_0107F457_64x64.png
ffc1200dc747370e2d3957876ac613acfb83b124	17300118	1157	16	16	png_0107FA96_16x16.png
09846626225f82e47ca8f0a461a65be126495204	17301279	1111	16	16	png_0107FF1F_16x16.png
f68e9c4160ce55c7943ad5da9fd8c0321af27a8b	17302394	1264	16	16	png_0108037A_16x16.png
6028b57be25037e8996889d77e0be9e9405dec50	17303662	1361	16	16	png_0108086E_16x16.png
d25e63207cf36508d91511c1d765b15a256c77f3	17305027	1164	16	16	png_01080DC3_16x16.png
8ea3d45ec2174d2a077d3bafaa6ce966e1788d9b	17306195	963	16	16	png_01081253_16x16.png
39ad3af4e3eccc3c1930bc3dafe09d7c42766645	17307162	1282	64	64	png_0108161A_64x64.png
41f0653403b1bbd9e2dc02f200a224ad8ad294eb	17308448	1112	32	32	png_01081B20_32x32.png
a87b2fa5263032e6f70d5412b3d4b4f38bd903ee	17309564	1416	32	32	png_01081F7C_32x32.png
9198007be5c5517b748e3ee657630a196c11d69c	17310984	1077	32	32	png_01082508_32x32.png
f77845ee100ae8123c14135b382f6ad4b0a45635	17312065	982	16	16	png_01082941_16x16.png
c354001fe64526544a5b8bc07c80c8256517e8dc	17313051	1181	32	32	png_01082D1B_32x32.png
d731c03e245a17481d545fc78c53db615a4e05dd	17314236	1069	16	16	png_010831BC_16x16.png
d3466a42629c15ed3c77b8abf4e319c301229865	17315309	1095	16	16	png_010835ED_16x16.png
e11191bee4c756ed39224427187fbc04cdfda9a7	17316408	1022	32	32	png_01083A38_32x32.png
3aeaebce8ef56e737c014ba3b82bbb6a76132daa	17317434	1075	32	32	png_01083E3A_32x32.png
db43bd04b5c95ccf4607b58c87f3e93c1678e062	17318513	1042	16	16	png_01084271_16x16.png
26db6a769176945154c0edba0d698cb8269f9f18	17319559	2113	128	128	png_01084687_128x128.png
9c82315813f46998abc55812fbbde4cb48f4696c	17321676	1215	32	32	png_01084ECC_32x32.png
8435f84bee582d4fc6849263f7a1c408e0aaa62c	17322895	1058	16	16	png_0108538F_16x16.png
0d25b75bc486339098701e0f624fcb9c8b12dbd5	17323957	973	32	32	png_010857B5_32x32.png
522b8707e87b80aa8c8c31e953281d060449d319	17324934	1132	16	16	png_01085B86_16x16.png
40713d0f9903d030d544aeab4129b9bc27a8ad99	17326070	1256	32	32	png_01085FF6_32x32.png
9bbe6cafb7b3e0cf1c56fa45d7b9d04b37a78b23	17327330	1138	32	32	png_010864E2_32x32.png
e9549abd905fa7f6c25515058b47e84ccf06a7f1	17328472	1309	16	16	png_01086958_16x16.png
c8c77a1e289b8fc7c7eb8d70444c67060fcc1fd3	17329785	1661	212	120	png_01086E79_212x120.png
b88b097ce14dd9250005854bf6741a6b8b71b54b	17331450	1147	16	16	png_010874FA_16x16.png
3a611d0b9089d2d563c0f07f677d626b3cbc8018	17332601	1270	16	16	png_01087979_16x16.png
d803ddfc52386c141035c40c7cece309235a6c14	17333875	968	16	16	png_01087E73_16x16.png
05881efc18f31136dffed6784ea2db533fcc8db5	17334847	1040	16	16	png_0108823F_16x16.png
6deb309d24ac93f61ef71b1d0fc91e99c6e3fc21	17335891	1425	32	32	png_01088653_32x32.png
725bd036860f05c2e600495ce75765d050c56ac2	17337320	1002	32	32	png_01088BE8_32x32.png
64b601a5e746bd4b3aba25b26cd5a9058972e8d6	17338326	961	20	20	png_01088FD6_20x20.png
88cf0aa2d00f19ed4e141e41f769ac39a4de696f	17339291	1153	16	16	png_0108939B_16x16.png
e3fe0d3dbe433fdd6842ce9024fcb7a2986dd3f3	17340448	1287	32	32	png_01089820_32x32.png
fb50b1272a4ebda8484636e17d62b6a0c79a513e	17341739	2015	128	128	png_01089D2B_128x128.png
ac44c27c3b8b4132e36f808e893e9f99af6d5ded	17343758	1001	32	32	png_0108A50E_32x32.png
da8d838d2e69825210b6dd28f34a6f5b02722802	17344763	981	16	16	png_0108A8FB_16x16.png
14d4c83ddc4d752aa8b602e7a9ebc929f122012a	17345748	1058	16	16	png_0108ACD4_16x16.png
38103743eaa6ebced69f01ec878aadd2247b6aa2	17346810	1490	32	32	png_0108B0FA_32x32.png
b1217dd5965bc126c0e0d1e2441e1af4316be3c8	17348304	1233	32	32	png_0108B6D0_32x32.png
6592ea5ea88bd11acae7dc27979def3fc0b7f381	17349541	969	16	16	png_0108BBA5_16x16.png
33da3f0748cb8e98ace321d3c7c7139e6c9eed39	17350514	940	16	16	png_0108BF72_16x16.png
ad1151e266d7f1a27276c169ed22a743e0d387ce	17351458	1353	16	16	png_0108C322_16x16.png
f0d6f63be9129d754231e3b66eb21f5039b56217	17352815	1003	32	32	png_0108C86F_32x32.png
a777dfd747e4fb316fa28eff07962b4655030031	17353822	1246	32	32	png_0108CC5E_32x32.png
bf4938a98be59c23b63a90ed296112b96cdcdf04	17355072	1086	32	32	png_0108D140_32x32.png
a681ff1838444e7badc2cc61a2f6533768aa3ffa	17356162	980	16	16	png_0108D582_16x16.png
f64ddc9d0a499152dfcce29a8ffdb11cc0499286	17357146	1118	32	32	png_0108D95A_32x32.png
9dc37dd931f39a48f854d74406f1f220cad17194	17358268	1027	16	16	png_0108DDBC_16x16.png
a09d3b7800930ae3cc30f54a119a0c53c8b217b6	17359299	1373	32	32	png_0108E1C3_32x32.png
f572f8630cccdf352d2da314e9674569edb34c05	17360676	1194	64	64	png_0108E724_64x64.png
bfedbd3906d14e7568e8e9620b537f649d118668	17361874	1441	16	16	png_0108EBD2_16x16.png
3b74f05f3e012bc89f54a8c9fd40325c4d166846	17363319	1048	16	16	png_0108F177_16x16.png
d1194516bf0317952534c11453691b5a33f5e858	17364371	1114	32	32	png_0108F593_32x32.png
689d671c703c0c293826789ae87d12319f5dee14	17365489	1050	40	15	png_0108F9F1_40x15.png
dd6969c03f86d3557a6a88aef430bf4df43d85d0	17366543	1040	40	15	png_0108FE0F_40x15.png
c04a52f6d69161a36f7dd2222a20af79f9304a51	17367587	1160	32	32	png_01090223_32x32.png
fe5761a40c450950ab71316ad1266f66ff096e96	17368751	1117	32	32	png_010906AF_32x32.png
1d894ea7753ebf0f857e25c065580b7b4680d9e4	17369872	1056	32	32	png_01090B10_32x32.png
e0f3d326fcf32995313bdd206660250644c7ce3b	17370932	1468	32	32	png_01090F34_32x32.png
6cab14ef1f087a6da7fc8ec614575f3b56e88e72	17372404	1126	32	32	png_010914F4_32x32.png
44906af5356ceb4ee581cd1af1573190080cd1bc	17373534	1154	16	16	png_0109195E_16x16.png
eda59206a085b80b375b89a48fdf49cd34cef5f7	17374692	1196	16	16	png_01091DE4_16x16.png
ffcdcf07fcd7cbfc4bbc843317a6f31ea05b6dc7	17375892	1082	16	16	png_01092294_16x16.png
4118ee41f446e6b3e90d7a28533c7d572d4a8d60	17376978	998	32	32	png_010926D2_32x32.png
b16ceac29e625376d0da51f5e9203e99794f6ddf	17377980	978	16	16	png_01092ABC_16x16.png
60a2f56153cae6b38797be4d0ea25b1b92065e1e	17378962	1688	64	64	png_01092E92_64x64.png
226328510edb7f26e82a9bed01ee70d41967289c	17380654	990	32	32	png_0109352E_32x32.png
550ff30250a2f8ada048d7631130960dcae8e0fd	17381648	1361	32	32	png_01093910_32x32.png
164389aa529adcb338a849d25406de50cfc06adf	17383013	983	32	32	png_01093E65_32x32.png
45d399a83f109b0d797286d66e6896fcfcb57129	17384000	1769	64	64	png_01094240_64x64.png
dd64cd59f98a1d2599bb5ebad155eb184e0fe94b	17385773	1105	32	32	png_0109492D_32x32.png
d1f3ddca01d274db88fe52233cdccd3d5d30de26	17386882	962	16	16	png_01094D82_16x16.png
44c01b86b616d9db0aae969f91326cf80befb5a7	17387848	1036	16	16	png_01095148_16x16.png
5d157f904aac17fdb989ed9d933a4b8f69296f1f	17388888	1057	32	32	png_01095558_32x32.png
01ca9c1b2267a5faf9d80ccd559fbc73508d5f54	17389949	1355	64	64	png_0109597D_64x64.png
ee774dfb771b682af3e7bfcffb8896d229093ddb	17391308	1511	32	32	png_01095ECC_32x32.png
b1e32d35f346bdacc0a16c78d03d42a25be313f8	17392823	1043	32	32	png_010964B7_32x32.png
52e2f7f5bb71e59d2f233e382cf34cc237aa82d7	17393870	1135	32	32	png_010968CE_32x32.png
b16a0bc1bc9f963c1f777a3b0ada546fd94e5d27	17395009	1145	32	32	png_01096D41_32x32.png
6b681cec0eba9dc232f897f8d20eae73c9cee731	17396158	1165	16	16	png_010971BE_16x16.png
fd8436ed5f3c5700d148fb65a6dd10050b8cfe0c	17397327	1187	16	16	png_0109764F_16x16.png
7af678dbfca2eca0e9d144a0a9ec33a8b4e31ab7	17398518	957	16	16	png_01097AF6_16x16.png
f1ed564f33557c747ea54a22008e88be0443bdb6	17399479	1186	32	32	png_01097EB7_32x32.png
446705be64695ba2921903e2bff5b0c6ecac3c5f	17400669	1117	32	32	png_0109835D_32x32.png
7d7ca18d3c0ac6a0749496ac47f67e236d888fd9	17401790	1073	16	16	png_010987BE_16x16.png
daa678fd0c0fb100bfd43b091b1a27147ab0747e	17402867	1191	32	32	png_01098BF3_32x32.png
c3d30098011c56f85d7b6512db53115794368fbc	17404062	1177	16	16	png_0109909E_16x16.png
55695ab0395e1f46cb16ad9f2d64652812e7604b	17405243	974	16	16	png_0109953B_16x16.png
30cece7044bb313ecdfaf743c0ba83e4b20c176b	17406221	1425	32	32	png_0109990D_32x32.png
5f0e06a26d6869bc12de59a59f8137f3fa1dc909	17407650	1098	16	16	png_01099EA2_16x16.png
720a4c68b1a91848b6d8d2d707cfae38d362b797	17408752	1150	16	16	png_0109A2F0_16x16.png
0f15d727d14bed82cd730d3200414f243bd6b510	17409906	1171	16	16	png_0109A772_16x16.png
2ebee3d693a1c6b70d565b5f277a35eb72d05d52	17411081	1350	32	32	png_0109AC09_32x32.png
7751de1dc68b69140189a3eca5efc1b70f4ab877	17412435	1293	32	32	png_0109B153_32x32.png
6b70fbaf4da823ac09a4293863949c317243e5e0	17413732	1606	64	64	png_0109B664_64x64.png
dfb7b999e79599fa0b39200daa2bdab3766a48d5	17415977	1531	64	64	png_0109BF29_64x64.png
26042263e41697fea46b063aeaec2d9954a7e86c	17417512	1044	32	32	png_0109C528_32x32.png
58a80a1c674c6517a71302edf9c3005b510ccceb	17418560	965	16	16	png_0109C940_16x16.png
c8fc91a0c6d54ef0a6f0887cf949600b542101aa	17419529	1216	16	16	png_0109CD09_16x16.png
5c4f44a4faa16c324a4960a0eabf8721a7c0244c	17420749	1156	32	32	png_0109D1CD_32x32.png
fff4b39bf78d83e9da51384a8c70623d1eb799f6	17421909	1103	32	32	png_0109D655_32x32.png
4e29ffce31468294ce6a6e7bb8acd92b7389e71a	17423016	1729	32	32	png_0109DAA8_32x32.png
f238506fa96911daa31ba857bcf28f03112ab7bc	17424749	1219	122	122	png_0109E16D_122x122.png
52c00aca3121d64f40646602ec3400c6375646df	17425972	1308	32	32	png_0109E634_32x32.png
1e0159cb786cf7397391d30dac69cace602df8ee	17427284	1587	64	64	png_0109EB54_64x64.png
e98e8d9383c9d171016a6bd21d26f7de9b92c1cc	17428875	1181	32	32	png_0109F18B_32x32.png
b987e9087505710be9f44b1fc500908f8292e1bb	17430060	1099	16	16	png_0109F62C_16x16.png
f7efa82a0e1dd3d285074e16e8d3fc346b3b06e2	17431163	1069	16	16	png_0109FA7B_16x16.png
3787388c899b80ddfc7e1cceb22e9c8ee5f9ba15	17432236	1193	32	32	png_0109FEAC_32x32.png
90da13f39a70f8e9040f4324d3085e70d99484fc	17433433	1854	32	32	png_010A0359_32x32.png
7b1bdb1ec14e64ad406af4a744580e16c587d024	17435291	1136	16	16	png_010A0A9B_16x16.png
737b04013a8de33eec6e913226515522981d5695	17436431	1421	16	16	png_010A0F0F_16x16.png
c110c9648f1ec644acd6b4013df901d585448754	17437856	1146	32	32	png_010A14A0_32x32.png
35283a40e9dfa6962b729d3eb383cfa139b9ac3a	17439006	1041	16	16	png_010A191E_16x16.png
e0c0262442a4e702ec513247715e63c3ef77cbf8	17440051	1846	32	32	png_010A1D33_32x32.png
99840e1b6cf78ef485c7691431005d5c0d91abee	17441901	1344	32	32	png_010A246D_32x32.png
675446849e3efea32e51d4f005e76a1925cd43d3	17443249	989	16	16	png_010A29B1_16x16.png
368932a042429853f620494010a97ec1341c6d51	17444242	1102	32	32	png_010A2D92_32x32.png
9233159e9aa13cdd1a327e3a2431e922b36bec73	17445348	1063	16	16	png_010A31E4_16x16.png
c504e89a5bc59538c4730ea6c19c6440fa10d054	17446415	955	32	32	png_010A360F_32x32.png
b8ebb34a2c47f9e3feea19c29a345dd6c66432f7	17447374	1177	16	16	png_010A39CE_16x16.png
75ae047f2fc2d9bb56138124230f2f13d5cbe9b3	17448555	1093	16	16	png_010A3E6B_16x16.png
6c74d46b4d7b1a55ffa89986f53879a2ddbd64b6	17449652	1089	16	16	png_010A42B4_16x16.png
ae9908fbfabe5acdc3fe1db5352a5f10d10e1420	17450745	1074	16	16	png_010A46F9_16x16.png
e11b3ab7e4d5db49bb4d2f6b275b75bab276c7f6	17451823	1213	16	16	png_010A4B2F_16x16.png
4d692889fa221c99da000032f535a32b498868cd	17453040	1272	16	16	png_010A4FF0_16x16.png
b9788a2c90788c77abfa276adcb54a36dfc0b07b	17454316	1032	16	16	png_010A54EC_16x16.png
e7e2612f9d94cb6645973b2bd5ef7263ba277bb9	17455352	1214	32	32	png_010A58F8_32x32.png
2a1607a20e8255a6cadb2691dba188a29e310e64	17456570	995	10	26	png_010A5DBA_10x26.png
4f4b3168531c231131986588815d5f909c8a3442	17457569	1398	16	16	png_010A61A1_16x16.png
6009ad1ab2a5c2ff9ea5abf705a3369317157ff5	17458971	1063	32	32	png_010A671B_32x32.png
b70c9a01bf5512a36893e7f090b17ecabd0463a2	17460038	1166	16	16	png_010A6B46_16x16.png
afd41e178493c0fa1729b38f4f5fe58f52b460e3	17461208	995	16	16	png_010A6FD8_16x16.png
54a1731cb2c4af83b02d8f85e6addc9dddcd34a6	17462207	1075	16	16	png_010A73BF_16x16.png
c4276e4e5e63e0c61c3bb626950a6f11644a97fd	17463286	1166	16	16	png_010A77F6_16x16.png
a3ebf9b17e4d42d5c08cd2c6e923687f85203099	17464456	1282	32	32	png_010A7C88_32x32.png
445bcb8523680870ced4bd7ae5839ff7c0c10e39	17465742	974	16	16	png_010A818E_16x16.png
62d30e85c94a65ae5761a0f13c9fe100a4ebc7ac	17466720	1357	32	32	png_010A8560_32x32.png
2010bafc3cedff420f4bddb002259e74b21f5bfa	17468081	958	16	16	png_010A8AB1_16x16.png
2d84498381d064f663fd60940088dfea4ca2d9f2	17469043	1539	32	32	png_010A8E73_32x32.png
e0335b5499d15eebf9670caa7e2da928078fb12d	17470586	1037	16	16	png_010A947A_16x16.png
ba0e7753b821132703906292e308dc4c0c254232	17471627	1283	16	16	png_010A988B_16x16.png
f42f8c5068202d2af64fcfa2b179724787739759	17472914	1111	16	16	png_010A9D92_16x16.png
494955776aae2ecdbb4e0498efd15bd75eb8618c	17474029	1165	16	16	png_010AA1ED_16x16.png
ffc93dee0e11d542a3763b7642059b3e3637be2e	17475198	1343	16	16	png_010AA67E_16x16.png
d0d27a0c782cd66a682104e742b3953f9233d213	17476545	955	32	32	png_010AABC1_32x32.png
42e61b2a308d13c55adfab9cb2d2f496b842eb09	17477504	1001	32	32	png_010AAF80_32x32.png
3854cec1bd9f07630f327480215684b8e6761b42	17478509	1171	16	16	png_010AB36D_16x16.png
1a59ea782fd1713fc8c43a8c0ec0ea0d8b7721e2	17479684	1022	16	16	png_010AB804_16x16.png
1223eda370f492f4e72df2c67538725b70ee73ba	17480710	1134	16	16	png_010ABC06_16x16.png
f4eae46e8e9447f58a1699683adbccf1bbae7ba5	17481848	1217	16	16	png_010AC078_16x16.png
0198e0af5233db34c5e9aea20f1ad2d605264da0	17483069	1042	16	16	png_010AC53D_16x16.png
f59ed86a542cf3c8eb2f3dd92b1d598a7ae9d0e4	17484115	1052	16	16	png_010AC953_16x16.png
19090a5364a7c79d04894339c538df21b54bc9b1	17485171	1131	16	16	png_010ACD73_16x16.png
83ee081895a38d9f9d913693ba47d330bce88966	17486306	1086	16	16	png_010AD1E2_16x16.png
cdb31fc4808242a0aa3bf52dc3329effbe9e66ba	17487396	1211	32	32	png_010AD624_32x32.png
6750792b75e2b4536e3d6255530d1a205a4fc531	17488611	1410	32	32	png_010ADAE3_32x32.png
aeedb5a515ccd5ba05b506e138f40fb5f9cb09e1	17490025	1126	16	16	png_010AE069_16x16.png
50c3a891f281185e0cfe7e9861f5b2495a73d7e8	17491155	1181	32	32	png_010AE4D3_32x32.png
c808859a70cb346d4359f0c4d430a2f5078a0c36	17492340	1111	16	16	png_010AE974_16x16.png
4fbb6356292ed67f3e09de9132681b758b869c4a	17493455	1376	32	32	png_010AEDCF_32x32.png
fa32952fe6cbcfeddf17888a0054ad74e6a4c854	17494835	1241	16	16	png_010AF333_16x16.png
4afaeedaa20b3a4735d815bbc4f8ac8e2ae31f53	17496080	1278	16	16	png_010AF810_16x16.png
fae093f5ebad0b718855959c9ca50d25800da761	17497362	1440	32	32	png_010AFD12_32x32.png
8c08dedcebe8081e72cb64c4e7bb2533c1e1723e	17498806	1183	16	16	png_010B02B6_16x16.png
212e55382594bade5cbebadd59dae823ce276298	17499993	958	16	16	png_010B0759_16x16.png
c25db6afe8bfafeeb63a27450ec1cbc8d55d1c28	17500955	1320	32	32	png_010B0B1B_32x32.png
a98c974723535e17cac2a532a1a77934ac063653	17502279	15218	1004	156	png_010B1047_1004x156.png
52225b2a5edaf6cf7a7f5cd336e1f06d74764744	17517501	956	16	16	png_010B4BBD_16x16.png
9507b9a1112fc3ea6d6467d70b879f36841f7825	17518461	1204	16	16	png_010B4F7D_16x16.png
69f345c1545812806ac51b8335c376bdf6936b40	17519669	1110	16	16	png_010B5435_16x16.png
6589ae97ece65f7b300021971afcc14cdf989959	17520783	1034	16	16	png_010B588F_16x16.png
22b9ce4ef7b41cdf38b056be4b9c5ad2a9b6454e	17521821	977	32	32	png_010B5C9D_32x32.png
d60aaf4313f267f1e14e76a69c959364dfd43095	17522802	1234	32	32	png_010B6072_32x32.png
6ebc937032ce2799331ee6944986f41d1168b9fc	17524040	1425	32	32	png_010B6548_32x32.png
10e1e9164eebe8965ccd5221d69ec6ed5ce8f479	17525469	1788	460	232	png_010B6ADD_460x232.png
be8bb36d8efec94c0b4e9377208e55bc7a459bce	17527261	1153	32	32	png_010B71DD_32x32.png
da4beb6b8200d799bce8e591693e2066ae50f7e7	17528418	955	32	32	png_010B7662_32x32.png
c0a070ca563db6fc16e709164816bbea16070d66	17529377	1367	16	16	png_010B7A21_16x16.png
085a82ca71d03c82f2b3c8fc2b0cc8632bf5b351	17530748	976	16	16	png_010B7F7C_16x16.png
3e49f6152804d34a808fa69b272d53170ab734c3	17531728	989	32	32	png_010B8350_32x32.png
66dbc2f8c92bf979ecd6b7965c1135e1c8714309	17532721	1353	16	16	png_010B8731_16x16.png
ffd159d3d4d35780ad97b25df6c8abc577668c8a	17534078	1117	32	32	png_010B8C7E_32x32.png
5185c7040cdbfeca12e3de11e15655b0f8796d52	17535199	1009	16	16	png_010B90DF_16x16.png
e97edc1c539a1ae4703634f41df5f6560a7202a8	17536212	1147	16	16	png_010B94D4_16x16.png
edf9513ffd5d75f9c0a345f32759cec498a24517	17537363	1032	16	16	png_010B9953_16x16.png
7cfadcc70c58711493316a11e2d02b33f7075cbe	17538399	1395	32	32	png_010B9D5F_32x32.png
8d97fe2564772ffca6572171e5f6aaf95f25ba9f	17539798	1407	64	64	png_010BA2D6_64x64.png
bdb46b24e8c8065a7987c2d7306419548911fe5c	17541209	957	20	20	png_010BA859_20x20.png
64ef1e1b3d7f91ae90341af5386711a37e9fff18	17542170	982	16	16	png_010BAC1A_16x16.png
64058292441a0b6efb5cac6b4872a2bf8e80e94c	17543156	1360	32	32	png_010BAFF4_32x32.png
063d65557f46f750ba08816e75d795f54de81a07	17544520	1415	32	32	png_010BB548_32x32.png
be7e9acb8b326ec88b3ebabc47bba2f78b5cdee8	17545939	1293	32	32	png_010BBAD3_32x32.png
35c4254cdc11b0b3b363840f13722d9411118528	17547236	1046	16	16	png_010BBFE4_16x16.png
09c21c00521d819ed812ae00c9257f9b4912559f	17548286	1019	32	32	png_010BC3FE_32x32.png
39b538003ca047137abaae0b90fd13021a59b28d	17549309	2518	64	64	png_010BC7FD_64x64.png
fdfab698dfefda03891fac101e92111d5c521fdf	17551831	1370	32	32	png_010BD1D7_32x32.png
c6f2ad8a61e3b32166e583026a6252cada8faa21	17553205	1035	16	16	png_010BD735_16x16.png
2917244e10da88b4d4997d554e18e77fe7dfcdd9	17554244	1073	16	16	png_010BDB44_16x16.png
a0c5bd8b5ae4705a630e2a64005b05e1e0838a89	17555321	1591	64	64	png_010BDF79_64x64.png
ee6d3f7f8be79f94fa70c1af6bf4399d7b951b6b	17556916	1059	16	16	png_010BE5B4_16x16.png
78857372081242b1b207fa0aca6a76f3a56c8d77	17557979	161	16	16	png_010BE9DB_16x16.png
28b3da20e771989ed593f8547ad33a0a6bb1b99b	17558144	1003	16	16	png_010BEA80_16x16.png
6789aa8e276697379ef80c6e7d2293cb81005be0	17559151	954	20	20	png_010BEE6F_20x20.png
0cb7625da9a7b695ecf1ecdee88bc875919660da	17560109	1030	16	16	png_010BF22D_16x16.png
76e8b15c767aa0e9767697d6cab40d1ed276fa70	17561143	1016	32	32	png_010BF637_32x32.png
c404b2a0d0a0c2ccf2537f91f43b5188307a1436	17562163	1101	16	16	png_010BFA33_16x16.png
192cc8dcf61a555008382e67f87dc03335980b6c	17563268	1181	32	32	png_010BFE84_32x32.png
888c2b9ecf702b0e9213a2d8015853080f7ca5ac	17564453	1173	16	16	png_010C0325_16x16.png
6641e6d5579afe9e5f87686732a65d0b2003d1b8	17565630	1318	32	32	png_010C07BE_32x32.png
2998049c89e51f1ee52a78eb8cf0a1205e2b74a3	17566952	1214	16	16	png_010C0CE8_16x16.png
581b231c35032958c4f3ea7c37a6c78c4696a754	17568170	1056	16	16	png_010C11AA_16x16.png
f9935f5f39c368a7296a36ce82261ded899a10ac	17569230	1188	32	32	png_010C15CE_32x32.png
c5f15575c0559e028e84f29d85e8beb6ea92aaa0	17570422	983	32	32	png_010C1A76_32x32.png
0ed07b5d25f52b0a410678e0fc335293b7c51371	17571409	1141	16	16	png_010C1E51_16x16.png
b1f0c0d68db26a44b5ef1bebe112aa665f77af90	17572554	1109	16	16	png_010C22CA_16x16.png
9c48f44cfa0fff6082c2346be5d2ebb4338a125e	17573667	1431	32	32	png_010C2723_32x32.png
48522abdf89c3956d9a7712560f5b0f33512c37d	17575102	1666	32	32	png_010C2CBE_32x32.png
f64077d536a5f76d97b0a941a4df3de8682e833d	17576772	982	32	32	png_010C3344_32x32.png
c87f21e657c221af72222b0bcd0abd3cce7084d2	17577758	1337	16	16	png_010C371E_16x16.png
5271d8f6ad7ec475bc408eb8a15cebf834a2e47b	17579099	1367	16	16	png_010C3C5B_16x16.png
b180be6798bb75f654729ca99c0ba666da810bb9	17580470	1082	16	16	png_010C41B6_16x16.png
b0c79b7e4f8d02b7e87992209d8a340b7ad5449c	17581556	1119	16	16	png_010C45F4_16x16.png
9ff86f41a43cc8e90896de36be081d0a850af811	17582679	1015	16	16	png_010C4A57_16x16.png
e65cc79e5c5c5927e3ef17d8f2b57a0d9e84c3ff	17583698	984	32	32	png_010C4E52_32x32.png
f103f5f54d25809cc4c2e180fc0dd59eba6556b0	17584686	1080	32	32	png_010C522E_32x32.png
189d31a59a2d29a576e0ea6fc8f8a5af6b307df8	17585770	1238	16	16	png_010C566A_16x16.png
b2063d93941cbac02544e0b0ab126bd01d667037	17587012	1012	32	32	png_010C5B44_32x32.png
e13be391dd2512ab32b608188bbe1e506b388605	17588028	1200	16	16	png_010C5F3C_16x16.png
ecc4228a1cd2bc9d57f1cdcc424b121157d51c48	17589232	1785	32	32	png_010C63F0_32x32.png
48437362426210be5844c498140c9e908c6f8f60	17591021	986	32	32	png_010C6AED_32x32.png
0c0279868fa09085381ee46a2a4e4dddc2147474	17592011	1284	32	32	png_010C6ECB_32x32.png
2c11d7e9f7f531ee472faab6b52a12dd9ddd5099	17593299	1018	16	16	png_010C73D3_16x16.png
12c061199595a51b8a6f4f57091ca2e3b782007d	17594321	759	16	16	png_010C77D1_16x16.png
7a8d204a0abbc439ac2a6d165b98df8384b503b7	17595084	1012	16	16	png_010C7ACC_16x16.png
89166faddddd90fffd8436c46acf7b6755a4f296	17596100	1333	32	32	png_010C7EC4_32x32.png
7b3910a86930da529f34a22e3d353f4ffb308178	17597437	1023	32	32	png_010C83FD_32x32.png
0444609bbf93a5e5d0a87952cfae233a90aa43a6	17598464	1954	32	32	png_010C8800_32x32.png
df90f2c7f7557b664076e03a43e77c9d39eae68c	17600422	1036	32	32	png_010C8FA6_32x32.png
cba5664048dfa1ebb1d7a80d57a5255ef8492ce0	17601462	1257	16	16	png_010C93B6_16x16.png
d035a23ec43cf1535b87f2f134ba2fc77080f67e	17602723	2083	128	128	png_010C98A3_128x128.png
d824f03fb47d47ae33dcdc842c7825414c51d87d	17604810	1051	16	16	png_010CA0CA_16x16.png
aca43c1e818f4ecee36c35715ad4467947c39953	17605865	1003	32	32	png_010CA4E9_32x32.png
35e4c249a784669d663583a26853fa4b09a2fb65	17606872	1167	16	16	png_010CA8D8_16x16.png
913a97e5ae702b9a5171ee045f1055383ce49bb8	17608043	1050	32	32	png_010CAD6B_32x32.png
ca66c53d94467fce348bfe002d32970710b97f98	17609097	1084	16	16	png_010CB189_16x16.png
ebf54570182c30c2b03f92ead9a789473dd6a7cf	17610185	1141	32	32	png_010CB5C9_32x32.png
2e4779aa59ea18d4b5219d37a3f808431142b1d6	17611330	1122	32	32	png_010CBA42_32x32.png
03236b7efd7e13ddebbc5dae56214df1e4d94cca	17612456	1419	64	64	png_010CBEA8_64x64.png
383e54f9747d584e4d7fbeb511277c57bc664d3b	17613879	1011	16	16	png_010CC437_16x16.png
cbbb92e032b496658b6332e856a31ed6226cdbb3	17614894	956	16	16	png_010CC82E_16x16.png
9786c70450fffbd306130748478ec08323d3f59f	17615854	1183	32	32	png_010CCBEE_32x32.png
67c2fcf1b8370e8418fb0e9e06ce23abc81b2cb3	17617041	1574	32	32	png_010CD091_32x32.png
cc57d888095d2480e1c9c206280ec3e542230b83	17618619	1238	16	16	png_010CD6BB_16x16.png
c8de2d56bd77ae1352351b20f36eb2ac2dc47df2	17619861	1100	32	32	png_010CDB95_32x32.png
116491188d3c33a0d36c8462f680e349a6b3e185	17620965	1050	32	32	png_010CDFE5_32x32.png
88e5d17e4e20666a65ba7fbd3244bcb4d4644122	17622019	1441	16	16	png_010CE403_16x16.png
bfc99d56c90780ce1beec8546e8586d7cda55713	17623464	983	16	16	png_010CE9A8_16x16.png
21e058a6e68b17de77629952bc8c868a968dc6a8	17624451	969	16	16	png_010CED83_16x16.png
9048856618ad93c364ea98879b6372c00ffc3f01	17625424	1117	16	16	png_010CF150_16x16.png
c79229408d6c3fc9dda781c2bd3c99146ccb8c37	17626545	969	16	16	png_010CF5B1_16x16.png
57ee0b7173885986a11399e93a4b0a4726520735	17627518	1122	16	16	png_010CF97E_16x16.png
8a81ca225bd8273fe7a9b0f6034481233b10acf9	17628644	1308	32	32	png_010CFDE4_32x32.png
2132131e025b027e85ad858f5e4542e3b0548af3	17629956	1099	32	32	png_010D0304_32x32.png
cecceaa2f77f3980571c3845b6f4274f8e1a2014	17631059	1068	16	16	png_010D0753_16x16.png
eb079e3c1d1339514fc16aeb3bdbd93f51f0889c	17632131	1055	16	16	png_010D0B83_16x16.png
a9623cc7f81040bf5cac3cc8dbc1b03fa1703c22	17633190	1151	32	32	png_010D0FA6_32x32.png
aabd75f145e185669701fd16d229786dead60a5c	17634345	1003	32	32	png_010D1429_32x32.png
f1cc7fd29d329a6bbfc0b459c16ca4665e429ef9	17635352	961	16	16	png_010D1818_16x16.png
b824a1f4d9b08f1f8b20bfc288b1e4382fe5dba2	17636317	984	32	32	png_010D1BDD_32x32.png
432fc9f479fb40d3344af4603ceba6c2afb17b3b	17637305	1054	16	16	png_010D1FB9_16x16.png
2a80660739869fd3b02b51726b4637508be81ade	17638363	1521	64	64	png_010D23DB_64x64.png
a08d45569d8946011b1dbe746f70a44075441d66	17639888	1018	32	32	png_010D29D0_32x32.png
4a31d784e778b41e5097be949f4c12943c35de98	17640910	1204	16	16	png_010D2DCE_16x16.png
2da495b7a5a794143cf1dc2d77e7b3ed289164d2	17642118	1327	32	32	png_010D3286_32x32.png
4022c91a0893ea18c73a5670778eacab0d1d4b47	17643449	1710	32	32	png_010D37B9_32x32.png
cd463d41e33b168df2245f2ee78e45265c1cf2d8	17645163	1121	16	16	png_010D3E6B_16x16.png
bb13bbc30bd9c7ba7a5fa5f4d90f2716ed6176e9	17646288	1278	16	16	png_010D42D0_16x16.png
4216b9ed9b034fa4c038089664857e0d72f4a1b1	17647570	1125	32	32	png_010D47D2_32x32.png
7d3b59fbf283df8d1a88f45bcf16a7d8ed424db2	17648699	974	16	16	png_010D4C3B_16x16.png
d92010c47a40801465551ab5a98eecfa2813002e	17649677	1914	64	64	png_010D500D_64x64.png
2205ee247ec9badcfddb1deb9dc2d3f542cc5f17	17651595	1222	16	16	png_010D578B_16x16.png
fe2b87c122562b5779f060ba07c18c8198a9b188	17652821	986	32	32	png_010D5C55_32x32.png
d7b80333cb4125c28974483c11108b3fe1c77bbd	17653811	1180	16	16	png_010D6033_16x16.png
73143dd61fcfda19c4e5b0444d7b2ed3be79f903	17654995	990	16	16	png_010D64D3_16x16.png
0e06de38b05626c59082827194ed0437f123db72	17655989	954	16	16	png_010D68B5_16x16.png
b466990ea4372df3e74dc331c4d11832fc1306ca	17656947	960	16	16	png_010D6C73_16x16.png
7173a0f2b83cf9771238a1bb27da1fa2110c8714	17657911	1278	16	16	png_010D7037_16x16.png
4f237106c5c521d78a5059ba1b44d3d2d0180020	17659193	953	16	16	png_010D7539_16x16.png
87a3ae7ce3848c57f8897f87175c62f5fc51bfd5	17660150	973	16	16	png_010D78F6_16x16.png
476992aba759c87ed6da66b13d4410a4d0747a6e	17661127	1068	16	16	png_010D7CC7_16x16.png
40a88ef35485beea2e16cf0e130efc26b12030e7	17662199	1254	16	16	png_010D80F7_16x16.png
6ab731c3eab799a10dc21e13d5ef3acb90e2d89a	17663457	1046	32	32	png_010D85E1_32x32.png
702adbf3a4cdd573045360d8e6bd402f648b7669	17664507	1096	32	32	png_010D89FB_32x32.png
1c4f5a43f27ef247153b2b5ffb5153bc86ba6063	17665607	1322	32	32	png_010D8E47_32x32.png
c75f177ba7302e2b02a0f5b67b4fcddeef024ebd	17666933	1128	16	16	png_010D9375_16x16.png
aab3b013f0eed5384a17bfca21a16b6c95dd5011	17668065	1235	16	16	png_010D97E1_16x16.png
3f2c47e6c03ad68792722e54df328b27e6268fce	17669304	1056	16	16	png_010D9CB8_16x16.png
7b6af4721aeab8a8ed728d45fee949002350289d	17670364	1572	32	32	png_010DA0DC_32x32.png
d8781890237f6b9cd1a0139731b15cab608ccfeb	17671940	1047	32	32	png_010DA704_32x32.png
b927ab9cf623b26f9d96b62d78dfe0878b857108	17672991	1074	32	64	png_010DAB1F_32x64.png
a3d9a789f400e531d6d383ed056a3ba5dcac2f04	17674069	1153	32	32	png_010DAF55_32x32.png
3fe8295a3aac7d178e394f8873278fc7eac00a06	17675226	967	16	16	png_010DB3DA_16x16.png
f2d9077e4e2804db1e0dcecac8018ae800f81d36	17676197	1098	16	16	png_010DB7A5_16x16.png
c0362b3ae7ecf40f20af165b2766f62569c89f7d	17677299	1034	32	32	png_010DBBF3_32x32.png
84ef18b1d6c4ccc08cfb08e18df76d437a73f841	17678337	1073	32	32	png_010DC001_32x32.png
24cf2dff7d6f8d243c176fac54dce9335bbf8805	17679414	1019	10	26	png_010DC436_10x26.png
1f092fbab8cf11b47061cec9ab273c9ac6a17cdf	17680437	1290	230	116	png_010DC835_230x116.png
65beeec50ad3cc4430895a50ed7866d1cb0155fc	17681731	1531	64	64	png_010DCD43_64x64.png
c6a25cc0ea89835d1ad2e2d725006d52eee58bbb	17683266	1172	32	32	png_010DD342_32x32.png
4139ce559ff635cced0cc073312e67fdab33679f	17684442	1065	16	16	png_010DD7DA_16x16.png
a375c3fc045ee0c92af556de50d9bd9426046953	17685511	1206	16	16	png_010DDC07_16x16.png
c9dc47d17818b7d9ad6a45e4cc3d23bd920d17bf	17686721	1186	16	16	png_010DE0C1_16x16.png
5a7877ef4313ac936ad63ab0a78d8d91c4724fdc	17687911	1268	32	32	png_010DE567_32x32.png
70ddb84e807efc5cc976155a362f7841bd9910c4	17689183	1068	32	32	png_010DEA5F_32x32.png
fa6065e914d505d4bea09aac6a5913ef5c1fb941	17690255	1045	40	15	png_010DEE8F_40x15.png
6df4724859e0337b03c6a61d67124929c779d550	17691304	1172	16	16	png_010DF2A8_16x16.png
99cefdb914a9e935c1c6a55fea38ca4b88ff881d	17692480	1142	80	30	png_010DF740_80x30.png
443bcb7c0b4ccf6c0b4f934e4b5d93461e7c6556	17693626	1332	32	32	png_010DFBBA_32x32.png
20dcf950b347aac62037e1d200b4a6e4e3f7637b	17694962	656	16	16	png_010E00F2_16x16.png
364a87a7b1eb51bfbdd8708bf0132c7e7874a350	17695622	1319	32	32	png_010E0386_32x32.png
eccd617863b1b5165c9aae2143c1bedf1cf74c37	17696945	1655	212	120	png_010E08B1_212x120.png
722698bbb7a7f0f4c1188a995d6b682560551c34	17698604	947	10	10	png_010E0F2C_10x10.png
7159a515586f638772fb054143df6b5ea262b238	17699555	1569	16	16	png_010E12E3_16x16.png
c6f2ddc7664c29ffc8363a1c9572276d53803080	17701128	1004	16	16	png_010E1908_16x16.png
05488d54c50c7f499e104e3eb48c2b6940ed1f16	17702136	967	16	16	png_010E1CF8_16x16.png
a1a80b7bfae17c9ef39eea1f551a22479db1b16a	17703107	1181	32	32	png_010E20C3_32x32.png
8d8a091d36075a9cec52344aaaeaf264e1e262eb	17704292	1222	32	32	png_010E2564_32x32.png
2e78f15b2dc95d3834b67b99916d8519c2b309ec	17705518	1028	16	16	png_010E2A2E_16x16.png
10be6ffe5566b2382d705b88ea11918160b5037e	17706550	1002	16	16	png_010E2E36_16x16.png
e413b09fa311a5c296b5e6468b71c6ca73ec4a86	17707556	1002	16	16	png_010E3224_16x16.png
ec8f24b25968b005d0122b7024798cd73847b3a7	17708562	1348	32	32	png_010E3612_32x32.png
5c79ef8de0b816d36b80b9f86406b8b3b676525d	17709914	961	16	16	png_010E3B5A_16x16.png
7e5e25e9c28cf52231b67414cd715558e86976d0	17710879	981	32	32	png_010E3F1F_32x32.png
964ecd17a599bd715c2c8a9cbd1a65e242dc7b0e	17711864	1194	32	32	png_010E42F8_32x32.png
2a7a51ae562bd81f47fb4935f1fa77a1e5eb83d8	17713062	1171	16	16	png_010E47A6_16x16.png
2135d8d93da65d0a9511a73b9cfca21575b27033	17714237	1267	32	32	png_010E4C3D_32x32.png
983f51b8bd481390c9fd996f7c14da5b956c0096	17715508	1187	16	16	png_010E5134_16x16.png
9d206bfe298990001f8111c536cf5aa80be4eeb4	17716699	1065	16	16	png_010E55DB_16x16.png
56838707ba1b10625a6b1326356741c6bf23cece	17717768	1106	16	16	png_010E5A08_16x16.png
8123bb928f74a568225f9ff6b24aecaeb84429fd	17718878	1546	32	32	png_010E5E5E_32x32.png
458b56ea18eb9798b35ead8ac484fb5767ba6086	17720428	1572	32	32	png_010E646C_32x32.png
97be49e32f73684b34a941c7563fe6b1968ce0e0	17722004	1164	16	16	png_010E6A94_16x16.png
d42bd46cc7e1846e247a4ae5286c1ae6b5d5f234	17723172	1602	244	244	png_010E6F24_244x244.png
b205f27029240549c15828a92fd26ecbf7c0006d	17724778	1176	16	16	png_010E756A_16x16.png
c159e4081f52fc041dda1370ba570511bd645dd9	17725958	1040	32	32	png_010E7A06_32x32.png
7291fe3ef9494dc4d52e5e2345ade4b6733368e0	17727002	1344	32	32	png_010E7E1A_32x32.png
5710454fa215333afb5504edd68637a6199b159d	17728350	1045	16	16	png_010E835E_16x16.png
de442a2d8f5e0787d691db55b0e795c6044db957	17729399	1336	64	64	png_010E8777_64x64.png
4a4534432e8d67dbad4d801b113e1886eecc2617	17730739	1487	64	64	png_010E8CB3_64x64.png
42836c2dc8990fa43e71e5926d2234664581981b	17732230	964	16	16	png_010E9286_16x16.png
b71f07c83bf38583a2929261193febb1bd9378eb	17733198	961	16	16	png_010E964E_16x16.png
6ba516305e147d456e7482b2ca701bf17f200589	17734163	1098	32	32	png_010E9A13_32x32.png
50eea41e54bc0688ebc929370ff98789c2ff94a4	17735265	1068	16	16	png_010E9E61_16x16.png
8fe73af185c6bdfb952c19f57764a9b4560aa9db	17736337	980	16	16	png_010EA291_16x16.png
5a0a3d5a9159cd391a1caee8cfd647903634959e	17737321	978	32	32	png_010EA669_32x32.png
9ca356547d84cea5cbaf7b1c3c80d1a6d361b9cc	17738303	1287	32	32	png_010EAA3F_32x32.png
0793e304e2c8a5b19cd05331efc138b01dd85f12	17739594	1431	106	60	png_010EAF4A_106x60.png
b4e11c178dd2394aa1da0e8c866d3200355b71a9	17741029	1306	32	32	png_010EB4E5_32x32.png
eca2b50cdbf15d576e731247417cdc1b07f52821	17742339	1725	64	64	png_010EBA03_64x64.png
31e26dfc4f4886198e1cf3d923400738a6925d51	17744068	1700	212	120	png_010EC0C4_212x120.png
025a474efccb69afceaca1923cf9a778488bde77	17745772	1087	16	16	png_010EC76C_16x16.png
522400384d77991e42d192e611d739f29a6e54b5	17746863	1039	16	16	png_010ECBAF_16x16.png
0d29f281c315208e2c0d066444359ad92e395007	17747906	976	16	16	png_010ECFC2_16x16.png
8c7c776c3d32be96adad35fd1807d06e70bc4185	17748886	1273	32	32	png_010ED396_32x32.png
96586dc86ac298308e87243dda42f87122a51a02	17750163	1023	32	32	png_010ED893_32x32.png
4129b5865ad00335d7895626cc364ca2dd30a46e	17751190	1374	32	32	png_010EDC96_32x32.png
227fd3e06ae70bd316906089331a29dc4a47f2de	17752568	1676	106	60	png_010EE1F8_106x60.png
181c374a4ce18fb40d6e76cafcb726fc197ce75f	17754248	1500	32	32	png_010EE888_32x32.png
db6a2053c706d48e15171ce1d4449b294dbf2b1c	17755752	1034	16	16	png_010EEE68_16x16.png
fe5f219c88470f560e8338a3110eb5e0b4fc8a12	17756790	1213	16	16	png_010EF276_16x16.png
4cdc03a91a886f19f4fc2a2876470de7b009f544	17758007	1011	16	16	png_010EF737_16x16.png
a54e9236fa25c3798e1626774eb2a9ca8cc56b77	17759022	1107	16	16	png_010EFB2E_16x16.png
a21906daba41c8ffda9346dac13854c37092d31b	17760133	1042	16	16	png_010EFF85_16x16.png
3783bcd19e14602f4e610275124e3c66dca6cb91	17761179	1027	32	32	png_010F039B_32x32.png
d02c8c2c85b298e28b6cabf03bfb99e09fc5105a	17762210	1063	16	16	png_010F07A2_16x16.png
22ab5e23a39c5d94ae22e2b3698a6b604526cce5	17763277	1042	16	16	png_010F0BCD_16x16.png
4f744e0801a406eafc0c30c11dee23b69d7aba96	17764323	1002	32	32	png_010F0FE3_32x32.png
c2de2155b283a65e6dc8a650d6abededc45ce987	17765329	1013	16	16	png_010F13D1_16x16.png
cdaad037e89d606304e78cb1c6fd9b412a3da6bd	17766346	1194	32	32	png_010F17CA_32x32.png
4b6cb91ae2a70b5f5a381a792c40af0e0b986dce	17767544	1112	32	32	png_010F1C78_32x32.png
27d7a8943f2dedf96e8f94472447b977d44e1e59	17768660	1168	16	16	png_010F20D4_16x16.png
2ba7aa5b12974a7e31f1ecc772bd4c678a8c1cfc	17769832	1124	32	32	png_010F2568_32x32.png
197ec910c407937c2c2eca4b6d0140e33f7e34fb	17770960	1144	16	16	png_010F29D0_16x16.png
ec30917ae445323d438a8053f8b109365e1477b9	17772108	1276	230	116	png_010F2E4C_230x116.png
6a991da03ee9cee310c954aa1c2d0b438c549eff	17773388	982	16	16	png_010F334C_16x16.png
89f1486ae198a72947c874d52a8074a481196935	17774374	1117	32	32	png_010F3726_32x32.png
1b66af3565f2255fd7df87985c934c064116be2a	17775495	1317	32	32	png_010F3B87_32x32.png
77fafcf9624294921726adf05c96af60f2e6dd9e	17776816	1332	32	32	png_010F40B0_32x32.png
dd80a5d9528596c50e9ea168bcdf70fb7b1dd493	17778152	2944	128	128	png_010F45E8_128x128.png
a456730b85bccb5905cdf367c0d586db4b584e6c	17781100	1449	32	32	png_010F516C_32x32.png
7c83fb1275a9930bebac19662e2f3bda455d7a69	17782553	1158	16	16	png_010F5719_16x16.png
181b1840a6c251b14d69af8f1d8894db11dbd8e0	17783715	1561	32	32	png_010F5BA3_32x32.png
af08886f81f95cd219b18f25ca8698f52dfe9762	17785280	960	16	16	png_010F61C0_16x16.png
b53223ae6ca32f50c35eb08a97518dadca215c64	17786244	1083	16	16	png_010F6584_16x16.png
ea7b5333153ef9b693b61b7bcdb6e2cd6cfd9155	17787331	983	32	32	png_010F69C3_32x32.png
5dff14de57dfd25584c5c788c45e97a641834df3	17788318	1425	32	32	png_010F6D9E_32x32.png
3acfb30ca59c0c210b0f7feca3f171d6da926c69	17789747	951	16	16	png_010F7333_16x16.png
f6728e91c4c878d7fa14bea81533a245d647414c	17790702	1538	64	64	png_010F76EE_64x64.png
388643ccb6ed838eafbd4b9f9bc227e6a81a7eea	17792244	1141	32	32	png_010F7CF4_32x32.png
303ef283790fc9c10ba10036bc80dabe0a7eec2d	17793389	1001	16	16	png_010F816D_16x16.png
a454a0e9ac313f6789093aa6816856b14564158d	17794394	1624	32	32	png_010F855A_32x32.png
623a1ddaa2f8f2c9cb540c9a1dcb28b2dd2fb8fb	17796022	1322	32	32	png_010F8BB6_32x32.png
ff9707c8562087cdaafe4d20f8c0661604d670ce	17797348	1273	32	32	png_010F90E4_32x32.png
327232782e6194745afc896da10e0f6828344843	17798625	1423	32	32	png_010F95E1_32x32.png
5c1a8b359d2f54ff2be3406dba4db194e62c7cf2	17800052	1257	16	16	png_010F9B74_16x16.png
cd16146a59ea2d39af93c234a5daef4709621ceb	17801313	1258	32	32	png_010FA061_32x32.png
a59b1932681a6c66e5dc57123e682923927a6e88	17802575	1835	32	32	png_010FA54F_32x32.png
5e952ac788ba2f191d6c9aeff14291d86f84b71c	17804414	1118	32	32	png_010FAC7E_32x32.png
0ee769b6e5ea8bcdf17d5c8c452dfcb02a93aa42	17805536	1265	32	32	png_010FB0E0_32x32.png
1972be32efbdf2cf30cb91fc185a939ce8c7c2ad	17806805	1345	32	32	png_010FB5D5_32x32.png
02c46e4d2c401cf95222997bcd175e5560845bd8	17808154	1162	32	32	png_010FBB1A_32x32.png
ec04cb3d73878d9da10cfa1dd52913e37f685cbc	17809320	1002	32	32	png_010FBFA8_32x32.png
49cfcefdff64d16dfeb93a0456bbe67825d946cf	17810326	1050	16	16	png_010FC396_16x16.png
270c6979bd479613f25e32dc7a8b2911eda442da	17811380	953	16	16	png_010FC7B4_16x16.png
e18c1d871117952d85175a0dccee58988b604086	17812337	1059	16	16	png_010FCB71_16x16.png
dc06237cd84da2242c5e794111f1d31c78123a7b	17813400	1531	212	120	png_010FCF98_212x120.png
ae1dc4942df46b33b1423f9366217784855bede6	17814935	1028	32	32	png_010FD597_32x32.png
f8a50d55753ef7e8b997b55be9e755d0b364ebe3	17815967	1106	16	16	png_010FD99F_16x16.png
e6d40159cf1195a758bb476692f4310d30be13ad	17817077	1070	32	32	png_010FDDF5_32x32.png
09441888570c1aa30739f7acac4c4293394a6921	17818151	1149	32	32	png_010FE227_32x32.png
58993e71ade14bdebc80530ab0db2fed13b7ee25	17819304	1013	16	16	png_010FE6A8_16x16.png
10383795fcd7aa6c1f302a365759410d42df9ef4	17820321	1152	32	32	png_010FEAA1_32x32.png
43fec19bc81449877e1b9ae8ec76f0bc7a82a9d7	17821477	1655	212	120	png_010FEF25_212x120.png
258b88d1114cfe87b7cc3b1d364be5a890e4bbad	17823136	1340	32	32	png_010FF5A0_32x32.png
ab794ccc1902c59cc071640de9f99bec4bdb7efb	17824480	1104	16	16	png_010FFAE0_16x16.png
2afa37da7cd884ea3bb12930c9f503c050bd33e3	17825588	953	16	16	png_010FFF34_16x16.png
6d1fc64102dd4aec46578ee0d21a88a9d8db108a	17826545	1248	16	16	png_011002F1_16x16.png
a5ff5231f3561f7094ab57d1e13514f6b70be6ac	17827797	1033	16	16	png_011007D5_16x16.png
2d1f8cddb72dccca20e3389b4182244bcf1b97da	17828834	1441	16	16	png_01100BE2_16x16.png
45f9179dc85e3d996c66af722c91938934c260fd	17830279	1247	32	32	png_01101187_32x32.png
4b927fac4c2d87b4bd3a2e7fcbd21e361e262268	17831530	997	32	32	png_0110166A_32x32.png
591afb0c12eccb6aae7fbaac89cc42c34d92768d	17832531	994	32	32	png_01101A53_32x32.png
50c97c8cfa58ecd203b64978c4fecb16badb367f	17833529	1315	32	32	png_01101E39_32x32.png
790bab47d4d81c3b84f555c4259a8d7e96ef4732	17834848	1085	32	32	png_01102360_32x32.png
fc6ed968f92344daf924fff016bf20444acd0a0b	17835937	1377	32	32	png_011027A1_32x32.png
1409ab42d3a464b1cec37044b1fc4a4f8140847c	17837318	1233	32	32	png_01102D06_32x32.png
5bc993cf8844411d4b099798b8a0177ad44873dd	17838555	1419	32	32	png_011031DB_32x32.png
6051c9651f357d2aa371238ef8d092f0d8619933	17839978	1040	16	16	png_0110376A_16x16.png
ba9e5cafbed783bdd73417d60b3080343685db67	17841022	1072	64	32	png_01103B7E_64x32.png
dc0e8fe83fc26797abb28ac168fb630b8f90bc81	17842098	1189	16	16	png_01103FB2_16x16.png
6fd31bbb52d9ecc4431b57919db4012a83d99811	17843291	1699	32	32	png_0110445B_32x32.png
7e2c731f1293eccfd16641d5aa580358f890696d	17844994	1385	32	32	png_01104B02_32x32.png
b97be7ef92acf21de73b66c1f847857678b23a60	17846383	1000	16	16	png_0110506F_16x16.png
142e8284d9650e25a6bfc5b9ea10859b8e4b770d	17847387	1147	16	16	png_0110545B_16x16.png
9d20f917bbd11354852be5568857a3a51a56927f	17848538	1060	16	16	png_011058DA_16x16.png
5db7ae3e2c46d7cb7ce49227a42f954429f43e0b	17849602	1049	16	16	png_01105D02_16x16.png
809bed38eabf1a502b736385651bcdff22b063af	17850655	1214	32	32	png_0110611F_32x32.png
9181620a4f42460990183b1e3aa8a008856c8918	17851873	1098	16	16	png_011065E1_16x16.png
1d09a4f841e58a24b837493f9b118f08ecc46558	17852975	1214	32	32	png_01106A2F_32x32.png
306fc4dc72ed10256cba104199e0fe636a51935d	17854193	1142	16	16	png_01106EF1_16x16.png
f34064fa869317b4aab2284fd440459c66179dfe	17855339	1200	16	16	png_0110736B_16x16.png
529b30fe638b428d7bc3fd5f97458a3e2d215889	17856543	1351	32	32	png_0110781F_32x32.png
f27a5ef60e1c34b71c8ab8171ea2b67c60f339a3	17857898	1203	16	16	png_01107D6A_16x16.png
46553d30425d7903d665539d8fdba955fc1f45d8	17859105	969	16	16	png_01108221_16x16.png
a95ce452b38eed8e7b46c9fad7a93fef18d84fa7	17860078	1027	32	32	png_011085EE_32x32.png
e8b556fc2e539ff6c09b9405abf9ebb71ccee443	17861109	1433	32	32	png_011089F5_32x32.png
8b5ca6a0bafe881620748417c454e8ad13fb1730	17862546	1110	64	32	png_01108F92_64x32.png
309c3ce4241a3bddc4cb567f596a86994d539333	17863660	1000	16	16	png_011093EC_16x16.png
2447a52f3d464d04d83dff8619a8be2e7771b5dc	17864664	973	16	16	png_011097D8_16x16.png
4dcd57c51f88a5fb43e7378cd415751721b6859d	17865641	978	32	32	png_01109BA9_32x32.png
8e240df4da3259bb9a24ab8db9ffeb847510b122	17866623	995	16	16	png_01109F7F_16x16.png
eaef13a0e216b6d27650c9db7414f5edf50d2c7a	17867622	1085	32	32	png_0110A366_32x32.png
4e6af65fd235954388732e8ed105d14d08f688c4	17868711	1587	32	32	png_0110A7A7_32x32.png
1583d549cd511f7d108b3a25efab9fd36ca51991	17870302	1367	32	32	png_0110ADDE_32x32.png
f349774a80163453bf0e82c63626452c61fdab67	17871673	1149	16	16	png_0110B339_16x16.png
a7e2a0e15d2a1ad5370e508555e92d831cfe0045	17872826	1112	32	32	png_0110B7BA_32x32.png
e7a5e24fe6b9b8aef6a222889e0808b91559f4f0	17873942	1243	16	16	png_0110BC16_16x16.png
91b55dbaf7c7c7622b2a2bf120cf055f0f0fc3b6	17875189	1009	32	32	png_0110C0F5_32x32.png
2783a7ecdef779bc71e3a1c41457cce45df473a1	17876202	1054	32	32	png_0110C4EA_32x32.png
998362736dbef0287147fccd54cd2786dad2d7e2	17877260	1226	32	32	png_0110C90C_32x32.png
7265fcb396211c14985bd2aab24cefbd3707a38a	17878490	994	32	32	png_0110CDDA_32x32.png
f840d298f64bc584bdd70777c1f58f685a3dbbfa	17879488	1107	16	16	png_0110D1C0_16x16.png
010ec0bdd9028d23fc7a29aa23eae3bf015addd8	17880599	989	32	32	png_0110D617_32x32.png
af6e3165dc98ce2c99fc81a013f04bcedbccf71c	17881592	1210	64	64	png_0110D9F8_64x64.png
4a18f4c795dbf531eaa255061a5bcc8ef7bfb9d9	17882806	1194	32	32	png_0110DEB6_32x32.png
0c5702802bb6bcbc100e29eb780b3a3ee32227b4	17884004	1075	32	32	png_0110E364_32x32.png
bb812ee5e7afcf9fe392d59707c75805fcb01b12	17885083	1316	32	32	png_0110E79B_32x32.png
6e1a316218fb2df39be05e72bab0f40253102ea4	17886403	1000	32	32	png_0110ECC3_32x32.png
6e9d9ba0d8b53eb8cf4689e16f9cf3f4a34e29b8	17887407	1554	64	64	png_0110F0AF_64x64.png
b50f62ced0fda98931ddbf0a5604680d616c2553	17888965	987	32	32	png_0110F6C5_32x32.png
5c217cf017f79dc6296257f4d6090de84f83687f	17889956	1293	32	32	png_0110FAA4_32x32.png
a7a263a0c5a23bd4bebe8eb188ef0066b2856015	17891253	1345	32	32	png_0110FFB5_32x32.png
38f97f387e781156300240b549ef83ca76f62cb0	17892602	1053	32	32	png_011104FA_32x32.png
48946c06bee20a68d6f2fab23c2ab3556423e6b4	17893659	984	32	32	png_0111091B_32x32.png
2843d25e29a4fe3e78c1ef1ae8df6d2914ffa990	17894647	1083	16	16	png_01110CF7_16x16.png
e792a695d14e3e4a09c2b813fe506f872996fdbd	17895734	1073	16	16	png_01111136_16x16.png
ca957c3616143417faf9d3a5a6e551bdb4f78163	17896811	1518	32	32	png_0111156B_32x32.png
b22734e26d79d14683ef1d43529dd4d62f386141	17898333	1303	32	32	png_01111B5D_32x32.png
98590aefeab1eccba99b6eedfd51f23f7a22ed6e	17899640	1141	32	32	png_01112078_32x32.png
e828c7777bc04664891807dd4bded2ff2f4b38c5	17900785	955	32	32	png_011124F1_32x32.png
6d9d9e316ee1bcd39ee51030b22f325d17c3bfd2	17901744	995	32	32	png_011128B0_32x32.png
e4ba167fa0fc3f6947a08f315bc7d9d90ec56365	17902743	1031	16	16	png_01112C97_16x16.png
10864b29b1525188f81a94160de9284ea30560d0	17903778	1125	16	16	png_011130A2_16x16.png
fc03ada86427678a6809b09dbc04d7ef6137d854	17904907	1117	16	16	png_0111350B_16x16.png
c05791f22260ef4b40f58efc5fc54f689e017c56	17906028	1251	32	32	png_0111396C_32x32.png
abecd415193ba1368ca405f38cc1722d2e5de6f0	17907283	958	16	16	png_01113E53_16x16.png
ffe7be7c7522b38f8ab572635328bcc834c1fadc	17908245	1012	16	16	png_01114215_16x16.png
9f2bb426e7d36dd70824cf9ce38525a5dce00361	17909261	1061	16	16	png_0111460D_16x16.png
d295034bbd2a454509d616e42dd9db600a8eb295	17910326	1183	32	32	png_01114A36_32x32.png
a491be9984df4fd5a94dc8603fdc1b88d0aee491	17911513	1123	32	32	png_01114ED9_32x32.png
452fb7ca74ca476c0453c5eb255105e36f47f7d3	17912640	1041	16	16	png_01115340_16x16.png
cc0d802f3405a38e8ae0ef1d8144c63553eeb68b	17913685	1155	32	32	png_01115755_32x32.png
b72eab84122893a02a7431520d69e0bf6800f45c	17914844	1509	212	120	png_01115BDC_212x120.png
3d656e0522a60ebcbe523893ef37278199e2a7bd	17916357	1487	64	64	png_011161C5_64x64.png
693c053dc158f02b3d30fc6ddbeb4e2f218b8d08	17917848	1112	16	16	png_01116798_16x16.png
1b3ec82320a24bcaa2db555e18903f78d4a35a92	17918964	967	16	16	png_01116BF4_16x16.png
a2f8dfdd0eb7357ce15409c5f641211a710338fa	17919935	1143	16	16	png_01116FBF_16x16.png
2055af27e9a4c73ec91e1b565431a4745d781107	17921082	1463	32	32	png_0111743A_32x32.png
af56933a770affaacf72a0c59527653979ae6917	17922549	1045	32	32	png_011179F5_32x32.png
5e318b765902fa11caab898c8a0c11bfa30a68a5	17923598	1221	32	32	png_01117E0E_32x32.png
02d23c576bc9fed1108447692a446d8412ca9489	17924823	1048	16	16	png_011182D7_16x16.png
0432f51326b757d535e5b4edc793653d5d7dca36	17925875	1192	16	16	png_011186F3_16x16.png
da28c3c98ec2706acdeca4d8fdba3bf21195392c	17927071	1292	64	64	png_01118B9F_64x64.png
f4c0f468d8781393c04cab09dad558859556a43a	17928367	1044	16	16	png_011190AF_16x16.png
34f604de9c9cf93f4741592fca238e2d5126b16a	17929415	995	16	16	png_011194C7_16x16.png
a029b55d3c82a042926c5a42b3e886a112f5ffe7	17930414	1412	32	32	png_011198AE_32x32.png
a05a842b4f04c46d7f668dcf85f90ee0345f8ee3	17931830	1392	64	64	png_01119E36_64x64.png
3df9ac9a9725a67fbadb694ee4a2fe17a34b6905	17933226	979	16	16	png_0111A3AA_16x16.png
be4f761a54de4b84afced481a9b90f2b4dac5a14	17934209	1231	32	32	png_0111A781_32x32.png
1c3c5670c28e03551f26073a5b25c4715e9d1dc1	17935444	1410	32	32	png_0111AC54_32x32.png
18c98aa62e03ea1fdd92fa712100586c93aaeab3	17936858	641	16	16	png_0111B1DA_16x16.png
f847de3e1ebfab18a9210840ee2d21464a9f5c2e	17937503	1282	32	32	png_0111B45F_32x32.png
38db243ab93a1de9380ec86d12ae6760d9992d7b	17938789	1103	16	16	png_0111B965_16x16.png
45a200ccfd9e6483844c0e12f5fe27b36c4d5df8	17939896	1206	16	16	png_0111BDB8_16x16.png
4579eed7450f1fa18d6cbc92cb0610a43faaa2a0	17941106	1029	16	16	png_0111C272_16x16.png
5873273327ee6a9eb1f6aac20d5f2de036580411	17942139	1129	32	32	png_0111C67B_32x32.png
ab19b336d047df95a027647be7f5d322a0d3815d	17943272	1184	16	16	png_0111CAE8_16x16.png
7058493fc1a3054c0b1e724dfecc1200c9d002ee	17944460	996	16	16	png_0111CF8C_16x16.png
9cffe1e67c320c2f944fe4c714adbd8f06c9b4a2	17945460	1126	16	16	png_0111D374_16x16.png
2ca30748245052d9319902cde5e48a4e79dd9105	17946590	1027	16	16	png_0111D7DE_16x16.png
d10d8ff753cbf24bf29f9fa2975024df43429ce8	17947621	1045	16	16	png_0111DBE5_16x16.png
1fbcca617378ef6e5a78d8f17993bbe87d6219a1	17948670	1169	16	16	png_0111DFFE_16x16.png
d246fa039b34053acacb7210136aa7be192dc8fa	17949843	1016	16	16	png_0111E493_16x16.png
a43b07c5d2bfd3208af046d48405dfefbf1c8369	17950863	2558	106	60	png_0111E88F_106x60.png
d834a8819029e646c4bd624114199bd6d6a50352	17953425	1079	16	16	png_0111F291_16x16.png
21b10f0103c4762f9d2c0126838d016ecae57930	17954508	977	16	16	png_0111F6CC_16x16.png
117501992810c6cb0e3c9887b16422cf19faf7e6	17955489	986	32	32	png_0111FAA1_32x32.png
2dd4630232b48eaf8029dd32da11fae79f6353ad	17956479	957	16	16	png_0111FE7F_16x16.png
cdedf3af105b626d079b68cf455f84273f8415ad	17957440	1211	16	16	png_01120240_16x16.png
0d3cfb229a52232bbd49d1f05172a1cf75c6b352	17958655	1002	32	32	png_011206FF_32x32.png
48b56d5d95cd23e8bfca11539e98ccf3d0b00a11	17959661	1045	32	32	png_01120AED_32x32.png
dbd085d1c0e8d39c460e2f8afcfeb1f506c65bf5	17960710	995	10	26	png_01120F06_10x26.png
49c34657d8d9216e95d22c8baf531d0ae57405db	17961709	2254	212	120	png_011212ED_212x120.png
19ea0081dd597e6d69343788f2dd7c196871c5ef	17963967	1382	32	32	png_01121BBF_32x32.png
4d9ebdec92ef2f8f740db1dc70ef055316e6be39	17965353	1282	32	32	png_01122129_32x32.png
5b30953b86309f7207857ad41ec7f90fe4f364b9	17966639	1023	16	16	png_0112262F_16x16.png
a38a6d43a9b0ee85c51b607781ba066964b7113e	17967666	1021	16	16	png_01122A32_16x16.png
cd0b485b55e4d3668fe744c5e54d57a23fc7f470	17968691	1369	32	32	png_01122E33_32x32.png
c1b2b963d4a12003c29ad78b8df4c72f11b8a609	17970064	977	16	16	png_01123390_16x16.png
7e964950cf156f8fcdd68d00f519b73bc66d8c0c	17971045	1041	16	16	png_01123765_16x16.png
11b1ec762a0c62f3689645176a80e058eb1727ff	17972090	1295	32	32	png_01123B7A_32x32.png
863c9e65f6d07e2df06c2dba6c26a9cfb0c53f01	17973389	1202	128	64	png_0112408D_128x64.png
d003513ca7ad9c2ecec4a0ac46accb468fb21f5f	17974595	1204	32	32	png_01124543_32x32.png
338c2c34ffc54223b8176174536c7c71f7495d74	17975803	1131	32	32	png_011249FB_32x32.png
62b9b1938d1dab7d97177bdb725b95143ca50dcd	17976938	1293	32	32	png_01124E6A_32x32.png
2a1345a0bbedd8faed06c5ec7881cee4ba2f034d	17978235	1194	32	32	png_0112537B_32x32.png
c292aeb905baca208c662c32c63d3ca9d7cd4880	17979433	967	16	16	png_01125829_16x16.png
aa5e75b7fd1849521cf18e552e50c341f6efc386	17980404	1217	32	32	png_01125BF4_32x32.png
434bb042f6c62c6d313b88ffdd230ef18e00ecb7	17981625	1120	16	16	png_011260B9_16x16.png
cda538aa46e908be6cae97aa79fdab84fb92e730	17982749	979	16	16	png_0112651D_16x16.png
bb7cbc090b465caf86e242caca77f66cfe5482f8	17983732	1011	32	32	png_011268F4_32x32.png
6296c557e87793a3bb0702b9f5533e189fd32d20	17984747	1338	32	32	png_01126CEB_32x32.png
33e4d3438874e60f05b3d13d3e0d4b451ba5aebf	17986089	1857	64	64	png_01127229_64x64.png
b7534a79b901e18a8a81481c333944e17a3c3678	17987950	968	16	16	png_0112796E_16x16.png
108bdf18ffa78bc34825ba0efbc37b13665cab3a	17988922	1137	32	32	png_01127D3A_32x32.png
8c12e315df4d67b3b3090df2a1c3a150b190d5cd	17990063	1149	32	32	png_011281AF_32x32.png
5dee671eb5a3821fa4564e1b42c27e093f02365e	17991216	955	32	32	png_01128630_32x32.png
cc4ebc0976d47281e88a99d777741da710c875e8	17992175	1771	32	32	png_011289EF_32x32.png
4afb93dfa073f51dad43be4afc90ffbe91de76bc	17993950	1287	16	16	png_011290DE_16x16.png
7c6b7074dbcca16e14bfb8454770d090b32b42f2	17995241	1179	32	32	png_011295E9_32x32.png
de8ad09e001f931b8353b265ce42661f33b8dd20	17996424	1126	32	32	png_01129A88_32x32.png
93c4895483d2e453d26f4464b1da5da181db7efa	17997554	1109	32	32	png_01129EF2_32x32.png
89af6db4ddb503c009a77ce7d040d857e521fc06	17998667	1134	32	32	png_0112A34B_32x32.png
145f002e50a34651acbd0504adb4b4f26026b340	17999805	1023	16	16	png_0112A7BD_16x16.png
87007bf9010b7d05d3d40798938c215047ef4d26	18000832	1216	32	32	png_0112ABC0_32x32.png
37f73f66a3b485dcbe5c4c9a6ebd9793cacd3a07	18002052	1060	16	16	png_0112B084_16x16.png
dfacafe01111649348c83ca6c60b352ebce7fb49	18003116	1142	80	30	png_0112B4AC_80x30.png
6b271ab36d7942ed1e12c0cf3b05c9ce198dae40	18004262	2927	212	120	png_0112B926_212x120.png
b482323fdc90afac04244a56eb6c4d8f6672073e	18007193	1025	16	16	png_0112C499_16x16.png
507a64d3370060dcfa6dbece3d2c726a64bb9709	18008222	995	32	32	png_0112C89E_32x32.png
5b6be920d83caff4edc270f66dd2984498908322	18009221	1246	32	32	png_0112CC85_32x32.png
64f954985bc4af7462bed09279776647519fb811	18010471	967	16	16	png_0112D167_16x16.png
1af9c9e7b9b7756a74f68a4d068c68962e6d4496	18011442	1050	32	32	png_0112D532_32x32.png
3f1cbf169b9ed028b80263a236e00a3a01ceacf2	18012496	961	16	16	png_0112D950_16x16.png
36fc245f455e72340c344b01fa9dfaac96ad7c4e	18013461	1141	16	16	png_0112DD15_16x16.png
0b36763a304f9336496793f06d79d17ceec6300c	18014606	1382	32	32	png_0112E18E_32x32.png
69fb90b796ed1dbb066ebe7872b02f0787c9e06f	18015992	1385	32	32	png_0112E6F8_32x32.png
65b7517f1549cbc384eeae78cabab674459d501e	18017381	1142	16	16	png_0112EC65_16x16.png
2ac4adf46d0523f5adc504e7c8f5b32ec0cdf352	18018527	951	16	16	png_0112F0DF_16x16.png
b8f6867966538ef576137a4492ddddb0b3681360	18019482	1099	16	16	png_0112F49A_16x16.png
4a5ef0bf71723b6dff432b857abfe031cea5db3d	18020585	2252	106	60	png_0112F8E9_106x60.png
a4b9cd5f03ef091edf484af404c83ade450b839b	18022841	986	32	32	png_011301B9_32x32.png
0ee9dbb6c7df74eba72fcf9e538defcc650cf9de	18023831	1305	16	16	png_01130597_16x16.png
4b4b8b3972fa65455afac13b77122cd3f10aaed7	18025140	1098	16	16	png_01130AB4_16x16.png
0b3b73c765b0522a0b6feb6ea0c101ed745a0dc5	18026242	1353	32	32	png_01130F02_32x32.png
3dc3314801a6a89f5e23b0a7d1a389dd6e1fa34d	18027599	998	32	32	png_0113144F_32x32.png
4fb1cdfaf8ff81a874f4b0481a2b04878d352ba2	18028601	1203	16	16	png_01131839_16x16.png
3d54546ce080f9035a8453f479ad7e7d05da296c	18029808	225	16	16	png_01131CF0_16x16.png
24b574ab5cbb4a5307375f50fd5afbaa52f61ab2	18030037	1577	32	32	png_01131DD5_32x32.png
96c5b1546fc03186e3a9bcb2601d72f8fb2c12de	18031618	1295	16	16	png_01132402_16x16.png
687da74b399fa4d125ff10af248f2bb880e8abe4	18032917	1358	32	32	png_01132915_32x32.png
e68c019ee817264ab8e856dd14cfcdc3f1c0ff4c	18034279	1295	106	60	png_01132E67_106x60.png
ba916c8d812e925ae34ac7b2bac5ab24b27a426b	18035578	1004	32	32	png_0113337A_32x32.png
be6eb766b0cf172c8eaf6130b869238d45bf9d0b	18036586	1229	32	32	png_0113376A_32x32.png
326dd462c954d8bef3b3fdc58bf68879b0ef90b5	18037819	963	16	16	png_01133C3B_16x16.png
cf88d4c2a6292163f6702983850b329001e00f10	18038786	1040	16	16	png_01134002_16x16.png
9bf319eec642ef1076b3c5d6b8ea2c2c96f920f9	18039830	1224	32	32	png_01134416_32x32.png
9ce91a094a7e5525880dd82a5f34db816e18e6d8	18041058	1036	32	32	png_011348E2_32x32.png
cef8af3e3c53e6fdac7e3565c8d6839d599324fd	18042098	1359	32	32	png_01134CF2_32x32.png
9a8b778a45b8727d522687f30530b5947cb52794	18043461	1072	16	16	png_01135245_16x16.png
f105e9704de87e3ccf774a8c3e780b5721ccd403	18046292	1210	32	32	png_01135D54_32x32.png
798cfbe741e58e4e4a1455951e3f0c80068b557b	18047506	1349	32	32	png_01136212_32x32.png
9e84d14529aee2471e4cd03cbb419d95410c5d83	18048859	969	16	16	png_0113675B_16x16.png
dbd653f8e9044363e5ba80f42a2f576bef09bed9	18049832	968	16	16	png_01136B28_16x16.png
516bba4311aa51e470a782f9b66feaa94447093b	18050804	1245	32	32	png_01136EF4_32x32.png
ddb759187520e301ad1bf36ac18c57adc222ec39	18052053	1257	16	16	png_011373D5_16x16.png
79e67f32492b4e5b7e87ac3bf690f5eec9bdfcee	18053314	1209	64	64	png_011378C2_64x64.png
9b69555a774c4a5ab9127b221f30ea0fd6f777ca	18054527	1018	16	16	png_01137D7F_16x16.png
151df1ca648bc8d468cbdaa1d5de05fa9332da14	18055549	1437	64	64	png_0113817D_64x64.png
764708304eddb0b96ae08b1b3daeaa5b7810eb2d	18056990	1345	32	32	png_0113871E_32x32.png
b47aad78032bf70b343d6a0dda9e2191275c2413	18058339	1141	32	32	png_01138C63_32x32.png
27d291cf8bad36dff1c6d5ea8de0909b5ab6319e	18059484	1342	32	32	png_011390DC_32x32.png
be21105713ffdec6092d3fa4aa53d04f5c64c151	18060830	1113	32	32	png_0113961E_32x32.png
422295da6cc96bdbbfe7c216deafb881e460d387	18061947	998	32	32	png_01139A7B_32x32.png
77bf68e8a9a0312b785235540abd6ce93af719e8	18062949	962	16	16	png_01139E65_16x16.png
5f4e1e9a9ea8e77dfa7132f58aeb862f28820e50	18063915	1213	16	16	png_0113A22B_16x16.png
03711d345be3262c168a8600809dd0394f2d3c3e	18065132	1189	32	32	png_0113A6EC_32x32.png
b51f057411cf052dc18363b122a972f8f96edf01	18066325	960	16	16	png_0113AB95_16x16.png
c552fe180637f72edadbb31e40974d505f47b15f	18067289	1094	32	32	png_0113AF59_32x32.png
1b409eb736bcb84ef55753797898098737413f35	18068387	1010	32	32	png_0113B3A3_32x32.png
d7aa0aef00ed8d59f2bc216765d918cbd3adead2	18069401	1000	32	32	png_0113B799_32x32.png
09e88a7abbad63425d7809c09504913a103477d9	18070405	1541	64	64	png_0113BB85_64x64.png
5dba54a39a4abdbf00f4623a30c6cc2c4e0ada5a	18071950	1133	16	16	png_0113C18E_16x16.png
e21b11502bdb999511b20d57159ebbb1137df0eb	18073087	1187	64	64	png_0113C5FF_64x64.png
d0ab477384ddc575b0ec10a331885c298c955a91	18074278	1108	32	32	png_0113CAA6_32x32.png
666df786e892e3f47d18da092d272cbb132e10bb	18075390	1101	16	16	png_0113CEFE_16x16.png
f6b53d892ae122a01925e3b01fec72f59e5bbf6a	18076495	1485	212	120	png_0113D34F_212x120.png
c1a1f579eb58b7133542efad36d76ae62a5888f3	18077984	1156	32	32	png_0113D920_32x32.png
767ff92aa6d1d4f6251dde8677ea35c78d16ed08	18079144	1442	16	16	png_0113DDA8_16x16.png
e62de713e68a2c0ae7a4d68e8f24e37a8c103478	18080590	1159	80	30	png_0113E34E_80x30.png
e9b06dd63454f2c056d3486ddd15022f5f257bfd	18081753	1117	32	32	png_0113E7D9_32x32.png
a286024655fd6c8dea591d0d194dbd43c95fc7f7	18082874	972	16	16	png_0113EC3A_16x16.png
72c6a8cd0acb99013f709b9fc75848d61e093a38	18083850	1106	16	16	png_0113F00A_16x16.png
c85769cdfa4bcebeac42298cf9d97a4172428257	18084960	1217	64	64	png_0113F460_64x64.png
98e55c7c8e29ea8fd7630d58a89a9373a0338a05	18086181	1554	64	64	png_0113F925_64x64.png
0c0682f2367db3cf607f541a0c9f67621a540948	18087739	1093	32	32	png_0113FF3B_32x32.png
0f4cf5e8d3728f977a5b8f3368f293466b56f3f5	18088836	1445	32	32	png_01140384_32x32.png
1c1185ff784c1dbf16d0c805b180ccec42f74bba	18090285	1370	32	32	png_0114092D_32x32.png
7cdc13d04a0781e7ffb2710536fe0b5c8f4785b0	18091659	1240	16	16	png_01140E8B_16x16.png
ca861688c73a5c27cde6ed9744a63906d73dc6dd	18092903	1655	64	64	png_01141367_64x64.png
8d5b62e625ee4b2a70cdbd6b4dd6014ca6c7de0b	18094562	1048	16	16	png_011419E2_16x16.png
9cc15c1a3b380d52b33a1199497fbb8960983830	18095614	1163	16	16	png_01141DFE_16x16.png
39810e8211aa1ac0637f0664fdf208f9e10ff1c4	18096781	956	16	16	png_0114228D_16x16.png
5f9759a9eab5d983e3384c02732dfc760d1002f6	18097741	995	32	32	png_0114264D_32x32.png
57f401c9e67b1740cfe6ba5c3cf7b9666021aac8	18098740	1028	38	16	png_01142A34_38x16.png
6c866dd6f7af0e8d0347725ac8bba2722e1a5f95	18099772	1124	32	32	png_01142E3C_32x32.png
9aa00302684446fb4200c3df3e898c0ed1e9581d	18100900	1043	16	16	png_011432A4_16x16.png
e3e8c5ad1363087b117b9d16013ba1f30f251a0b	18102707	666	16	16	png_011439B3_16x16.png
507e47abe1d720a07e6795a63d536683c99abd0b	18103377	1126	32	32	png_01143C51_32x32.png
1e2f8521c92536f6a79e31b0f0502888409f1d09	18104507	1283	32	32	png_011440BB_32x32.png
a6bcda7129e2a610927037eff0379f2a3eac76ee	18105794	1816	32	32	png_011445C2_32x32.png
06ad905e5ad6a5bf1b831c74b4d65b399efa20ad	18107614	1208	16	16	png_01144CDE_16x16.png
58183bc264bbf4d97e6ad34987ceaa9634b5673d	18108826	977	16	16	png_0114519A_16x16.png
0d90a76761fc47d01e4186a3d60d77c85545b429	18109807	974	32	32	png_0114556F_32x32.png
ca0cd5ff63cb7354151264b573ad13a0cb620627	18110785	1076	32	32	png_01145941_32x32.png
cdad4f392f3aaa34c06a833130765ac074832896	18111865	1194	32	32	png_01145D79_32x32.png
b588d4ce1da81c9da676ccd831eee9b711c7245b	18113063	1157	80	30	png_01146227_80x30.png
72fa35a12b286f5272b7c22a9687087da4961515	18114224	1016	32	32	png_011466B0_32x32.png
a3d4b2d29ec6ae733c929669f05038d448f05cae	18115244	1446	16	16	png_01146AAC_16x16.png
5594543b4ebb8ecac611beb25badc2e044f8a532	18116694	1196	16	16	png_01147056_16x16.png
55ae85366b58f6e2435772052f207ee6d9663d1c	18117894	1317	106	60	png_01147506_106x60.png
68f8f3caecf5c9e585988456776212bd64bff0da	18119215	1287	106	60	png_01147A2F_106x60.png
205fa662579fb971e40444211cae54d8b4e5697a	18120506	1072	64	32	png_01147F3A_64x32.png
8aae3a1e7f16296445a03b4d870dbefa54e69455	18121582	1010	16	16	png_0114836E_16x16.png
e0de27db509eff04712776c8ddbe0345357b7a6e	18122596	1201	16	16	png_01148764_16x16.png
dba37e9b5dc3655696b199ba7b969b5667cbfada	18123801	1263	32	32	png_01148C19_32x32.png
bcb63acbba0f5c6bfa55ef57fa648c398edb40cf	18125068	961	16	16	png_0114910C_16x16.png
3a9c8052a9df61975c7930b7d0f63f949da5ec1a	18126033	1162	16	16	png_011494D1_16x16.png
c8e28ec9df88bd1bd35ea947101fa856980de840	18127199	1245	32	32	png_0114995F_32x32.png
18e963fb697120d44cd60f91997cd6e874edfa91	18128448	1065	16	16	png_01149E40_16x16.png
327051cf571403cf8f650945f580bf043d87232b	18129517	1294	38	16	png_0114A26D_38x16.png
a9fd005f0d76d1719f47f65feb1811425d3dd06b	18130815	1131	16	16	png_0114A77F_16x16.png
9c09c34f5d0575320c98117d6ea5e7152131fe7f	18131950	1083	32	32	png_0114ABEE_32x32.png
058d3f248542f0093aa045f8eaab73d400cbe368	18133037	1195	16	16	png_0114B02D_16x16.png
bb8dc49c802f77170e8246e0da6297114f1cf06d	18134236	1477	64	64	png_0114B4DC_64x64.png
fa8f6a513ec41f728c859c15cf2dede789de1937	18135717	1297	32	32	png_0114BAA5_32x32.png
d9f2d12bc69e40bfff1778a8b5c26e1bdc859bd4	18137018	1006	16	16	png_0114BFBA_16x16.png
7370d75d6b36c443dd30c93a91d8dee589879674	18138028	1169	16	16	png_0114C3AC_16x16.png
6d0d6f921636844a4d4342d7b555d260d0f83b63	18139201	1075	32	32	png_0114C841_32x32.png
6705f977242c8f3d1612830fedc4a0df066f521c	18140280	1016	16	16	png_0114CC78_16x16.png
0b4d5707969c726fea0e72ba48e5c5aa1265ef51	18141300	1102	16	16	png_0114D074_16x16.png
4960aefee5bdf1099ffbb4b4b32789652b424bde	18142406	1413	32	32	png_0114D4C6_32x32.png
347124e1e834755268221ee66b30f2ce98b9727b	18143823	1078	16	16	png_0114DA4F_16x16.png
e8bf7d5874617b9ba6f286fbe4701f588ee8420d	18144905	1153	16	16	png_0114DE89_16x16.png
efb3259f4f06aadd2c3ff05f62a7efa8fd996fb0	18146062	1045	16	16	png_0114E30E_16x16.png
31a99be501115da0a7d0138bea124b32e38e4519	18147111	974	32	32	png_0114E727_32x32.png
77967947aa2aad002b800a3303300c3b837fe70a	18148089	1103	32	64	png_0114EAF9_32x64.png
5bf8b0a2091f346832ee4e404cf4dc01ac9718b7	18149196	1441	32	32	png_0114EF4C_32x32.png
5806b0efb64a326f42f567dbd65a61580290bbcc	18150641	1274	32	32	png_0114F4F1_32x32.png
694a5cc1234d3ee9d7238794a2d7caca85373b7b	18151919	1162	80	30	png_0114F9EF_80x30.png
79b2e810731ffbc20739cab807055204285de463	18153085	1239	16	16	png_0114FE7D_16x16.png
9724056dcdf716c806ca69f81457c6bafe3bb6f5	18154328	1316	16	16	png_01150358_16x16.png
be373496fe6b7f9bc394ae9b4d3f05255058b5f4	18155648	1350	32	32	png_01150880_32x32.png
e4193de28c25a82d00cf67846a64a1053c83945f	18157002	1332	32	32	png_01150DCA_32x32.png
f3e51acac1b72127649abc5f2cee435634289df7	18158338	1086	16	16	png_01151302_16x16.png
42e462d2a308e31e6b3e0447bd37157321778a83	18159428	1206	16	16	png_01151744_16x16.png
7ed77689a6f5ed860abc041821d6963faaf970e8	18160638	1037	16	16	png_01151BFE_16x16.png
abb28aae7c02e6ad5570766685bb5766db35e740	18161679	1079	32	32	png_0115200F_32x32.png
457191b0852c75319be81c4aa3b96a9d4be0a9d1	18162762	1771	32	32	png_0115244A_32x32.png
6a93f3d4ccf20c41312414f3d64d7a2862558d18	18164537	1112	32	32	png_01152B39_32x32.png
27ef123e23644f4ae6185139a73d0c3f5df1fe66	18165653	985	32	32	png_01152F95_32x32.png
c57a349881644620cbc48471e39c3998ad40e365	18166642	1152	16	16	png_01153372_16x16.png
5cd6c02731d009c1ab05bb710aa1bbd6f6b6bd39	18167798	1355	64	64	png_011537F6_64x64.png
d9192611e396186a38328bc52b44c153764dd898	18169157	1302	16	16	png_01153D45_16x16.png
057231f99e675bacb999d9960cfaf4d771df9051	18170463	1018	16	16	png_0115425F_16x16.png
e9ab3df3a767b26d81c565a3a034ba2a2b150ef0	18171485	1118	32	32	png_0115465D_32x32.png
3010c138c08fc0f1834c176963780b055d9d49b4	18172607	1201	32	32	png_01154ABF_32x32.png
37527488df077e8e8f9f0c078411e4330ebbc53e	18173812	1177	32	32	png_01154F74_32x32.png
216846702979b2f0aa21a259cc91aac4a8660227	18174993	1036	16	16	png_01155411_16x16.png
cabc4139f8d4278628cb36f6ca39295798c1928b	18176033	984	32	32	png_01155821_32x32.png
cf3a9663091f10dd1de02768045f0f1c642ac107	18177021	1296	32	32	png_01155BFD_32x32.png
8cffe6e4ca186ba4a2396280161b02b2a30ab2d3	18178321	1170	16	16	png_01156111_16x16.png
bb20ef0f8f688fccf92c61cafe5838c0918284fa	18179495	1810	32	32	png_011565A7_32x32.png
044bba342f2b35b2c0864950bea5ddad1721fb7b	18181309	989	32	32	png_01156CBD_32x32.png
10d0c8bc25b5a7902b4f2f79580a072a4ea00d48	18182302	1353	32	32	png_0115709E_32x32.png
bd583a76eb149880962e8eb2a6a580d3b45b4e3a	18183659	1084	32	32	png_011575EB_32x32.png
5fc91e3183fcac6a324d08889bb29695666ddaa6	18184747	1033	16	16	png_01157A2B_16x16.png
cd43f79c41fe14beb9aba25781809d6cec877fe6	18185784	1322	32	32	png_01157E38_32x32.png
b9ff9c076c62ca1cee2cfde9673794f22176ffa6	18187110	1119	32	32	png_01158366_32x32.png
d70403f38720967e3b765a0dc1352a423e50430d	18188233	1294	32	32	png_011587C9_32x32.png
d75d96a6a5bb23e0280c8d55129ebfa484ead417	18189531	1382	32	32	png_01158CDB_32x32.png
4dc767072d4a0c12a6546337192725ed8b80efd6	18190917	1170	16	16	png_01159245_16x16.png
f2533ede3d582b7e79186caf7f65aeab06116539	18192091	1189	16	16	png_011596DB_16x16.png
0a6b6bb1d95f393a5fc4b0bdb5424d1a13b7ac50	18193284	1661	32	32	png_01159B84_32x32.png
3552292bdc827aa09c81129568e282ca0f6b3c6c	18194949	998	32	32	png_0115A205_32x32.png
06c6c2f28866f08c58ac9bc26b32ba103b62307d	18195951	1216	16	16	png_0115A5EF_16x16.png
814bb74505c0cc5cade6bbba327bbc5a513c1513	18197171	1450	64	64	png_0115AAB3_64x64.png
a92d8dc2e516ad80d8fb7cc55075f11d7f54ee89	18198625	1181	32	32	png_0115B061_32x32.png
39a298c358c4e09af8adee9d70d34dbe31f4ecdd	18199810	1346	32	32	png_0115B502_32x32.png
f9df450e965ba4f6e3c82563f57124bcd66165db	18201160	1214	32	32	png_0115BA48_32x32.png
320717e04aeae9250ac0b7535438e931749ef5f4	18202378	1074	32	32	png_0115BF0A_32x32.png
5e8b1aba4cebf428ecb3ebc294448bc3a235fc7e	18203456	1112	16	16	png_0115C340_16x16.png
93e7e66394e4b29e4ad3c33eaf03c20ccf2bc124	18204572	1164	32	32	png_0115C79C_32x32.png
5ea70d735faabc556580e530b92c0e355707e5fa	18205740	1192	16	16	png_0115CC2C_16x16.png
d7ce06a98fe1c923549c20a126ee744c8190a8f9	18206936	1054	32	32	png_0115D0D8_32x32.png
4ea6e1ddddee99093452e6c333f096a462b7a7ea	18207994	954	16	16	png_0115D4FA_16x16.png
daa8427e80f927537966f40257d152d1ffdccd24	18208952	1088	32	32	png_0115D8B8_32x32.png
bb4554f8e66b87ac24b0579a039534be663dbeb9	18210044	1207	32	32	png_0115DCFC_32x32.png
14adb70ea8d0ee67b0f96f01d2c46e8b91d1658c	18211255	1058	16	16	png_0115E1B7_16x16.png
8a7370409c6318fca79679620311bf631421b928	18212317	978	16	16	png_0115E5DD_16x16.png
0d314dcdaa3e4ac5f126366a0376bb56bc9af644	18213299	1112	16	16	png_0115E9B3_16x16.png
f2956d62a20bf85c43edfd47cf8b72c1eed83d19	18214415	2095	32	32	png_0115EE0F_32x32.png
52337d5551fa030420921a9300825ddcb633f886	18216514	1122	32	32	png_0115F642_32x32.png
e82df03acb551038e27e7fc55d427cc82602079d	18217640	321	32	32	png_0115FAA8_32x32.png
7839f0b4bfad0984b87508a1fc67e173403f1529	18217965	1274	32	32	png_0115FBED_32x32.png
70ea338276d556725c24fe0160a4d919115912ca	18219243	1015	16	16	png_011600EB_16x16.png
d0f43f7cddeb07889d9910b07e816bae7957e1bd	18220262	1122	16	16	png_011604E6_16x16.png
d1e8939d0668bd982cbfddcb77d0df3b304a88ae	18221388	1254	32	32	png_0116094C_32x32.png
e8741cac608c24c9dd74bf069e48ef8df90e5a7e	18222646	969	16	16	png_01160E36_16x16.png
706a86468d3f05529f1dd4970969f7460b3f6bbe	18223619	1383	32	32	png_01161203_32x32.png
e4797a543031a443fa81eebb72ac61bdc4201be7	18225006	1261	16	16	png_0116176E_16x16.png
affa8292a14c7ec95a1618819d6cab2a8cad1f72	18226271	963	16	16	png_01161C5F_16x16.png
ea2394a662d2d834f1f59f3e87e6a8ed97da02bf	18227238	957	5	13	png_01162026_5x13.png
103216fdeda3629cc259232f25b1dfdfeef938d9	18228199	1202	64	128	png_011623E7_64x128.png
1d8827c42576d10adbc386e3ebf377b729e67fb3	18229405	1591	64	64	png_0116289D_64x64.png
8b1c507126c9f7cd82d0717217352d7542294e73	18231000	1200	32	32	png_01162ED8_32x32.png
bd0d1fd280eb74180d053129742c9101bde6b635	18232204	1179	16	16	png_0116338C_16x16.png
bf927676133b81c5eea396cd80c10834bda0eb2e	18233387	1237	64	64	png_0116382B_64x64.png
7e60de07accab314f82d1b67daf2ee288098979a	18234628	1108	32	32	png_01163D04_32x32.png
9eb61145065a4a815c424ad05efcef7cf51c95ce	18235740	1353	32	32	png_0116415C_32x32.png
a0639ba361188ad1fc97abce95fa445cabaff522	18237097	1109	16	16	png_011646A9_16x16.png
db6c498db821947de57afc9ffd6528a3bc1b54ec	18238210	996	32	32	png_01164B02_32x32.png
679e8dcaf90f7577c4c479dea02b37ca941b6f54	18239210	1237	64	64	png_01164EEA_64x64.png
ea82767401c26027fbd60f994627316908330285	18240451	1519	32	32	png_011653C3_32x32.png
dabb8a6727ce4f19d667d87cc5be5e966638d2ec	18241974	1377	32	32	png_011659B6_32x32.png
8950e3450f0398d8813cc4ee1e1a7067e76266fc	18243355	1004	32	32	png_01165F1B_32x32.png
091599abafe2681180722cbcf55643495dbcba5d	18244363	1095	16	16	png_0116630B_16x16.png
b8f95ba38a4e2d2a9d92ddcf59d4a3c786375314	18245462	1006	16	16	png_01166756_16x16.png
776dd0ddd5f4c1d81d6c3327d784030dd57d3ac6	18246472	1139	32	32	png_01166B48_32x32.png
ce7fd141b771f7ba7ff401640c1db1bc88514017	18247615	1028	38	16	png_01166FBF_38x16.png
cdf78308eb3202eb56e2004b4cf28561630fde9d	18248647	1118	16	16	png_011673C7_16x16.png
3011b80609275408b1005fd767c3ee980849cd2b	18249769	988	32	32	png_01167829_32x32.png
c25faa788445d848bf93fba5a974b33b07e64ced	18250761	1278	230	116	png_01167C09_230x116.png
fd6f8cca9bab50e83bd56b68d169de2b5927e9d3	18252043	1005	16	16	png_0116810B_16x16.png
21e4653da4fa09e3c8829ed48c9bb78c61603296	18253052	1353	32	32	png_011684FC_32x32.png
9c6e1768d2a546410c12c831fac2c7fd012c1a8a	18254409	1423	16	16	png_01168A49_16x16.png
fbb304e8b47696be4ea9474dbbcbcef1cd2e5754	18255836	1118	32	32	png_01168FDC_32x32.png
7fa9f709df5749f39b0c60288b0adbd29c5894ee	18256958	1234	122	122	png_0116943E_122x122.png
19935caa58abe48ae4195bf5ffed4564783b2218	18258196	1097	32	32	png_01169914_32x32.png
2e5f7eabe8741dddd68a5e3993862bc1ab83c044	18259297	1134	32	32	png_01169D61_32x32.png
c8e1df76c6fe1f01bfd7f05c0daeb1f10e688f05	18260435	996	32	32	png_0116A1D3_32x32.png
8844e5935e5d2bf663a34e08af04239631f3382f	18261435	977	32	32	png_0116A5BB_32x32.png
0c382f8780b257be57c3fd2e4c18e9a5fab9d139	18262416	1018	16	16	png_0116A990_16x16.png
f12c03240b6428088676477cc210fdae9bad5652	18263438	1284	64	64	png_0116AD8E_64x64.png
99ab544b256f9541d90dfbb2455e0810627c6feb	18264726	1016	32	32	png_0116B296_32x32.png
463e0b9be511a6413c8c278a4234ec67f13363c6	18265746	1071	32	32	png_0116B692_32x32.png
805edff1233ee1a6d144eb954d6cbc1ebd701dd4	18266821	1251	32	32	png_0116BAC5_32x32.png
80c0add3cd1066a167e95372b2cfc6eb2c35821b	18268076	995	16	16	png_0116BFAC_16x16.png
3f1849069d0e87dc43413a6e13031e4c5a2bc0da	18269075	954	16	16	png_0116C393_16x16.png
5a14e9569ca0d492f61507d33299f4fc0a688782	18270033	1324	32	32	png_0116C751_32x32.png
ae393fdc72a3d2013699925f62f69732ca7f98cf	18271361	1771	106	60	png_0116CC81_106x60.png
ca077af8153c390800426b951a84ca7b565d4f7b	18273136	1004	16	16	png_0116D370_16x16.png
4d30d4045eae0420bcc1c5cd35c0d174ec6981c2	18274144	1458	64	64	png_0116D760_64x64.png
e8f015f1d8670748afd40b3e4af02d0621b75d28	18275606	1022	32	32	png_0116DD16_32x32.png
42f04748c77224bdfb467fa9e922292dbe06e855	18276632	1057	16	16	png_0116E118_16x16.png
cbbc8d6e688ba08184fe5a48f6890808dc2ec71e	18277693	964	16	16	png_0116E53D_16x16.png
a4bd7942a736b159fe5467ed816f25896542a557	18278661	1169	16	16	png_0116E905_16x16.png
e9c5c8e08c352add50d67c5489e40242765718a8	18279834	1030	16	16	png_0116ED9A_16x16.png
ad3448d8e23d92e4cbf143bae706772a057bdd7d	18280868	1500	32	32	png_0116F1A4_32x32.png
f92a285b372ea1da83e6039f5e2b745b051e44ff	18282372	1423	32	32	png_0116F784_32x32.png
fd39c8c3c6ed12a149968c027ba43bd7cfe5bedd	18283799	975	32	32	png_0116FD17_32x32.png
062aeb70b21b2fbafb13cdc7990e71920da589a7	18284778	1259	32	32	png_011700EA_32x32.png
68912b37a676dd455fdeff8c44ec32fcae9fa99e	18286041	974	32	32	png_011705D9_32x32.png
06c81fbe755a2b93e2f6b3f4d05e9f77a20565d3	18287019	994	32	32	png_011709AB_32x32.png
6d92463fdc823b383eae2ef1db443cca5a5f4186	18288017	2663	212	120	png_01170D91_212x120.png
0359fe32170e13d545c1e243931ff37b2d5e0777	18290684	1025	32	32	png_011717FC_32x32.png
dd9af1ce8a3c22ff93b545545f9c9cea554b4afb	18291713	1521	32	32	png_01171C01_32x32.png
755e79bbe78369b9ee30f2d2343e5c2e925c627b	18293238	994	32	32	png_011721F6_32x32.png
07187fe048f5cad1cd682d624d87db94fd6664d4	18294236	985	16	16	png_011725DC_16x16.png
c9652a072e396819d4492d6822464982c8fdbfc0	18295225	1360	32	32	png_011729B9_32x32.png
3d73cd48e266cf1fb1e39279648478fbaae3c63c	18296589	969	16	16	png_01172F0D_16x16.png
abcf38ade048ef2aae9bc1afd5ac6cd51773b152	18297562	1229	32	32	png_011732DA_32x32.png
c404d0c5db21184a4e5625eb026768176e10852a	18298795	1366	32	32	png_011737AB_32x32.png
069878cdcb57a57197ee874b65f661db744735ec	18300165	1079	32	32	png_01173D05_32x32.png
4cfe4728d661debb15f11de568af3ce67228ba70	18301248	2063	212	120	png_01174140_212x120.png
539e08411c603574b273d43c227f4114b3086387	18303315	988	32	32	png_01174953_32x32.png
947b6f8d702d7f5396e541106f16a632fc30cd06	18304307	986	32	32	png_01174D33_32x32.png
bb05872b5b8ed06604a32d3acc1ecd0b72fe2cac	18305297	1021	16	16	png_01175111_16x16.png
595c34992f8d46ae4b77c70b6c7c12c4d132d507	18306322	1350	32	32	png_01175512_32x32.png
4332ab87e3c3dff5341534c4a5d449326bd0b46b	18307676	1357	32	32	png_01175A5C_32x32.png
396afe249b0727b93e8edb1e38b4f05a71bf2e39	18309037	1152	16	16	png_01175FAD_16x16.png
a2051bb02447c1d6880513e76bfde7c94a9208cc	18310193	1353	32	32	png_01176431_32x32.png
bf78246bfa21dc8e59675526e4890d98fc9e6a69	18311550	1217	32	32	png_0117697E_32x32.png
9405e4c9afd6566f6e63fe5e6ddf630c7fc75e00	18312771	1122	16	16	png_01176E43_16x16.png
0d94b236b1d93ac3170e9471296f95f1048a484c	18313897	1182	32	32	png_011772A9_32x32.png
8a40f3857c9ec659b6b47f60fcb787fee8d22d66	18315083	1132	80	30	png_0117774B_80x30.png
b39b98ab1aa628dddab1d8d18401da90ca60a617	18316219	1440	32	32	png_01177BBB_32x32.png
98b722f53071ca017579f395de658362b43658e8	18317663	1074	32	64	png_0117815F_32x64.png
0b774e16c872c95cc9f4e62bf3ec5d5a86e9da82	18318741	1101	32	32	png_01178595_32x32.png
816002c5f02c51b32ed6391cdeade1cc3ad27f47	18319846	2137	32	32	png_011789E6_32x32.png
abcf5a16565f7c0fae97e6f7e5806c42405ec5e0	18321987	1007	32	32	png_01179243_32x32.png
7d8f80c7a76461a53c5e4644df086e3cbbb3e1f9	18322998	970	16	16	png_01179636_16x16.png
4a430deffa692f88af5f24ba42669a8148cbf587	18323972	957	16	16	png_01179A04_16x16.png
36c90cb7579dee9e4a04981b78bb66e3b7e3a790	18324933	958	16	16	png_01179DC5_16x16.png
60c9f652fc652b39f69295c7fd42d0f82e9f6367	18325895	1171	32	32	png_0117A187_32x32.png
ca1bfe19ad3708aee364b7e160ceb29a21eabd1d	18327070	1761	32	32	png_0117A61E_32x32.png
e03669b0703b0cc5c760846d2c61433472a20955	18328835	1147	16	16	png_0117AD03_16x16.png
b6fff2f099133e16b4f1b00e6e24418a3e8f9b6c	18329986	1399	32	32	png_0117B182_32x32.png
eeb356539d601d67175dfb44eb0d37762e7ca42c	18331389	1120	16	16	png_0117B6FD_16x16.png
0096b91ece80a9a2f20ac4254d1cf4a65f30fd0a	18332513	1110	16	16	png_0117BB61_16x16.png
f4b73cfe407f3d784295c491df7f2b4c913cc100	18333627	1125	32	32	png_0117BFBB_32x32.png
0e3a31d2ca2356cbcb492bcd973fc81764fe4c87	18334756	968	16	16	png_0117C424_16x16.png
57c3fb4bc1ce02f57bfa17a826ff9554ce175ea8	18335728	1301	32	32	png_0117C7F0_32x32.png
d05c641c3e0093f734435ecac50f41cc536a6fbc	18337033	1027	16	16	png_0117CD09_16x16.png
61bb5cdb6cefde72a17f1c2a72835ce71d5c71a8	18338064	976	32	32	png_0117D110_32x32.png
0337f94f28fa1cf65f1d321cf7a4d8f31695b027	18339044	1263	32	32	png_0117D4E4_32x32.png
760b972b6c93ca8585b26b22bedb3475ac8e6ae1	18340311	1066	16	16	png_0117D9D7_16x16.png
f77086ffab117d3972502928a711fff03c7fc676	18341381	1248	32	32	png_0117DE05_32x32.png
cdbdd6a10dc678dfc011d87fc79f792305f124ca	18342633	1661	32	32	png_0117E2E9_32x32.png
34de19b971b3b1216a0e0e54ed58cdab77388316	18344298	1164	32	32	png_0117E96A_32x32.png
83f3ab0836450921f1d96262bd2b8ef299cc8915	18345466	1179	32	32	png_0117EDFA_32x32.png
3c2190d61a7251fbe4140c947b48ddd9d47e6881	18346649	1011	32	32	png_0117F299_32x32.png
9af68b293b80023b5a12852886ae915ccb78b907	18347664	953	16	16	png_0117F690_16x16.png
bcdfcbfa52dfe147ce2317af54738b020630602e	18348621	1440	16	16	png_0117FA4D_16x16.png
b6c17e6a14942b8ff3ebdf195b59335b07312942	18350065	1587	64	64	png_0117FFF1_64x64.png
b937a3cc81ea6eddd2382212ae19ba00e52a04b1	18351656	1097	32	32	png_01180628_32x32.png
80443bc0207f65a27802dc3b3af71871ec37e195	18352757	1074	16	16	png_01180A75_16x16.png
e478a3ad8aacf5a35f0968c4fdd7d4e879eea757	18353835	1081	32	32	png_01180EAB_32x32.png
7b7768055467532e21109aec1ec3c18046f1cbfa	18354920	1361	32	32	png_011812E8_32x32.png
5c3f69f6e2c6f3ea1ed6b7d77ff80962a2d25744	18356285	1118	32	32	png_0118183D_32x32.png
c5ea0a9e58b6949776f658dbe9ef07861d193030	18357407	1710	32	32	png_01181C9F_32x32.png
855e6a4c1c8846248f04c9766c110b81c1090784	18359121	1153	32	32	png_01182351_32x32.png
f6030f7c3d6a60e789b4381635be3d3dfe65e69a	18360278	1087	16	16	png_011827D6_16x16.png
bd2ea7a9a61f302f0985e22409a32d0c30206d1f	18361369	1230	32	32	png_01182C19_32x32.png
654ee280ffa61675684118f6bfe59c4ad9e1eb1c	18362603	1257	64	128	png_011830EB_64x128.png
16bc3dfeba862ef8367c64174bdc0b2345f08b14	18363864	1466	32	32	png_011835D8_32x32.png
d3f5b1a0c4db243bcce946de280f21476bba64f3	18365334	1241	32	32	png_01183B96_32x32.png
41b456b4a8c4a3f03be1d4c2c52e9f9d27c0b555	18366579	1168	32	32	png_01184073_32x32.png
cfd86263d007b39990872b956e1e1a22a70e160d	18367751	1441	16	16	png_01184507_16x16.png
06277302f3029b8caf6f821953d255c5ad58f80d	18369196	1175	16	16	png_01184AAC_16x16.png
c3bd89042785ee2aa8f754460c5d30b380712ab4	18370375	1260	106	60	png_01184F47_106x60.png
f0a8239a0d8b82b4c69e9fc05ce1d998354c8ccc	18371639	1021	32	32	png_01185437_32x32.png
24be5eb3837718cf22977a076282e996147355b8	18372664	983	16	16	png_01185838_16x16.png
5fbd0d61a5e71cc6d92b8a69df875eb7c5bd6174	18373651	987	32	32	png_01185C13_32x32.png
4fbb880d4e05ed88ebb0623e2143ddfe6a989c0b	18374642	1416	32	32	png_01185FF2_32x32.png
65f064b6fc7d8f003f81c30ea5ac3bb2848d7350	18376062	1250	32	32	png_0118657E_32x32.png
b6331b10a337be351a643faf5279ab3f584b59c1	18377316	1433	64	64	png_01186A64_64x64.png
747d2626efa33c8b49a6de39b911ebb76d562c46	18378753	1306	32	32	png_01187001_32x32.png
b1d30d75c29b3e9ebe623bbde3b93a4873724396	18380063	1074	32	64	png_0118751F_32x64.png
d269355823cb2f0bd59466afe67ea4b5b7d96759	18381141	1167	16	16	png_01187955_16x16.png
6ffb0cd9ff8762b022cec87ddb9fb56ba072356a	18382312	1416	32	32	png_01187DE8_32x32.png
75ab0927f0464d60a6d2a596f3ee2f747df71312	18383732	1021	32	32	png_01188374_32x32.png
265f49ffc46b3a8b89776cb732b16e39d06a73dd	18384757	1296	64	64	png_01188775_64x64.png
00ec6e6c838dbbf4833556c8bdd745266fa31a74	18386057	1222	32	32	png_01188C89_32x32.png
e77666fe3f0c73e5e0cab98331384c788dc0a23a	18387283	1004	32	32	png_01189153_32x32.png
2c99fb9cb4175d0f9b4b0d757193ea3d5cdb8f57	18388291	1362	32	32	png_01189543_32x32.png
1228df8a9ea0297a9636aa7fa4797b61c0073c8d	18389657	1298	32	32	png_01189A99_32x32.png
72148c18fac8192bc932b4da9cd538de13b186ad	18390959	1207	32	32	png_01189FAF_32x32.png
594945879d4f323108b22d3c86bdf1fd1e3604c4	18392170	1248	32	32	png_0118A46A_32x32.png
e6fc75311d204abf815b33f643a168ac7ebb0768	18393422	1448	32	32	png_0118A94E_32x32.png
db5e2121ed9debe53f1d3dc3a81b82eb357be038	18394874	1034	16	16	png_0118AEFA_16x16.png
cadb6d104edb30179020838e4a777bf7e6504c6f	18395912	984	32	32	png_0118B308_32x32.png
d92451eed10e242cf21f0e8df124ab04cbd784f8	18396900	1353	16	16	png_0118B6E4_16x16.png
2003346859fb14a86683c445971765b1ad403030	18398257	1682	64	64	png_0118BC31_64x64.png
aff175da0fe3a2a8b40962fd075e7bc48db728ed	18399943	990	32	32	png_0118C2C7_32x32.png
92629da26544b84eabc439bde651b41e9f37afdc	18400937	1357	32	32	png_0118C6A9_32x32.png
93e87a6987ade7d4c2b4896b61d223498375e737	18402298	1119	32	32	png_0118CBFA_32x32.png
a1cf4ffcd8adfc10524eeb40336672286b5fb57e	18403421	1097	32	32	png_0118D05D_32x32.png
2a2173edee50be5bafdc30421b2ed529e2f786bc	18404522	1077	64	32	png_0118D4AA_64x32.png
83d4b60bc7388be4dc20120b09474851f16dec6e	18405603	1387	32	32	png_0118D8E3_32x32.png
3e0f3eb022920fe82c0f3e326b33cdbe1199adef	18406994	1245	16	16	png_0118DE52_16x16.png
e80e5651153940af0d0f73417bbf0bdefd4eb921	18408243	743	16	16	png_0118E333_16x16.png
8467cb48d1ac02b6a2b11f1e16baed12f29ee80e	18408990	1152	32	32	png_0118E61E_32x32.png
dd4040ff64b333c838838ef7d999fcd490e5fef9	18410146	1106	16	16	png_0118EAA2_16x16.png
ffcfbba15e460c55a594947d4c5ce1ed63d899b9	18411256	1032	16	16	png_0118EEF8_16x16.png
90cd271a6eef5d4af0c04105f4f21cf5446e9012	18412292	1305	32	32	png_0118F304_32x32.png
93194a49845a37b70a1e60f17424ff54ecba0994	18413601	1225	32	32	png_0118F821_32x32.png
dba6588b1aacea1ba9890e54fb737d12abf64d1e	18414830	974	32	32	png_0118FCEE_32x32.png
7f04feeba0891140d877faf2a970670ca6ae1d2b	18415808	1423	16	16	png_011900C0_16x16.png
b03077da626d1a71ec77c65300e86dc2cf16ef76	18417235	1107	16	16	png_01190653_16x16.png
038379a988ab79f40d2de8bab273e39f401e1959	18418346	966	16	16	png_01190AAA_16x16.png
744c4f8aa4595582339b08f78b3cf0aeb713c85b	18419316	1210	32	32	png_01190E74_32x32.png
236498619dbb75b85e8d8e68130ead52d173a720	18420530	1132	16	16	png_01191332_16x16.png
368a092398fadf9d33d4300d798ba1828c7da8b5	18421666	1315	32	32	png_011917A2_32x32.png
4e4eb5d94f689c5338c8a7e95a640fd320e799a2	18422985	1085	16	16	png_01191CC9_16x16.png
5e8525fea1827a49ab2329ea30b6b4d4ab1c34e9	18424074	1250	32	32	png_0119210A_32x32.png
69c36f44c28e699ded8002418920bf6a98794687	18425328	1212	32	32	png_011925F0_32x32.png
b6ede7ef797c67ab2c56d1f477d8c879120c47ae	18426544	1301	16	16	png_01192AB0_16x16.png
a4c86de1a5bd9215a109acd42c06f1e742b2d423	18427849	1111	16	16	png_01192FC9_16x16.png
c508f87f5330f311571b3a743ff2189a5c80e36c	18428964	1265	32	32	png_01193424_32x32.png
e454cb0a400f94e435d31b16704b408589a5c712	18430233	1239	32	32	png_01193919_32x32.png
fcc3e7ae5ed293dd0bb11d02f1b2427747bc2a01	18431476	1194	16	16	png_01193DF4_16x16.png
80c2dcb6146f081e1d114ea071cce2d57345b735	18432674	1354	32	32	png_011942A2_32x32.png
1cf746ca22c1e99cdf6301150c79e2919c2818b6	18434032	1407	64	64	png_011947F0_64x64.png
6192a2b72ea7f02f6c5441ef4e869a6dc109bc8b	18435443	996	16	16	png_01194D73_16x16.png
3387306bc8da769ac1a5295edc7c32195f19d394	18436443	1017	16	16	png_0119515B_16x16.png
716efe49aa5623429e987f9b66ebd825bc9477cc	18437464	1061	32	32	png_01195558_32x32.png
e729945a951a3fefe3d50fd77dabd050fb10c531	18438529	1209	64	64	png_01195981_64x64.png
39a79f017dd7ae477859668fc1ce82dd51182085	18439742	1090	16	16	png_01195E3E_16x16.png
69900b2faeec466724cc2dedde3918da412cbce0	18440836	1042	16	16	png_01196284_16x16.png
505b51c9c13436e12f6fead710a5c2ed8a2d9625	18441882	1317	16	16	png_0119669A_16x16.png
6d813f653414f0bfe27c8e032c37212a124709f8	18443203	1203	16	16	png_01196BC3_16x16.png
cc077a8bb5f60dd78a8b1a9a5a76c7ff7d849eb0	18444410	974	32	32	png_0119707A_32x32.png
7a2066730d06d24679e8c95272325ff9dc96f4c4	18445388	1853	32	32	png_0119744C_32x32.png
a6df215ec8ebc935830b3ceae77add17e04bab50	18447245	1057	16	16	png_01197B8D_16x16.png
46a60d93cb189fb995440fc02dd55005e6b154b0	18448306	1110	16	16	png_01197FB2_16x16.png
8743dda36876fa692badb412de9da5030f322ec1	18449420	1027	16	16	png_0119840C_16x16.png
abcfb2c2ebbb69903df230b2b62c9c38c274fc46	18450451	1038	16	16	png_01198813_16x16.png
3d981c0aece4e59cfebf17d044940f954687d782	18451493	1049	32	32	png_01198C25_32x32.png
adbc1abb2e0a1f9bfbb7d06752e5790f849189ff	18452546	1792	460	232	png_01199042_460x232.png
5095742b8bc6363fd409ee7bbcfaf115ff4449e0	18454342	1360	32	32	png_01199746_32x32.png
969259421e96f215bb4f763fb8a2234e0cda5d45	18455706	1058	16	16	png_01199C9A_16x16.png
2a528d905f365fd37ff4fd351c37d2ee405551cb	18456768	1212	16	16	png_0119A0C0_16x16.png
3b11af1b0552a7b5f694e1e935fd004e9671dc59	18457984	1156	32	32	png_0119A580_32x32.png
b0853b38aac9cf4bb7ea4d94c44a97297b324248	18459144	1224	32	32	png_0119AA08_32x32.png
21b5cd3fc1c12c26988a084c467192e3e5b1db82	18460372	1666	32	32	png_0119AED4_32x32.png
10893f757a426461c763e6c4979cd5eb1dfec0a1	18462042	1600	32	32	png_0119B55A_32x32.png
1d16e4fb1509d7609a0624f5af7b43dbab77783a	18463646	1115	32	32	png_0119BB9E_32x32.png
38525628a7feb4d99a811a9a5f4565c4d2245d1a	18464765	986	32	32	png_0119BFFD_32x32.png
2fd8bc49cdfbbad8b3981cfa83c9770f9807114b	18465755	1188	16	16	png_0119C3DB_16x16.png
f43e7a45930893b7570cece0174aaadc3c5c3f10	18466947	1139	16	16	png_0119C883_16x16.png
777fa6a8ac017658c3cee496be2b7daa308d6be7	18468090	1186	16	16	png_0119CCFA_16x16.png
d248715a81e6f9ed38015a9cfd157416b32dcebf	18469280	1111	16	16	png_0119D1A0_16x16.png
d3cfd255dc0130a2349372e1729e6e500cbc4be1	18470395	1108	16	16	png_0119D5FB_16x16.png
2f29b4b418b2ee953bc9c8c7a6abefa25adf1a7b	18471507	1032	16	16	png_0119DA53_16x16.png
ba829cc032f90e2a0acafaa29570a247810290ab	18472543	2932	212	120	png_0119DE5F_212x120.png
cee1d58cdaaafb49edf4c7a8a9e01d6ae63bc464	18475479	11438	100	100	png_0119E9D7_100x100.png
e40fd918936dd4a342d8a05c2daec1921e1027fc	18486921	1054	16	16	png_011A1689_16x16.png
8ae079eae207921336b0fdeed9a457d38ff2da06	18487979	1030	16	16	png_011A1AAB_16x16.png
56e0981d8b342cb96539cadea20e13a7cce2e9aa	18489013	1316	32	32	png_011A1EB5_32x32.png
9bfc27c2a70c75bd5f9a5800c8bd50a59803ff52	18490333	1069	32	32	png_011A23DD_32x32.png
c9d9138296648517920da966e3342c011a81bdc8	18491406	1179	16	16	png_011A280E_16x16.png
79e179d4ffc481b24974d0b7804338c6aecce8f3	18492589	1247	32	32	png_011A2CAD_32x32.png
e867389bb228a4b005c3dceec33716f7ef09a603	18493840	1177	16	16	png_011A3190_16x16.png
eeec68e5aed35368ef31212529c205aa3fd857bf	18495021	1437	64	64	png_011A362D_64x64.png
41c55f38a65a68fe48c6c04bfed56804d037c4f7	18496462	1460	32	32	png_011A3BCE_32x32.png
a5e569dd7ce9756bf6dffb06d9fd722162166de5	18497926	1152	64	64	png_011A4186_64x64.png
5da005e7c2cbae6a87b9d2a1e9dd1817307fe3d4	18499082	1136	16	16	png_011A460A_16x16.png
6d929ebd8a4f1403d56cd0685d182a5e05f03f27	18500222	1004	16	16	png_011A4A7E_16x16.png
6956f9b7119ed92d2af1ce11e517f239a15f3ff1	18501230	1206	16	16	png_011A4E6E_16x16.png
a2c355d05555e33c2a35a107d5c0fa3e06f69021	18502440	1083	16	16	png_011A5328_16x16.png
63fc3a3aa66d401e9cd916576dd1b73f4b219465	18503527	1089	16	16	png_011A5767_16x16.png
51a8ab7ea3e655bd6fa962c30c5e912241c67ec0	18504620	1359	32	32	png_011A5BAC_32x32.png
e04cdfbb2e4cba8f54cccbeeb94a4f508742eaf1	18505983	949	16	16	png_011A60FF_16x16.png
a6526e986704666e8a64978949bbc14302031f72	18506936	1075	32	32	png_011A64B8_32x32.png
55a849044f10425f9e4bfe72b2e66789f374fb5d	18508015	1245	16	16	png_011A68EF_16x16.png
615c0a9adbd800a319cc187d5b6a2754edb1f780	18509264	1050	16	16	png_011A6DD0_16x16.png
3f2fdd9cc47b5371850a829c7bba31a60bce1255	18510318	991	32	32	png_011A71EE_32x32.png
1325a7444dd51cce5d8b6387568ea3d40dd950bc	18511313	1040	16	16	png_011A75D1_16x16.png
d6ca5a0745778d1f859ec9a2bc5ca2e5c5364506	18512357	1044	32	32	png_011A79E5_32x32.png
3850ecedce0d2bce8e600e04d9316e06a5b3fdf1	18513405	1134	76	32	png_011A7DFD_76x32.png
40ee5d686775f2166992e85ec6f0243ce46db8f3	18514543	996	16	16	png_011A826F_16x16.png
aedce70332dd0e697ee1c6361b080d651658e165	18515543	1060	32	32	png_011A8657_32x32.png
cc7d3abde125eb60962b831044aae12a1bc97756	18516607	996	32	32	png_011A8A7F_32x32.png
8e96b1a181e96c6e8b14409e3faca7cbf885cb56	18517607	1030	16	16	png_011A8E67_16x16.png
c951087b59275c4d11f2f43c3292d447a440256e	18518641	1204	32	32	png_011A9271_32x32.png
af768bde0d6e2d75daa4f0f7be654e913bd98682	18519849	1433	32	32	png_011A9729_32x32.png
58b083d7c0420dd00ea034453522b2faf7c20793	18521286	1002	16	16	png_011A9CC6_16x16.png
702944e769c95f106548a441a3afbbaf699529bb	18522292	1209	16	16	png_011AA0B4_16x16.png
551b393daa15476b8ef91fb51f87d7f4c908046e	18523505	1205	32	32	png_011AA571_32x32.png
0b080ccda1282e5faf61d5c91eadaed99fe96940	18524714	994	16	16	png_011AAA2A_16x16.png
f397d8f29b91e8c6829e3a82241a3f5454e925e9	18525712	952	16	16	png_011AAE10_16x16.png
1956f49095e9aa5c66d49bc94a547066fb6049ff	18526668	1046	40	15	png_011AB1CC_40x15.png
837b2b85e8ede7da849ca886622cbb3a0c69ac57	18527718	963	16	16	png_011AB5E6_16x16.png
c627aaaec0a6d971aaca003dc4a7ee15ff6c98e3	18528685	1490	64	64	png_011AB9AD_64x64.png
bffca1fb213a92365372c79153677b64316a68a3	18530179	1117	16	16	png_011ABF83_16x16.png
a9e799ff1595392a66b4b9c9e48d09ab69dc2da1	18531300	1153	16	16	png_011AC3E4_16x16.png
6db7416387a2a7b52fe88ca0f6c09a658fe5c886	18532457	1291	32	32	png_011AC869_32x32.png
7c2375490dbdb76a26e7559496e3001c0f52d660	18533752	1137	32	32	png_011ACD78_32x32.png
678e3c5b61d48f45528b4f8d5e8b3acd03b98d0e	18534893	1175	128	64	png_011AD1ED_128x64.png
1224ccf90fd8bc3fa150c99cf03178160d92f187	18536072	1099	16	16	png_011AD688_16x16.png
c13874f7f184d276c38bbe27300ac519ed6cded7	18537175	1141	16	16	png_011ADAD7_16x16.png
1bcd9540821111ebaf816a8edd3f00b3f558e948	18538320	1458	64	64	png_011ADF50_64x64.png
8860e51d0c6e71ee30440cf8841720d0f2cff064	18539782	1237	32	32	png_011AE506_32x32.png
ce1f22e850e6c7d829115f1e1fcaf274d790aff0	18541023	1207	32	32	png_011AE9DF_32x32.png
41111eba1be45cfa3f1824cf0aa9197e06888068	18542234	1129	16	16	png_011AEE9A_16x16.png
42bbf99718ff643cf9fa55f4d4e10b3fad710e66	18543367	1352	16	16	png_011AF307_16x16.png
97e3477b5e9c3bd6ac7553a703b9f838555cd9d7	18544723	1312	32	32	png_011AF853_32x32.png
d660c8ba319fbf30cd2ff4d3669d77b2d59d866a	18546039	1438	16	16	png_011AFD77_16x16.png
b3a196c63f6c9464927e2d96f36619ad9a237b8e	18547481	1572	32	32	png_011B0319_32x32.png
b73de5129cc9467742ec15a6e90bf40419fef63e	18549057	1354	32	32	png_011B0941_32x32.png
8feffae59a9e2164d3fcce7d38da4deec9bda24b	18550415	1156	32	32	png_011B0E8F_32x32.png
64408bef6246de358b7311e0e6af9aaf927007f4	18551575	1027	16	16	png_011B1317_16x16.png
68f840fc0f9e66a97a462c2f8a7a70e28e3e4c12	18552606	1284	32	32	png_011B171E_32x32.png
6d55a68c94b9cc834c53364bdab267a0ad8bf654	18553894	1153	32	32	png_011B1C26_32x32.png
ed14a4bf0864119876e82ca18f4d046b06f621c5	18555051	1612	64	64	png_011B20AB_64x64.png
ac179b14d14916a91a87c772e1f3b7d5c7af95d0	18556667	1143	32	32	png_011B26FB_32x32.png
dd3a095fc3acee70535bd2ccee0a36afa4377d46	18557814	1070	64	64	png_011B2B76_64x64.png
6ea0189090117b8c64f2bf0f8e007fc159438518	18558888	1265	16	16	png_011B2FA8_16x16.png
9659fc5ae0cb88f59496c1290ccf29a0628a5d7c	18560157	1307	16	16	png_011B349D_16x16.png
a03b4f4daabfde1aea501654cbdecd8858d7fb99	18561468	1137	16	16	png_011B39BC_16x16.png
b92f3ddb405e25de2cabc92a15f8ba263a36646d	18562609	1228	16	16	png_011B3E31_16x16.png
4f2d82beddb7d2fa555328dccdf0230852e0a926	18563841	1049	32	32	png_011B4301_32x32.png
ac24c3e03f7c541fee477aa20a198c37f58ace98	18564894	1143	32	32	png_011B471E_32x32.png
85030f0740b5b036d0653d62187fb987070d4e79	18566041	1038	16	16	png_011B4B99_16x16.png
3a93cc13a2c9ce46221d5439f52d31953c6b3666	18567083	1258	32	32	png_011B4FAB_32x32.png
ef16833d3c7d8e66e02ed1956c1100db320b8295	18568345	1089	32	32	png_011B5499_32x32.png
71bf30981b4fd41bba802d6298a28e4aea4fa976	18569438	1399	32	32	png_011B58DE_32x32.png
3b1f77188f08446679813ecd1bfa648a7b5a1ac0	18570841	1295	230	116	png_011B5E59_230x116.png
efe872a74c37ccee0eac22dd5e6f42e0eb1f9c11	18572140	1125	32	32	png_011B636C_32x32.png
b33f860e1d9f97e424fbc617832eafdb9716146b	18573269	958	16	16	png_011B67D5_16x16.png
9705c7df1ec56998c59d5c55474d95b435462faa	18574231	986	16	16	png_011B6B97_16x16.png
4f4d89b97fd3a4d465b03eabf4d4a46d87bc722e	18575221	1158	16	16	png_011B6F75_16x16.png
d52e248b83b837167ac3c6b957c7fcb4e1960319	18576383	1016	16	16	png_011B73FF_16x16.png
1ef117686163facd47b0287c8f1fa2580810814f	18577403	1105	32	32	png_011B77FB_32x32.png
8661e91fa3a9fe738ed83b053f48bcd67eee4b63	18578512	1257	16	16	png_011B7C50_16x16.png
9e67a54c1573866bc1627dae9b7c50fd038f5cd9	18579773	1077	40	15	png_011B813D_40x15.png
b8085377ad4012ad6c9abc92b2117947996185f4	18580854	1311	32	32	png_011B8576_32x32.png
f06d28bcf516d5eee0b850b47ac5d7c54dbf1a2c	18582169	1108	32	32	png_011B8A99_32x32.png
dc5eda0489ace7bbd75b147c5c3828e918679bd9	18583281	1164	16	16	png_011B8EF1_16x16.png
14686307ed206eeb4c6aa00c75aad9fcb39d250f	18584449	1194	32	32	png_011B9381_32x32.png
161bb6044ba53383976b1aa9336905b253d77cdc	18585647	1061	16	16	png_011B982F_16x16.png
8e2a328765692090b0c438807a958daa9176dda6	18586712	1402	16	16	png_011B9C58_16x16.png
49529116eaf0f2d03f5b3659b0dacbd540da0025	18588118	1037	16	16	png_011BA1D6_16x16.png
d6924cf3018fab728099b9d0f1bdc15d8bd871ed	18589159	1048	16	16	png_011BA5E7_16x16.png
0efd976eb316c72034badd1553746b94a8d2c1c2	18590211	1071	16	16	png_011BAA03_16x16.png
0992ad820b1cbbdf6882ca1c8cdb3531aa654413	18591286	1063	32	32	png_011BAE36_32x32.png
8a5504f5a725a6ad4402a98819a21c37ac404fd8	18592353	1724	32	32	png_011BB261_32x32.png
3834e9b371d07001a4d830be0a8ca7a9d8269a24	18594412	1056	32	32	png_011BBA6C_32x32.png
8b1ca1e45959ec48a61789549cd72fdb21ca0c3d	18595472	1201	16	16	png_011BBE90_16x16.png
ac96d60ab41602a07755fa2b37ee8d80ddc8e883	18596677	1336	32	32	png_011BC345_32x32.png
18036bd20446bc9c5b26a785f265dee84910f0f3	18598017	1245	32	32	png_011BC881_32x32.png
a7c7ab1e5f3ad5177121fe0c5bcb5b1ac1d4d936	18599266	1578	64	64	png_011BCD62_64x64.png
fbceab581818d8b3417c9cf47631b6ff9d183b7b	18600848	1095	16	16	png_011BD390_16x16.png
09c409fdf667afdadee23a193c7f4ebcc07565af	18601947	981	16	16	png_011BD7DB_16x16.png
1efe4ded4e6f6b3a87ff60d8d58e9c8fa3ab2ecf	18602932	1012	32	32	png_011BDBB4_32x32.png
ee940bfb4a0ef63f2a526648d9f93f7aeb21fb06	18603948	1184	16	16	png_011BDFAC_16x16.png
3d9c3e28d19dc28ccf0ba661ac1c30626e450abe	18605136	1075	16	16	png_011BE450_16x16.png
40a2d6a914c07234f05d8304ec80d67c82a2241c	18606215	1027	32	32	png_011BE887_32x32.png
e28e9b902e5f963b9d9cd88bdaf061ee26b2e57a	18607246	1158	32	32	png_011BEC8E_32x32.png
998f9e425c0be35159897b6da570850ae5aed9b1	18608408	988	16	16	png_011BF118_16x16.png
bf4151b8e5937c855a67c96d8f4e5a797ba530a0	18609400	2116	128	128	png_011BF4F8_128x128.png
dcb315f2a6cbef252f13c166f6d9ee429c0241b3	18611520	1085	16	16	png_011BFD40_16x16.png
fa07255b4d844d51771c704e66e244ac6d1f27a8	18612609	1043	32	32	png_011C0181_32x32.png
de9b4c5e28f43911b75fcb992744e86ec7bb8934	18613656	994	32	32	png_011C0598_32x32.png
c5e8c75a77a63c2ce485bf6601e57a6b7f1a9783	18614654	1125	16	16	png_011C097E_16x16.png
5457907c3280b03097d0e70f7a3a51b4b2487799	18615783	1293	32	32	png_011C0DE7_32x32.png
60b14e18764d96464a19058befc6fdaf5232499e	18617080	979	16	16	png_011C12F8_16x16.png
91c789c3de6a9b4c486127404e31e03fc985919a	18618063	1172	32	32	png_011C16CF_32x32.png
264040d28eb5ea812e129947cd39a7e730bceb2d	18619239	978	16	16	png_011C1B67_16x16.png
cf790d92f8240d34c0c1fc6e74c0f3f6ffc88615	18620221	1021	32	32	png_011C1F3D_32x32.png
eab527b0bae81402cb4b56e0b6af32ee333b8580	18621246	1092	16	16	png_011C233E_16x16.png
e87224b32550ec890949ff79a4adbde0fb47348d	18622342	1039	16	16	png_011C2786_16x16.png
14cc452c3513992274f07422010489bbad45ff26	18623385	1273	230	116	png_011C2B99_230x116.png
c410a2d949506213204229f64bbf7225d568505b	18624662	1243	32	32	png_011C3096_32x32.png
3da4736f7bb2d6984e8b8512a46cd9d22735a864	18625909	1074	32	32	png_011C3575_32x32.png
3c29641533ce95e7a58ad59bc18e109b7d5d3283	18626987	1072	32	32	png_011C39AB_32x32.png
85c0c7a567dbddb8d643f195dd8b43187aa0285e	18628063	1590	64	64	png_011C3DDF_64x64.png
14542295605a0966999d48c5f103eb996971a9f5	18629657	1114	32	32	png_011C4419_32x32.png
f3366519836f58a745731ac2664077401be17b29	18630775	1117	32	32	png_011C4877_32x32.png
1f3094b38868ade48861a34f52a2837ca79bd575	18631896	995	32	32	png_011C4CD8_32x32.png
ca845bb0d0c2b3fa9640068a11a557ca3267ef2f	18632895	991	16	16	png_011C50BF_16x16.png
c65603816875787bf7a9a894d54bdcb1e304ce16	18633890	1041	16	16	png_011C54A2_16x16.png
a72bcc6cad3aab78128ffa9b5175299f22d90824	18634935	1068	32	32	png_011C58B7_32x32.png
3f7a7f2eb896d2e2cc60c2d77dee1b367b4c34c9	18636007	1153	32	32	png_011C5CE7_32x32.png
47f38515d310c700e5bd7ab6d2092631c956a073	18637164	1180	32	32	png_011C616C_32x32.png
aec03c71b01d3e67e1e74f70fae6b808bcda9fd7	18638348	1189	32	32	png_011C660C_32x32.png
98aca1cc1814f1c2772bd0289243c8c2ffc9a028	18639541	960	16	16	png_011C6AB5_16x16.png
1118e8a9c70499a188e06d1136195dbca87a23c5	18640505	1147	16	16	png_011C6E79_16x16.png
ff85a57823bf672c6fd9598948f4953416e3102b	18641656	1409	32	32	png_011C72F8_32x32.png
6d0b7890ba2d900b8b0a5c7ea4737f046e72a408	18643069	1193	16	16	png_011C787D_16x16.png
fb211789e3c197882668db4a8a7f9adf909b3a88	18644266	1083	32	32	png_011C7D2A_32x32.png
8d6c71be936f632460026ac32547a7833e1c9a47	18645353	975	16	16	png_011C8169_16x16.png
fa0b616d14634b9b5cfd8b61ce5835531d9b031a	18646332	1023	16	16	png_011C853C_16x16.png
0a6eedfb9bd34c2071a68551b3cbd71074f9a953	18647359	1214	64	64	png_011C893F_64x64.png
2b07dd426ee566e8e28e0293299c9b2842effcf2	18648577	981	32	32	png_011C8E01_32x32.png
639d4063402de6a1abbb41753a365a54cec373f9	18649562	1429	32	32	png_011C91DA_32x32.png
530ed7bf66bccf2d14a64c2a69520ed24e74a40d	18650995	1148	16	16	png_011C9773_16x16.png
52cf4a01a7c31b225ce00394d97a01a569c61353	18652147	1282	16	16	png_011C9BF3_16x16.png
e9d828c0674eab0a8376e323ef1dfb9c668fca39	18653433	1103	32	32	png_011CA0F9_32x32.png
a66a4daf69252822b0ae9e33aba6844407526cb4	18654540	1123	16	16	png_011CA54C_16x16.png
50fc11810668ec040fea7030bf0eb526011c0cf3	18655667	989	32	32	png_011CA9B3_32x32.png
4029bff53ff0be2724c90674548a370310b05b55	18656660	1114	16	16	png_011CAD94_16x16.png
adcd40fd48a31f36f580ea8e563698fd7ec34a16	18657778	1438	32	32	png_011CB1F2_32x32.png
31071d7661734c23d11d402e9e09a05f684679aa	18659220	1191	32	32	png_011CB794_32x32.png
83d3fc93da28794a95fb31253a67e8a355c1699c	18660415	980	32	32	png_011CBC3F_32x32.png
4ee3dde07b05506fee10d3e2dccf2f53a0533db5	18661399	1011	16	16	png_011CC017_16x16.png
98ea0b0097f612bacbcde75d85378077b417b8d2	18662414	1267	64	64	png_011CC40E_64x64.png
c0fb8135084cf4a5b98414675b73b3087f490191	18663685	990	32	32	png_011CC905_32x32.png
bfb0d0d566c93953b0e02b0d413ee55310731c23	18664679	1189	16	16	png_011CCCE7_16x16.png
2e71239b10230a4f7e0d20847b83161f71412eef	18665872	1319	32	32	png_011CD190_32x32.png
02432828a6625222f4ef6a5f36c767b9fd298916	18667195	1453	32	32	png_011CD6BB_32x32.png
26bce6ea70b7983f9c89b67fe241eb5cd39a84e2	18668652	1013	16	16	png_011CDC6C_16x16.png
ccc6a1f93f9e5ba92bd4ad7349733ca054cc593a	18669669	2711	206	32	png_011CE065_206x32.png
4c1faaea73c0896bd94974088b99a0cc9e0d85e6	18672384	1257	16	16	png_011CEB00_16x16.png
e090f2273be618ae687faeadd4f54e397da7c935	18673645	1087	32	32	png_011CEFED_32x32.png
2020a38a3a3bee4d356d37d7227f7c349f04763a	18674736	1175	32	32	png_011CF430_32x32.png
8e9e24aea9c5b2c046e2094b47943ca3f0adca62	18675915	1134	16	16	png_011CF8CB_16x16.png
0696d22b16778ef2de596c7461997682f5a1c371	18677053	1189	16	16	png_011CFD3D_16x16.png
8fb76e53fdb7c70774fc11ce203692bed983f50f	18678246	1065	16	16	png_011D01E6_16x16.png
59606180c4022662dc387cf97431c0cfddd91761	18679315	1134	16	16	png_011D0613_16x16.png
c6dd90a025f72c274eaad4439f1c8522a1d0d1e7	18680453	1057	16	16	png_011D0A85_16x16.png
2ab87fc6b60b41ec0bb020876268f0071ffaf1ef	18681514	1547	32	32	png_011D0EAA_32x32.png
84a61f8a4a78ee40fed737f00486e1785a00745d	18683065	984	32	32	png_011D14B9_32x32.png
34534c8f730e930562e5bbbac122172eaf460394	18684053	1277	32	32	png_011D1895_32x32.png
7eee42521a7da9a02d76c0969098a0808394e8b3	18685334	1136	16	16	png_011D1D96_16x16.png
e2635f913e415f0dc3939aa16a5577c8e5305b2e	18686474	1240	32	32	png_011D220A_32x32.png
ae9df68dc3d4236f447c96958823013f566990ce	18687718	999	32	32	png_011D26E6_32x32.png
4fbb5d063954bc82902f7f918dc920bed853a93d	18688721	1056	16	16	png_011D2AD1_16x16.png
94cd006d28a41856375cd39ede3fbb140ed350cc	18689781	1332	32	32	png_011D2EF5_32x32.png
086716d5af614c6c417b54f00b09833ac2d57331	18691117	1468	32	32	png_011D342D_32x32.png
28d41072b60abd49c8571b73be3c4afb1439164e	18692589	1100	16	16	png_011D39ED_16x16.png
80d7891ca2f6db39a676cc9db0845af951c11f5f	18693693	1477	64	64	png_011D3E3D_64x64.png
2351bee8e882918a5f84933f8f69459c76ce0b5c	18695174	1307	106	60	png_011D4406_106x60.png
c338cb95847baa7d470831c2c7562dd24bcbf804	18696485	1214	32	32	png_011D4925_32x32.png
f71e5a6c789820ce565be25206982e0dd76f9be8	18697703	954	16	16	png_011D4DE7_16x16.png
9eb47d1ac7345b7adaf6aaa87f83178045eae565	18698661	1120	16	16	png_011D51A5_16x16.png
955291fe15ca2ce4704b45de230ec73b1f3e062e	18699785	1090	16	16	png_011D5609_16x16.png
4e6a73556cb6841a65d9f59ed7c3ad20c0f93084	18700879	313	32	32	png_011D5A4F_32x32.png
ef4871860a18098a6697185196467bd1880e7d1a	18701196	1090	32	32	png_011D5B8C_32x32.png
8de9b638f9a93877d077aa852364ca7bdbb10fcb	18702290	1024	16	16	png_011D5FD2_16x16.png
6fe6fe28ee94af91405119c56b2b9b7934cf13a2	18703318	1105	16	16	png_011D63D6_16x16.png
86205bcc13eb44c416188d1d2ea3ba32992616fd	18704427	1269	212	120	png_011D682B_212x120.png
3bce0c8aa08cf56ed86ef271bed3bd0e1cb3964a	18705700	1080	16	16	png_011D6D24_16x16.png
71f3570077edbeb332647ed0701eee641635a40c	18706784	1152	16	16	png_011D7160_16x16.png
9311877f58af326df86265e1a2470336a809e3d9	18707940	1571	64	64	png_011D75E4_64x64.png
04b7fea17020badc861dd89edcd760c159886204	18709515	992	16	16	png_011D7C0B_16x16.png
e305c022f0858b08de16d4fe8996e3a17b5713f4	18710511	1029	16	16	png_011D7FEF_16x16.png
6e9099883ef4868791de357add2740cbbe4d52f0	18711544	1325	32	32	png_011D83F8_32x32.png
4e295945f31006b1ecfe32ca503cfaded579fe67	18712873	1846	32	32	png_011D8929_32x32.png
449a722af23bc26c0d64727f130cd62c4b7fd21f	18714723	1155	16	16	png_011D9063_16x16.png
56fff051e0020969689bea1e4ffdf819e2fffe45	18715882	987	32	32	png_011D94EA_32x32.png
5667afa5df16786d761fe08a2f9a1cbe0d6cbd64	18716873	1466	32	32	png_011D98C9_32x32.png
9d5047dd84d353a219686088d047c38c72ec4efa	18718343	1091	16	16	png_011D9E87_16x16.png
49f77b7942198b5d873c3778607be169621b46c8	18719438	1002	16	16	png_011DA2CE_16x16.png
e995b2f7e80683f8d19d41eb21559ffc686ea675	18720444	1193	16	16	png_011DA6BC_16x16.png
b29ff468db3ba976e1312fb599f4f0c9487b2ccb	18721641	1074	32	32	png_011DAB69_32x32.png
2d5509afa43ee1afcf6bb53099e8b6abb75b5a0a	18722719	2223	128	128	png_011DAF9F_128x128.png
58f644bd648a379b61b6b26c1acfe817c2800c22	18724946	1036	32	32	png_011DB852_32x32.png
06f1b761d3f10218e4efc05370a242de9d326ca4	18725986	1307	32	32	png_011DBC62_32x32.png
7b0a7b26b8d46e749d77e8bfd1030d66aeb1f78f	18727297	1421	16	16	png_011DC181_16x16.png
fcd27a51957d6f503dc80f330c0d5821b1feacb9	18728722	1181	16	16	png_011DC712_16x16.png
f418134765fdf3c2bd362aefe2d8c4b16e37ab15	18729907	1150	16	16	png_011DCBB3_16x16.png
4ed3139f774a2999174ef0f9f829232f7c72aa09	18731061	992	16	16	png_011DD035_16x16.png
cf73f2d7d461ceefa1e4fb85f2fc4ec99b92e586	18732057	1285	32	32	png_011DD419_32x32.png
ab5ed106ca6a3e85cb0b2d255711d412f8682c7b	18733346	1025	16	16	png_011DD922_16x16.png
b41b977ca8a08642239b4dcdeab69acc9126e8e9	18734375	1126	16	16	png_011DDD27_16x16.png
71611a02b1ebeb8c34456aa4d2e92e4205396e21	18735505	984	32	32	png_011DE191_32x32.png
c02f5e04ede14072d59a3ef446cc98d3028b2e0c	18736493	984	32	32	png_011DE56D_32x32.png
afcf9943332556887c28d2fe258a4c0c59adfeab	18737481	1244	16	16	png_011DE949_16x16.png
e677743b190c4c735fb8a5f8ecf45b416059e08e	18738729	1276	32	32	png_011DEE29_32x32.png
7d4cec9a87e72a5310bf3d18d283394dea6bb164	18740009	1371	32	32	png_011DF329_32x32.png
ed625d3a84c92b1d27b1e5dfcc2532703954e1dc	18741384	1041	16	16	png_011DF888_16x16.png
8b05d5dfc454b86b18d48eb676883931cbc530b3	18742429	991	32	32	png_011DFC9D_32x32.png
c7bd647299edc496594ac76fc70b7a5e9f0ed1a8	18743424	965	16	16	png_011E0080_16x16.png
ef5d31e17962cd3fb11afee36959535f3a19d5a3	18744393	1102	32	32	png_011E0449_32x32.png
213a15253931e43293b1b77f0a7f413068f6be1f	18745499	3609	128	128	png_011E089B_128x128.png
eed9a9279b9ef980dabac19a2ecd9560483b1a1f	18749112	1030	16	16	png_011E16B8_16x16.png
269124ba994e7040dbe7075a5bd72f7bcd4d0e38	18750146	1310	32	32	png_011E1AC2_32x32.png
0e7ef7fe71b19a08cd23aabb6d19feb406cbc4f8	18751460	1207	16	16	png_011E1FE4_16x16.png
564f33f330f5a359a3ce0642e1dc56f361d17422	18752671	969	16	16	png_011E249F_16x16.png
5d1b61f11c691e4699f2527eb8bab85188832d4a	18753644	1245	32	32	png_011E286C_32x32.png
d2910c1b7fe61438cc49fc2e3adeaaf04aa40fa7	18754893	1293	64	64	png_011E2D4D_64x64.png
633ff7247c73570728c0342b4ef966074fdae961	18756190	1108	32	32	png_011E325E_32x32.png
2383dbf0fd810462ea7f3071c169648ad70db509	18757302	1103	16	16	png_011E36B6_16x16.png
2ceb5192df985f18a86ed90de654bc16fec231e9	18758409	1082	32	32	png_011E3B09_32x32.png
cb2a16904d3e21a6ed2cf04946a6bfc12cd9454d	18759495	1033	16	16	png_011E3F47_16x16.png
fb95b03f0a9670f32d712d183593e6e449103101	18760532	1027	16	16	png_011E4354_16x16.png
5ddbfaa67e1993410f1110a12f223fcb61eca795	18761563	951	16	16	png_011E475B_16x16.png
86c7524b2d40be87644b9b27daa1a549878b4ba1	18762518	2254	212	120	png_011E4B16_212x120.png
f9b2af10cf44eff1d49377090d03b18838acff3d	18764776	1011	16	16	png_011E53E8_16x16.png
8657ee05eda0de39f08b082b60faaf7ae48d9379	18765791	997	16	16	png_011E57DF_16x16.png
8078263faf60d0a0b52667862d3da357e0956020	18766792	1104	32	32	png_011E5BC8_32x32.png
ab62a695f211e70985656e85c453fd63a658fd22	18767900	960	20	20	png_011E601C_20x20.png
6c5e022d3511b19398523b65dacfa08dc495d906	18768864	1475	16	16	png_011E63E0_16x16.png
367ac91ae6d9af05b204829c2a11c9d88b29eaeb	18770343	1281	32	32	png_011E69A7_32x32.png
2e4cdb6a4d557056b8bb3514b239c5894bea179f	18771628	1029	32	32	png_011E6EAC_32x32.png
a8890e2628c70c329b1b3056607f9f1632d853e7	18772661	972	16	16	png_011E72B5_16x16.png
c3183ba540fc47f82e91f8b415040110a58e634a	18773637	1250	32	32	png_011E7685_32x32.png
2018b1e2d37d125bc5ce44582f91c1ed960bf09e	18774891	1230	16	16	png_011E7B6B_16x16.png
6b164a3f32433e4c19b41e77bf214a8c63db165f	18776125	1234	16	16	png_011E803D_16x16.png
12f8915bf5f71bcaee7d12a12fce3a8578854112	18777363	1022	32	32	png_011E8513_32x32.png
ce303739d0c31ecfa45bb70b34f71de71cbc8490	18780047	1248	32	32	png_011E8F8F_32x32.png
c4f0f738be4d1fc72e4ca84c848eaefd7577533f	18781299	985	32	32	png_011E9473_32x32.png
0b5b5da3579323a99d7ca6f99c32c8b96ab7ce63	18782288	1098	16	16	png_011E9850_16x16.png
6a9381e9cf5a04ba2538b354c7d68f55d39328b7	18783390	1263	32	32	png_011E9C9E_32x32.png
0e48b61be1a997233246a492e012d7e07f60f155	18785302	1088	40	15	png_011EA416_40x15.png
89151cf937aa81313ec009909a7eaf1ec2fc13d0	18786394	1125	32	32	png_011EA85A_32x32.png
ac088f38bf9df12c170b57f58f7f83786b2cae8f	18787523	1172	80	30	png_011EACC3_80x30.png
1b3b43144d85b5680ede20c59b545f01fbf8a8ca	18788699	1322	32	32	png_011EB15B_32x32.png
8fd13c3b1b48f8a658d44096213a7d417f9560bc	18790025	1006	16	16	png_011EB689_16x16.png
cb1aa5a847f76709d6e22f98ec9f19066ec9b762	18791035	1267	212	120	png_011EBA7B_212x120.png
01289b16eb6c84a67988b0e0251f487813f004a7	18792306	1710	32	32	png_011EBF72_32x32.png
69387a67c2c4c0c4d5cc191a386248e6c07a478c	18794020	1207	32	32	png_011EC624_32x32.png
acf2d50d3ffa2765ffb0d41a8b09de4e314a8eba	18795231	998	32	32	png_011ECADF_32x32.png
df5848e62fffc888ce7d2b43c538a54dea5c5276	18796233	1183	16	16	png_011ECEC9_16x16.png
e9ea9d0c7f8535d2593254a540857a436b05f475	18797420	1229	32	32	png_011ED36C_32x32.png
06e8689c50f49aec71289a2f2994d8a701cb39b4	18798653	955	16	16	png_011ED83D_16x16.png
3cce7844e06cf2314639ac9f4c6e6321444593c2	18799612	963	16	16	png_011EDBFC_16x16.png
a65c2fa54282d81611cd244c43ec81c944114dfb	18800579	1721	64	64	png_011EDFC3_64x64.png
368ef05cda13ebc773cfe092723e804ceca82782	18802304	1853	32	32	png_011EE680_32x32.png
2ad27c815fc0f86031521e4c04d292a0b3fd08d0	18804161	1304	64	64	png_011EEDC1_64x64.png
0f11f539a6c17ccfb88b1ed75dd6585b38e527a5	18805469	1326	32	32	png_011EF2DD_32x32.png
990d22a83d7071c78ba982c2d29ffb2bc82c7fe1	18806799	986	16	16	png_011EF80F_16x16.png
74e7ef3b02cb4b2d162e3a1ff3ea5ad248ea0aa6	18807789	987	16	16	png_011EFBED_16x16.png
17ae0cf1814ce727f529580d05683e66a6f15f48	18808780	1157	16	16	png_011EFFCC_16x16.png
c855b1a4a202ee6d91471802053eefe2df7bd378	18809941	1210	32	32	png_011F0455_32x32.png
0343a480490e236c61ebdf3d09a4652d0caa06a6	18811155	1054	16	16	png_011F0913_16x16.png
6cf4b60a29faef599784a3daac9754eb4301b3a1	18812213	1047	32	32	png_011F0D35_32x32.png
cded43326587c135d4f55ef95a1aca2dbeccd7d4	18813264	958	16	16	png_011F1150_16x16.png
7f363f313d3b34c412bc0e789e10b714477d7b49	18814226	1333	32	32	png_011F1512_32x32.png
dcf537c7b6adf1a0af943f916370dc1a90a3af41	18815563	1171	16	16	png_011F1A4B_16x16.png
920dfad75100a1e8a3792d3db9b7148dbc384fd2	18816738	1295	32	32	png_011F1EE2_32x32.png
391bf98204d32d0d53e254b7e4611f1ce8c2b66f	18818037	1136	32	32	png_011F23F5_32x32.png
62f4c6c2e60085eaf523c70024dd52ddc02d2d48	18819177	987	16	16	png_011F2869_16x16.png
97ba2ecb96468a45445ad5af42106bba4f1dd5f1	18820168	1132	32	64	png_011F2C48_32x64.png
dbf733f04220f53ff1c4c74ed12287e30ec25092	18821304	1205	32	32	png_011F30B8_32x32.png
3866a8a494e3e09ec629350ebd0ff1edccb5ba76	18822513	1347	32	32	png_011F3571_32x32.png
0ab2ff56ee334b2f5af9f2f7f319fe1050b38bd2	18823864	1047	32	32	png_011F3AB8_32x32.png
b2357ed98a926e2295694d110662cbc943e2d65a	18824915	1040	16	16	png_011F3ED3_16x16.png
f555cf6f75f77fd9b774217938f922b3e0594ff9	18825959	1043	32	32	png_011F42E7_32x32.png
81e5d13810b8846b9ce6af02ddf1000b3dd50251	18827006	978	32	32	png_011F46FE_32x32.png
8ce3b8bdeb55d87ecb89dc555da1b248bded88fc	18827988	2226	64	64	png_011F4AD4_64x64.png
ef792d83e82264e8848bbe3b24a44d55361a270d	18830218	1050	16	16	png_011F538A_16x16.png
e65b67b1e45b72476fc20e350155efaaf197e4f3	18831272	992	16	16	png_011F57A8_16x16.png
7295bb8df1ffb155351026de36a9507308948fff	18832268	1346	32	32	png_011F5B8C_32x32.png
b7ed2d81e5546354d8f607378b605441cc95cc3b	18833618	969	16	16	png_011F60D2_16x16.png
4ab8b0a9020c9a6c9c3f8e93c10c0e6502661712	18834591	1020	16	16	png_011F649F_16x16.png
b99251d72483883b9dc211965e9cd5eeacba543a	18835615	1089	16	16	png_011F689F_16x16.png
1f596a4d76dfbd08224824225dbf8e3c34cc4091	18836708	1079	32	32	png_011F6CE4_32x32.png
38790cb736ef5f341caba4b9f9c91314e15228fd	18837791	1042	16	16	png_011F711F_16x16.png
498a49341508697e43f175a39774a9ab744e0819	18838837	1344	32	32	png_011F7535_32x32.png
3595505d5f61621815fd0e403f6e68cc29a37506	18840185	1084	16	16	png_011F7A79_16x16.png
075a2e27d741e825b4968fcd8fa945720123854a	18841273	1116	16	16	png_011F7EB9_16x16.png
7d27d7c0a93d91bbe172219f8f0e5360d82cf349	18842393	1089	64	32	png_011F8319_64x32.png
2da9f30a54f24d1df3d8483a4d7a1ec70278216d	18843486	1046	16	16	png_011F875E_16x16.png
4f8c7a569951943f621196a4a008f9b55ecd7051	18844536	1222	16	16	png_011F8B78_16x16.png
6e6a22060fe03919e7ac87a122be1f8fc5f77bd5	18845762	972	16	16	png_011F9042_16x16.png
f6e6ec77b237846ee9ce039210869c4c6575f9e4	18846738	1110	16	16	png_011F9412_16x16.png
152f13c8934f765f182fdf7d16df3c8b65e24ed1	18847852	1027	16	16	png_011F986C_16x16.png
75e9f2c36d9aecd1e56212143d29744dcee91a40	18848883	1475	32	32	png_011F9C73_32x32.png
9f3e78d5fdfb641c9f2a2665a8a6344145cb78af	18850362	974	32	32	png_011FA23A_32x32.png
335c62d8f86b55aa71fa2e6bfb9c58c85a94ea48	18851340	1145	32	32	png_011FA60C_32x32.png
41d4e606fee089b926712ce89f46bfc7094ccc51	18852489	1194	32	32	png_011FAA89_32x32.png
239a0d16224d4ebea91f5b2f752e58c9dbc60bc6	18853687	1195	128	64	png_011FAF37_128x64.png
db955b84b4afd031a1f86d27388fc941e1fc8a7a	18854886	1090	16	16	png_011FB3E6_16x16.png
eb44a432b94ad6ce021b87e858cc251723fe2546	18855980	1181	32	32	png_011FB82C_32x32.png
e1e944628a400f6c9d2a4a4a156e5a7ee57d9e73	18857165	1089	32	32	png_011FBCCD_32x32.png
9e047ed42a1e9508d74493dd4884cb771aaf332b	18858258	1110	16	16	png_011FC112_16x16.png
76ab4f82107ded9f6ea0d5684f979640c84d5151	18859372	1150	16	16	png_011FC56C_16x16.png
9e64e6bcdc44a681eab6a50773e5bf8fc381748f	18860526	1004	16	16	png_011FC9EE_16x16.png
59e7dd26fa31b4b4276c57661cad5d27c1e093a2	18861534	1350	32	32	png_011FCDDE_32x32.png
4e008c045d1d978537f942eeb3afc9dc50a7dca4	18862888	1168	32	32	png_011FD328_32x32.png
9e1190a48fb60cacd7eed473bce00be86db94f5f	18864060	1040	40	15	png_011FD7BC_40x15.png
75e424b5638a80be41504a463a870a62bc24e64f	18865104	1109	16	16	png_011FDBD0_16x16.png
22090fd60eb93c8d092a4ce720379d75e3b18742	18866217	975	16	16	png_011FE029_16x16.png
572f23fca84400ef9bd804061b1ad4784d4401d0	18867196	1514	64	64	png_011FE3FC_64x64.png
671f52132d64de36b63b58aa705fb271cb090ffb	18868714	1444	16	16	png_011FE9EA_16x16.png
d0b495308c0c37082b8170d9aaf98d16631b3c8c	18870162	1595	128	128	png_011FEF92_128x128.png
3dbd61a0ca00797287e8765aa1f0626909198123	18871761	1484	64	64	png_011FF5D1_64x64.png
4ffeec134b5e177d8e0aec33d90f9f3389133c15	18873249	1023	16	16	png_011FFBA1_16x16.png
14ab2543fa3e1f85963d3249e1808caf1baf965e	18874276	1016	16	16	png_011FFFA4_16x16.png
0d2fe06182db2cc0baaec7f85a9fdf62de748020	18875296	967	16	16	png_012003A0_16x16.png
cad43488b6545ea84561272928e99d321ccf88ef	18876267	998	32	32	png_0120076B_32x32.png
adb8822dbe341edd4afc16f56fae5a3a6bb82654	18877269	1468	64	64	png_01200B55_64x64.png
2525acf03d66ea3f466d2c914ff15eb30f0b95f3	18878741	940	16	16	png_01201115_16x16.png
612d9d1983a5c7bc91df0d5f7f06fa41c71bac53	18879685	998	32	32	png_012014C5_32x32.png
cd72e09cb3ac45a1a9932fa8052bb7cbf8e8c00b	18880687	1136	32	32	png_012018AF_32x32.png
0ab6c71cc6cc5e1add3dc05d22dbac6f797b7229	18881827	1359	32	32	png_01201D23_32x32.png
c02800d3e044afc0148aae820af294574ddb1b6e	18883190	1144	16	16	png_01202276_16x16.png
14bbb4c5246b8826137f9318341096b714920b87	18884338	1112	32	32	png_012026F2_32x32.png
5a80eb86328e569faf14bd2a7cc335c0be502560	18885454	1315	64	64	png_01202B4E_64x64.png
b5eb587591aa6e3ea9fb69c2a7696b8987eaade8	18886773	1192	32	32	png_01203075_32x32.png
d21ea86340c5c941de1061440259d6e9982084d8	18887969	1283	16	16	png_01203521_16x16.png
521ad99d597915230fca6212538a906c7dc136f9	18889256	980	32	32	png_01203A28_32x32.png
06f13732a3ee75e299f301ab9712df817908de57	18890240	1067	16	16	png_01203E00_16x16.png
a2b7e4b69301536f67f53fbeadb41b772200e276	18891311	988	32	32	png_0120422F_32x32.png
dc7d9a73efc99a770c352d2bf2e5ccf7d33f79dc	18892303	1141	16	16	png_0120460F_16x16.png
659777c0d343cd69d1bcdf33bb84e603a784cf68	18893448	1333	32	32	png_01204A88_32x32.png
3454a4d3e55912d49bae60d7e05a03d19028a6ca	18894785	974	16	16	png_01204FC1_16x16.png
b37d40847105d1c9cae70a670663c2f1c98b6f64	18895763	1042	16	16	png_01205393_16x16.png
890bc2db169f9ed1c71bcd893e59e380fc19dcb4	18896809	1793	460	232	png_012057A9_460x232.png
8cd206bc10804fbe5855d39fe821836afd6edd0d	18898606	995	16	16	png_01205EAE_16x16.png
12eda5a8981dfcb0c849cefd231a5d01948d3b9c	18899605	1247	32	32	png_01206295_32x32.png
f144bdf29885eed006e27da445d232539cc90651	18900856	1745	32	32	png_01206778_32x32.png
561b6eed50b8a284ca898cbca52569d5d71b27fa	18902605	1001	32	32	png_01206E4D_32x32.png
8a4e3cdb22f7d47c013e88d9d2eeec587192c5e3	18903610	996	16	16	png_0120723A_16x16.png
fffc3fb8ba212c0442f735ca7f2d4f9b1679773d	18904610	985	32	32	png_01207622_32x32.png
bc81efe9163125ddec1d442ff8b851b1ceb24409	18905599	1099	16	16	png_012079FF_16x16.png
070c656dfe14ef32dea1190fe58c4c9b9c4040d0	18906702	954	16	16	png_01207E4E_16x16.png
83aa568b3d7b6382fa74801ff3fa9ae16baf3cf0	18907660	1017	16	16	png_0120820C_16x16.png
a0a32b3e6e77bc6025eaa42616a92e54e5710406	18908681	1000	32	32	png_01208609_32x32.png
6804ad5ae15f9ea1ae5f7d634d620729d874b965	18909685	1288	16	16	png_012089F5_16x16.png
95e7911383f644e4a79b22ceacd8522d6858e0ff	18910977	2062	114	114	png_01208F01_114x114.png
34ce37427641f49bf8309faafd749b114ff4c28f	18913043	1336	32	32	png_01209713_32x32.png
5d89c359d5811aab0b91c4680c63c7f60ba8cdf9	18914383	1046	16	16	png_01209C4F_16x16.png
21aa5d4050d4fdb4a7416b13ffa957d4aeab869d	18915433	1986	212	120	png_0120A069_212x120.png
d7dffd6a88ef185b431c77b923c0d40a3df96297	18917423	1125	32	32	png_0120A82F_32x32.png
837cc18862534de9431cbf3b465b303d01571cc8	18918552	1017	16	16	png_0120AC98_16x16.png
356e1a28757689a3aca906b2938efe47df4d558b	18919573	1053	16	16	png_0120B095_16x16.png
4ff366c3437b5d4f26b66bc44e5a1c44d1aec5f7	18920630	1040	16	16	png_0120B4B6_16x16.png
6310061949e6a5a8da72708e334e8380d62095b3	18921674	1043	32	32	png_0120B8CA_32x32.png
ff5a9b1965a0417da447520783dcd37fecfc4085	18922721	1126	32	32	png_0120BCE1_32x32.png
28fe6eae12ca334d3cfe6db49b1ad6c378f667a3	18923851	1092	16	16	png_0120C14B_16x16.png
2ed071ae9258e14a97a34de434c5f8eeb078de82	18924947	1061	16	16	png_0120C593_16x16.png
92e8f32995d5a33f80377d8ebeb8db20c8f2b935	18926012	1026	16	16	png_0120C9BC_16x16.png
48eb5ead4641ca049e668365f449449c1006fe69	18927042	1208	16	16	png_0120CDC2_16x16.png
a927c8993b847dc720a218e7de19bae3ee3fc21e	18928254	1041	16	16	png_0120D27E_16x16.png
18b03dbd9163248b0b49f39b144a224c98a859b2	18929299	1507	32	32	png_0120D693_32x32.png
f7cc767968b56e1f2cd65b2fbcff43bb43eefb00	18930810	1049	16	16	png_0120DC7A_16x16.png
de8b998a183f9deeff4ee813836f70926d3a0dbd	18931863	1026	16	16	png_0120E097_16x16.png
076a9365a5b6cc1dc28b678ab34e365988850666	18932893	1215	32	32	png_0120E49D_32x32.png
2d20f15fc34be0d058e11f8f1b9dc126d02a4cb8	18934112	1147	16	16	png_0120E960_16x16.png
13a27eefaaee49544bd49ff3718e256ba54c32fc	18935263	958	16	16	png_0120EDDF_16x16.png
7cc3a4865eb01d296c9d787b04bc9c77fb8156a8	18936225	1059	16	16	png_0120F1A1_16x16.png
54dd8a4e98504ece6bc3d23dfba10daa6274d292	18937288	1012	32	32	png_0120F5C8_32x32.png
cf5c1973f8687cd37c72c01170318d6b787d6799	18938304	1117	32	32	png_0120F9C0_32x32.png
6c811566a4c92c8d393785c7173870c7ea07b62b	18939425	1172	32	32	png_0120FE21_32x32.png
dafada3d195c842f0c3dc2febf117b916dd7fbcd	18940601	1123	32	32	png_012102B9_32x32.png
a365df05de764d232d5dd59fcfe4e337d52c1568	18941728	1072	16	16	png_01210720_16x16.png
50b005390ac8c937d55ba4f02869ce8c302d1645	18942804	1142	16	16	png_01210B54_16x16.png
83afcf84229682100e16f0cd9af109492947c279	18943950	1027	16	16	png_01210FCE_16x16.png
d8b422b3cedd2f64ad3ca4dd56589c289ff835f4	18944981	1083	32	32	png_012113D5_32x32.png
d2064d542441bd0c1c76cbcc5d5c24095b39fb60	18946068	1944	32	32	png_01211814_32x32.png
0b9528081d10b2847a9aec0c7b9753ef0287109d	18948016	2252	106	60	png_01211FB0_106x60.png
afc8bf33925fddac0604ed35d576aee001c9774b	18950272	1091	32	32	png_01212880_32x32.png
d33e6c80c3407b11ffb014adca4a89daf20b8de4	18951367	1512	64	64	png_01212CC7_64x64.png
0656c2d85e1674f2fb876533b828974f0981ffcd	18952883	1273	32	32	png_012132B3_32x32.png
b370e830f722093285705753de6c1618772d2c45	18954160	1184	32	32	png_012137B0_32x32.png
17612ff5fbbf77b894f80bf30fcb6461e1f68183	18955348	1173	16	16	png_01213C54_16x16.png
9676bfa8ad9d128b01d1afc8c996328e37cfa1ab	18956525	1056	32	32	png_012140ED_32x32.png
b36754490866dd2773d5d3c6eafd2e7a12474f12	18957585	940	16	16	png_01214511_16x16.png
cabcfa86b09b1dc4b8ba4d9ed781786185bcff38	18958529	978	32	32	png_012148C1_32x32.png
47769bd3386296dadaa39185ded4aca8bf684525	18959511	1730	32	32	png_01214C97_32x32.png
24050c6fae298f3b76ebd61db3e09c59710502a2	18961245	1582	32	32	png_0121535D_32x32.png
96333cc56d7c65ae0e421bfc07248ff34acc99f2	18962831	1320	32	32	png_0121598F_32x32.png
61633138743b9225b56a932fcbdad2e6f8b2bc96	18964155	1092	32	32	png_01215EBB_32x32.png
3eface8e25f76f7907b7a09cac0abc6843c155b6	18965251	1027	16	16	png_01216303_16x16.png
1ca1167f984859608f9cb9b497298d2bf17b0d53	18966282	1024	16	16	png_0121670A_16x16.png
06c44376b29642aeae1687d9826172ec5e9354dd	18967310	1029	16	16	png_01216B0E_16x16.png
4230e4bb9909f75a2936a9bbe13dbd1530c2fbf2	18968343	1003	16	16	png_01216F17_16x16.png
b94de68ed6deb32c738c9a6c3d537a3130f22426	18969350	986	32	32	png_01217306_32x32.png
a2ede151cb1770920715a21935f5a923fc833029	18970340	1244	16	16	png_012176E4_16x16.png
c6063b3b8939afdfe0c6b4e700a4ce17d76ce57f	18971588	1092	32	32	png_01217BC4_32x32.png
4290c2b2a776d15fdcf85e4545f2c3f3426f927f	18972684	1229	32	32	png_0121800C_32x32.png
fd4b5a409788f343d570a6df5564289fb1ab273e	18973917	987	32	32	png_012184DD_32x32.png
9fe4f05c6ddec9cbd8dbf9b82b189c0171fc0928	18974908	1253	32	32	png_012188BC_32x32.png
45f365dc4dd0794f9b04539a1755933c27e76268	18976165	1358	32	32	png_01218DA5_32x32.png
5deae2b5191a8c6b21299b7b94efa3857d818ccd	18977527	1288	16	16	png_012192F7_16x16.png
05fcdc4a05969107ffa29a353b36bab6005e25e1	18978819	1125	32	32	png_01219803_32x32.png
a4f6c8ba321a353234ded597c8255be47e7da4ce	18979948	1421	64	64	png_01219C6C_64x64.png
86182cfb9fff9dc6b207c929d6e9f3acce3170c1	18981373	234	64	64	png_0121A1FD_64x64.png
f8825a37d6f02314362d1200a0934e222aee14f7	18981611	1192	16	16	png_0121A2EB_16x16.png
879065d0fda6cba54ee83a594c980c0404b688fc	18982807	1462	32	32	png_0121A797_32x32.png
dadc46aedd096f798ed1cd93801e273603ad8c97	18984273	1121	32	32	png_0121AD51_32x32.png
1705e8fe408888208cbaaac9d7eadc63f7c0c8d4	18985398	1287	32	32	png_0121B1B6_32x32.png
4c4ef14d9c7e7407d03ec604a056d58738b049b1	18986689	956	16	16	png_0121B6C1_16x16.png
8f3a73f21f0e1ca1f9db89f28c6c1d956b3a3f60	18987649	1665	32	32	png_0121BA81_32x32.png
60fc4f86d32b675345dc65e4752bdf71355053ca	18989318	989	32	32	png_0121C106_32x32.png
3b318e4ef1b14bd5f1cf7fe2e9349c48fc25a6aa	18990311	1108	106	60	png_0121C4E7_106x60.png
724d411851511ac7827471b3fbf2d7c90ba327cc	18991423	1233	64	64	png_0121C93F_64x64.png
0395190c1b4a2e566a73036685fd1b2b447cddfb	18992660	1060	32	32	png_0121CE14_32x32.png
090b0b54731509e17ee4b351078382453cddb279	18993724	982	16	16	png_0121D23C_16x16.png
a80e870ecaa3d6e3d5c06eda66883223f856f4bc	18994710	1033	16	16	png_0121D616_16x16.png
3c94f064d782f6d5f622a68867f984019bd5f075	18995747	1179	16	16	png_0121DA23_16x16.png
4105331e5d4ff6efcbbd8124201dcd7aa7dd1400	18996930	1392	32	32	png_0121DEC2_32x32.png
eda184da203cb4f8512fe5589a658f0a80713dd0	18998326	1374	32	32	png_0121E436_32x32.png
085a3c1a8d953bef82e8f95b29097898fb543f3f	18999704	960	16	16	png_0121E998_16x16.png
674824eecfe04511fb4a54be3fa5617520e7b4b1	19000668	1302	32	32	png_0121ED5C_32x32.png
15f87b7e1af82961f89d97649e6dc2c637ede30f	19001974	1217	16	16	png_0121F276_16x16.png
8a6e22ea2a602c6fb0258706fe9997b8f9f8a4e6	19003195	994	32	32	png_0121F73B_32x32.png
18f3008b3a4eb6b794611e19b23ae4b7b03351e2	19004193	1132	32	32	png_0121FB21_32x32.png
7fdd1c98eba11a6fc87122f450af67ec7e80bb35	19005329	1228	16	16	png_0121FF91_16x16.png
c56dd4d6b385f442e3e4e033c592290316e118c2	19006561	980	32	32	png_01220461_32x32.png
ed7e951c77028073f2ca0b22cbb1eecc07a08ce2	19007545	1004	32	32	png_01220839_32x32.png
8fcf91648b1f91929ba91dbe43c284a49815fb46	19008553	991	16	16	png_01220C29_16x16.png
c7985174dbfd09bdbb890857ce59086ee4510e82	19009548	976	32	32	png_0122100C_32x32.png
ec9c760d24580e34d339202b9256d5b5e43dde86	19010528	974	16	16	png_012213E0_16x16.png
581bae60f0eff1ed1f1e3ac07cbdaccf7e56940f	19011506	1207	32	32	png_012217B2_32x32.png
a62c8ecf1daef18a78a5c1c93abf4f06825ef72a	19012717	1178	32	32	png_01221C6D_32x32.png
c9e82eeee2ef9e4c675c76f97f8c90f87fa3c97f	19013899	1143	32	32	png_0122210B_32x32.png
2131438588ab183f207ea9462c972739a80ba8ac	19015046	1000	16	16	png_01222586_16x16.png
43c5803c330333859f5453bb087eb471908381ca	19016050	1268	32	32	png_01222972_32x32.png
1389909ff47356f4f52dbd407af5e6122f2df958	19017322	1235	32	32	png_01222E6A_32x32.png
256772f6b633ac4b6487081d6823cec38f4f2cad	19018561	1072	64	64	png_01223341_64x64.png
7902a3c4b6cf62777dac40af0aa9c22f7103c245	19019637	993	32	32	png_01223775_32x32.png
085d3a67563ef6ad16907c63fc578208a57e0051	19020634	1329	64	64	png_01223B5A_64x64.png
4c051331e4a021865309582c07ddbc2d4d537dfb	19021967	1452	64	64	png_0122408F_64x64.png
1150337781c8b5d8a6d61b94490c8064511103c3	19023423	1262	64	128	png_0122463F_64x128.png
044b1b2a370184344d575b4ccc2ebd6827ea4211	19024689	1431	32	32	png_01224B31_32x32.png
b2a9700a43561b623f1802cce357371fbccb4824	19026124	1026	16	16	png_012250CC_16x16.png
fee55d4419686305981eb8d79aab17b17eab7d9b	19027154	1179	32	32	png_012254D2_32x32.png
9d91f8f11c1e8e807b1b2050b4c3eb7573f9c4b4	19028337	960	16	16	png_01225971_16x16.png
f6a6210b2926dceeaaa8b4a3082e25cf0d1c4c15	19029301	965	16	16	png_01225D35_16x16.png
8d1a723298b08b967ef78244606ec4d42ab88361	19030270	1265	32	32	png_012260FE_32x32.png
3d65e4aa6aa9c60bb7ccd895aa3d987afa552eab	19031539	1771	32	32	png_012265F3_32x32.png
b0469f9558917ecfc633b009df61594ac755cb4c	19033314	1041	16	16	png_01226CE2_16x16.png
3480f063a59d3b0c267b2803905b4f8e186ec05a	19034359	1051	16	16	png_012270F7_16x16.png
d9af5ddc42e97881365326e8ff1e8919a3640267	19035414	1294	32	32	png_01227516_32x32.png
f8ec6b241280f64bb54cda45606a13772e54d57b	19036712	1030	16	16	png_01227A28_16x16.png
6fb5516c09a83dba912a0e9317f16c0c916d720f	19037746	1066	16	16	png_01227E32_16x16.png
4278a78c72e01a2961f13a5825f2996fbab374f2	19038816	958	16	16	png_01228260_16x16.png
17b7e141d4a9992b59a2492c68f89b4e98fab95a	19041877	1837	64	64	png_01228E55_64x64.png
2b357a83e56d8968ef10c2f4b95a7e92d5ef1a0f	19043718	1118	32	32	png_01229586_32x32.png
163649af65996b9cff623b3d36421e381293c684	19044840	1124	16	16	png_012299E8_16x16.png
edf354c3b5b272f715279ea526ba1bb76ff08aaf	19045968	1075	16	16	png_01229E50_16x16.png
8bed4e627f836f1a3a64da9534094b268edf59dc	19047047	1240	16	16	png_0122A287_16x16.png
cd20b112d2db68b7f96ed3012a29a70df52dc676	19048291	1406	32	32	png_0122A763_32x32.png
8214c6f132b4620c329ce3e4d16fd15e3e0d9e02	19049701	998	32	32	png_0122ACE5_32x32.png
113010d5ffc247984f472fb95478ebb2483cad1c	19050703	1329	32	32	png_0122B0CF_32x32.png
32a2a67dff1cd1f91db5454b79e0488be572ec83	19052036	1173	16	16	png_0122B604_16x16.png
4c8be43b12bcb201f293a169fde0c22199c011c2	19053213	1605	64	64	png_0122BA9D_64x64.png
f0ea7566ad7e91f3905c260b5dc86d32ab5a0b65	19054822	1132	16	16	png_0122C0E6_16x16.png
7c12770d4b197d0eb3e81d1dc236ab668ff074ca	19055958	1034	16	16	png_0122C556_16x16.png
572b19adc321a3cfad16aaaf03819b5c78da15be	19056996	1013	16	16	png_0122C964_16x16.png
49f1361e1e2c25468e2f9d508a19b67c261a7567	19058013	1093	16	16	png_0122CD5D_16x16.png
b302ca7dfc6557afbe2994841581cade2467e2c5	19059110	1035	16	16	png_0122D1A6_16x16.png
ca74a21654a6a840fd1389ebd6c3edf35666210e	19060149	1060	16	16	png_0122D5B5_16x16.png
d8452d889d0aedae2cc69ade596c552da983ffa7	19061213	1468	32	32	png_0122D9DD_32x32.png
7a42f4d092b36a66ef676c052398381e7351c4e9	19062685	1357	32	32	png_0122DF9D_32x32.png
26d657ffc896cd12ba72ff68139051217f712e62	19064046	1091	32	32	png_0122E4EE_32x32.png
d29450739bd675b67632f0654e383a32802ac28e	19065141	990	16	16	png_0122E935_16x16.png
3432f859cc99740ca54e4112889498c1424edee2	19066135	1079	16	16	png_0122ED17_16x16.png
d354eba45a9952cdbbfb9b57a52926fc5e05f20f	19067218	978	16	16	png_0122F152_16x16.png
f9163db70e3986268e4e110281cb33212555ea83	19068200	1121	16	16	png_0122F528_16x16.png
c52126026ff435ceb9184c443f700d2bea712f9b	19069325	1162	16	16	png_0122F98D_16x16.png
cdf405dc6071fe82a4df17dbd021606200e8f238	19070491	1207	16	16	png_0122FE1B_16x16.png
9e72ef96dd5bee658abc60c216433fff31913e1c	19071702	999	32	32	png_012302D6_32x32.png
cafd87c980335dc25953e31e59087ee40fd3b222	19072705	1049	16	16	png_012306C1_16x16.png
3823feac36c8b1380510a879c7f3be36d36d3c2a	19073758	1100	32	32	png_01230ADE_32x32.png
9a0ad04026fcf698bc13bd27fafd5f0e4cbc5163	19074862	1207	32	32	png_01230F2E_32x32.png
f1452e0f35bb76e9493ddf32790e837029ef8412	19076073	1125	32	32	png_012313E9_32x32.png
08b9b16f0660626ca77770bcf78bd530b88728f7	19077202	1066	16	16	png_01231852_16x16.png
14f60a6c31712dbe7d4dcadbb15974a4ae48a505	19078272	1044	16	16	png_01231C80_16x16.png
38884d1241ad7b0b85e32ee6f2086180c1eb5c19	19079320	1189	16	16	png_01232098_16x16.png
dd2291ccb9a4e9fd64cfac2ce5b9e2a670e4e9c8	19080513	987	32	32	png_01232541_32x32.png
196e95074088a2b9c6766c5b3cf26b1634e85b9e	19081504	965	16	16	png_01232920_16x16.png
ed9e73d50a6c631691359506a65b3122b988ac1d	19082473	1810	32	32	png_01232CE9_32x32.png
e3d6d7291a927fb5071c08e5c44772a2e4dd7257	19084287	1257	16	16	png_012333FF_16x16.png
b9de79474a6934a1cc806d36ef722f84973dcd98	19085548	1273	32	32	png_012338EC_32x32.png
cbe025c44ffc3b70a6bcfbd66de42452a8a9d6d2	19086825	1034	16	16	png_01233DE9_16x16.png
c37af040b9e35b4d4dce9a1239b39e38bb0bacba	19087863	1543	32	32	png_012341F7_32x32.png
7093de8e0f6c38f6748ce4cf4c785846cea27754	19089410	968	16	16	png_01234802_16x16.png
49f23cd581b306927a0c2756a006314595bb6688	19090382	1364	32	32	png_01234BCE_32x32.png
80d406daf3c5e2050a10c832d3bf2334e09d4119	19091750	1323	32	32	png_01235126_32x32.png
724c1cba77782878b31101f97fda562f3c38ab10	19093077	2228	128	128	png_01235655_128x128.png
015746f2d839638b2baa68ab202b7b64c6c47b47	19095309	1042	16	16	png_01235F0D_16x16.png
4eace3bd98f61cb1ac2d6ecea35fd42fb48e123a	19096355	1192	32	32	png_01236323_32x32.png
aab67190b74a88d44bf23e7fafb02dc29ebcbfdf	19097551	1021	16	16	png_012367CF_16x16.png
fcee846ad2f909987905fb2c72ce2b488406e0db	19098576	1254	32	32	png_01236BD0_32x32.png
46f6f791224f7b8c722c945109c9d7eb922e5a81	19099834	1096	32	32	png_012370BA_32x32.png
a4fe5a5b5083552bf297936a1bc94c5ba6a83062	19100934	1217	16	16	png_01237506_16x16.png
56971f663537f33724ef0ee3c5c96c805913b9bc	19102155	1235	32	32	png_012379CB_32x32.png
ed1bee4dc2f3e22add3374363552bdd9e93071cb	19103394	1044	32	32	png_01237EA2_32x32.png
b6fc800bea4b7dd1e8e3f5b76df649026a790827	19104442	1046	40	15	png_012382BA_40x15.png
c70c4a1343670ea299a763e9580ae753a2e8bdc8	19105492	1295	32	32	png_012386D4_32x32.png
f919ac37cf8985e2f7499783b399765e705d94ec	19106791	1423	32	32	png_01238BE7_32x32.png
98497821dac7187c14a8f09116434845973557a0	19108218	1152	32	32	png_0123917A_32x32.png
dac5423e8cf64de4e6ce3e85194cb5077067f954	19109374	1335	16	16	png_012395FE_16x16.png
27e62bcf6ece950f9f26e5746265cc50ea46dff8	19110713	985	16	16	png_01239B39_16x16.png
05afeba418d65707ad12e0f2feaf811ef1186b54	19111702	1071	16	16	png_01239F16_16x16.png
a705bb454fc30dbb7c28b6ef06c2bd477fc9fd4a	19112777	997	16	16	png_0123A349_16x16.png
f1716619ed12fdc532bedb3bd3d5a80721b96e3b	19113778	1404	32	32	png_0123A732_32x32.png
63b4028b45ee854caac66323f572123ffe2344aa	19115186	996	16	16	png_0123ACB2_16x16.png
e91db0bbc3cfb463d447cdc67ba61148c16b392f	19116186	1078	32	32	png_0123B09A_32x32.png
67eefb918d06bc8ddc7847c0b9b22c119876eeb1	19117268	1370	32	32	png_0123B4D4_32x32.png
be85e51be2f382d72d23929356e1da6c145bc49c	19118642	1269	16	16	png_0123BA32_16x16.png
279d5a14d19eebea9717fa3d859330c968b74fd9	19119915	998	16	16	png_0123BF2B_16x16.png
c3fafeb0a70738e176f4c5465848ce08bab7237f	19120917	1087	32	32	png_0123C315_32x32.png
5c3156da900836c23e11c9909612b66448dbb657	19122008	1303	32	32	png_0123C758_32x32.png
3b4a389fc64390c9f5083b6e8dbfc8e1eb44611b	19123315	1162	16	16	png_0123CC73_16x16.png
b19d3418e7aa2ca2d4adecf5388c8555c24ab8d0	19124481	1268	16	16	png_0123D101_16x16.png
d2517aa8d0406c495458fa86ac8b828dd315e880	19125753	1054	16	16	png_0123D5F9_16x16.png
a3f6a2cd9503416e6923695d44455d45a596f775	19126811	1406	32	32	png_0123DA1B_32x32.png
c063b29a3f326f8749abe9769027f67fecea8cc2	19128221	1248	16	16	png_0123DF9D_16x16.png
dbbab8a8c9baf86d8679f25ca03019f618418997	19129473	1200	32	32	png_0123E481_32x32.png
5a25a5bd4ab81211883151281e2b9e312c58a521	19130677	964	16	16	png_0123E935_16x16.png
f07dc86732dbee6a257031dd79615fd89d7456eb	19131645	1499	64	64	png_0123ECFD_64x64.png
2bca4400ed708a3aff3275051d65b1844ab681a5	19133148	1023	32	32	png_0123F2DC_32x32.png
b4f3ac94f853e869654fd16b552640e51c67afc0	19134175	1087	32	32	png_0123F6DF_32x32.png
916cec0404f08696e09772a69f3d9408986cf651	19135266	987	32	32	png_0123FB22_32x32.png
450b4adaade7b87ea3997e1663f0e678a9984caf	19136257	1063	16	16	png_0123FF01_16x16.png
b3342c64d8d30ca1e75701f76ac5366fbb181a4b	19137324	988	32	32	png_0124032C_32x32.png
f8ed43d2ba85a7ac93913f8eb125e04044237c2a	19138316	1325	32	32	png_0124070C_32x32.png
d63ec288da8395c8b336240d3b1c7997394500dc	19139645	1123	16	16	png_01240C3D_16x16.png
8f7c3f7a6ed8e3a795f1fa900f68fe59b89a6262	19140772	1420	32	32	png_012410A4_32x32.png
c84ea2ba450f5951ccd75f7c8b67eb00832c4267	19142196	1062	16	16	png_01241634_16x16.png
c93c904c2876c9b06298d4f0b7f8bfe99caf81d8	19143262	1320	32	32	png_01241A5E_32x32.png
7fc2c1d78f2cd0b3967b4e2480524457fbf40d6f	19144586	1353	32	32	png_01241F8A_32x32.png
1fc130e5c4b7b610e1c9b2e2bf74147f83a707d5	19145943	982	32	32	png_012424D7_32x32.png
cbce7cc1b698cc24df6c088052eb10b80046cf85	19146929	1215	16	16	png_012428B1_16x16.png
c87b4f34d07d4a204e1db5de74bbebb60cd8a890	19148148	1446	16	16	png_01242D74_16x16.png
2c3c4dd38b25e1febe6c543fcf603f50d9812f8e	19149598	1797	460	232	png_0124331E_460x232.png
d4c0fcae90fd0989db005d45077a7436b9cc6864	19151399	1046	32	32	png_01243A27_32x32.png
f8e99502f3d1ee0ed7f46f5fb6e83dcd7b0c1434	19152449	973	32	32	png_01243E41_32x32.png
0dce36c0b1520a87c01a55e9d01a79c731f646e8	19153426	975	32	32	png_01244212_32x32.png
d2a48fc00a5f8abe92bb5f065fc9af4608dc6db3	19154405	1206	16	16	png_012445E5_16x16.png
ad41a16f72e699308d5c6368ca5b0e91749ed7a2	19155615	1166	16	16	png_01244A9F_16x16.png
041f3b02a8cdf02af7038162d06a2ad5422e8e77	19156785	1178	32	32	png_01244F31_32x32.png
b3b6076fc56c4f22af4f36a65c13db58a533cba4	19157967	1368	32	32	png_012453CF_32x32.png
ab51bc0a1728c37b7d491d19343b42f69254f627	19159339	1035	16	16	png_0124592B_16x16.png
3841c1e4f07f27890564fa28d62730e68a9f85db	19160378	1090	64	32	png_01245D3A_64x32.png
d2581a1bf8f659b745f99beb2bacc0f6da57583f	19161472	1004	16	16	png_01246180_16x16.png
38c4a010dd3e63c07a117719c1d9680866dc241c	19162480	1038	16	16	png_01246570_16x16.png
b79342a3a20a28fa39795191e0be9126ecf06221	19163522	1236	32	32	png_01246982_32x32.png
8b0f6efe0c07efe64f636f692fe64357a008950d	19164762	1100	32	32	png_01246E5A_32x32.png
cae883868412093594452c24ae75478a9c0be729	19165866	1122	32	32	png_012472AA_32x32.png
3396cec88c5c9f2effa2f90df4730626c5c3138b	19166992	1108	32	32	png_01247710_32x32.png
7d528238c6b005533d1090e4368491f95b631035	19168104	961	16	16	png_01247B68_16x16.png
ca5f0a23f54030c5a5521e44d53486032f3b86e9	19169069	1403	32	32	png_01247F2D_32x32.png
13235d93fdf1c64c980f228b5ce4f56e4abe8c5a	19170476	1059	16	16	png_012484AC_16x16.png
da8170e4672bf6df1847eccafaf8dd2a52ecd680	19171539	1448	32	32	png_012488D3_32x32.png
360115833e1a3162d3af51744644fcf740c03793	19172991	1364	32	32	png_01248E7F_32x32.png
d9db1898a7a452d184d0263691771e7e10301ee3	19174359	973	32	32	png_012493D7_32x32.png
a27c1d1bbba6abae460f4a8584f03405a1829a90	19175336	1042	16	16	png_012497A8_16x16.png
8c16d7f554d99f60acd0a251696556fb37ba7b91	19176382	1206	32	32	png_01249BBE_32x32.png
568a7c38079ae23f15ec3c00cd3def2704810a58	19177592	1608	244	244	png_0124A078_244x244.png
4a4a71a392b5565b8233702ed7cc92bf48c9f3cc	19179204	961	16	16	png_0124A6C4_16x16.png
dad438869c2012fba378d383f1036f50aea1bf2f	19180169	1239	32	32	png_0124AA89_32x32.png
78d5849a383c642f350a5108d4111ecaff605427	19181412	1645	32	32	png_0124AF64_32x32.png
114c94c880a6dea1f7bc9851ecffe95e10858181	19183061	1041	32	32	png_0124B5D5_32x32.png
5628f5d69b85f4095af88e7fe84f74f056d217d6	19184106	1089	32	32	png_0124B9EA_32x32.png
d50532dc64549e20024f8b03e94f90518f385d59	19185199	957	20	20	png_0124BE2F_20x20.png
b91193a54e99176076a888826f1e4ca7c1bb5770	19186160	1160	32	32	png_0124C1F0_32x32.png
2dd4ae1b35c42144f29f4d63ef0f677b0368ceb5	19187324	940	16	16	png_0124C67C_16x16.png
01b2f1d32f60867891425815487876f91c128391	19188268	1054	32	32	png_0124CA2C_32x32.png
5e84b21349ab22158b88f1237e69bf22959ac9a1	19189326	1656	64	64	png_0124CE4E_64x64.png
aa4a96565b0a5db5833a1cd10010fcce48abb53b	19190986	1517	16	16	png_0124D4CA_16x16.png
aabd7fc2b5abfc11a43845265d03ffb453f0abf6	19192507	1706	64	64	png_0124DABB_64x64.png
5b240686f1b0bedbb9a2d0e5c300ccc988a45645	19194217	1389	32	32	png_0124E169_32x32.png
3e5a2287696747612219a5e3fa4432e6002a1a29	19195610	1788	460	232	png_0124E6DA_460x232.png
d6d98ca05a38d069fea83602f1705dfd63cb99b2	19197402	990	16	16	png_0124EDDA_16x16.png
dcee1633418c24b8817e7540cb82bf2771f4bdd2	19198396	1192	16	16	png_0124F1BC_16x16.png
6ec1d95110d92a8ade79658ea758166d4a2bd1e9	19199592	995	32	32	png_0124F668_32x32.png
a6dd2377717ac05f68bea8f5c230cfbbf5e6e939	19200591	1239	32	32	png_0124FA4F_32x32.png
31331ddd62c84d154c0140852bb55cfa77b2429b	19201834	991	32	32	png_0124FF2A_32x32.png
c0eb7a3ed9bc16b0b1d131b6b850b19fcb91560b	19202829	991	32	32	png_0125030D_32x32.png
d680f77482a5b604d07ba1157a55b959eec2cc6c	19203824	1131	32	32	png_012506F0_32x32.png
81295aaf6ce9687b85f2d8b4b7aa07c69ad02522	19204959	1104	32	32	png_01250B5F_32x32.png
60d8d764887972042a09c9aaec850f11cc5f0cb4	19206067	1063	16	16	png_01250FB3_16x16.png
2ef51205a32048debb6bbfbf50c4cc2d0e8d1159	19207134	1031	16	16	png_012513DE_16x16.png
b56bfef0bf0b686f764bc8635b14c0ed59f3eba1	19208169	1159	32	32	png_012517E9_32x32.png
7cec0bdc948bdb7c1b5c46b8126450832423a847	19209332	1061	16	16	png_01251C74_16x16.png
73f4ec23b14d05ed2f3f1bc268dd679d03f167c0	19210397	982	32	32	png_0125209D_32x32.png
a4784198e82c4fc149c0be87b8c40404906f581b	19211383	999	32	32	png_01252477_32x32.png
b749f7124f6c8409722af67c9c4d35f06e5cbcb6	19212386	1221	32	32	png_01252862_32x32.png
0a568e83014b7a8433a905ec29be7cd653504f42	19213611	967	16	16	png_01252D2B_16x16.png
724ba4990c44807103e5b77cc842879314d0f683	19214582	1000	16	16	png_012530F6_16x16.png
9fe0b886c9248b42a1ca6ad864e55769edd68882	19215586	1117	32	32	png_012534E2_32x32.png
ea1f4616b68736edf56d57a5f3911f23c36af39b	19216707	1401	32	32	png_01253943_32x32.png
34e3da10df13e0c42c99b8fdf232d4b7f6902780	19218112	1772	32	32	png_01253EC0_32x32.png
c4eb817eb7525895afeb1fbb5e03c0f403318d33	19219888	1064	32	32	png_012545B0_32x32.png
a22472c189c35b5c3aa78730ad48013e380ef441	19220956	1232	16	16	png_012549DC_16x16.png
80c0eb8b157e13a171c2df73dc0bd4cb18b6bc02	19222192	1168	16	16	png_01254EB0_16x16.png
45f2169c3e82d106647677f6590cd32424a673ef	19223364	1137	32	32	png_01255344_32x32.png
74b26db6db982360d7715953a7750087e3232772	19224505	996	32	32	png_012557B9_32x32.png
d860f41768bae0fdc6b1ea56664e81f75094e37c	19225505	1336	64	64	png_01255BA1_64x64.png
707e03af4fcf099350d282120bbe3504b410d87d	19226845	981	16	16	png_012560DD_16x16.png
c2e0cc5cf837c46b98c37c16cb6169546eaea8cc	19227830	1685	32	32	png_012564B6_32x32.png
93bda24d650e43cf4e677aa31caea5a7d12aee27	19229519	1118	64	64	png_01256B4F_64x64.png
d51bf4514bf82fc9b28e6502fbc7f6ec1f4ef75c	19230641	1046	32	32	png_01256FB1_32x32.png
c0d1220fb824df37d842617e4dd90220afb5eba5	19231691	1846	32	32	png_012573CB_32x32.png
def6675205492b089dec0c1270040cae13a0e0e3	19233541	1618	64	64	png_01257B05_64x64.png
4e4c484d65f87dd5c7cdbbad3f0fe972cdcbe8f7	19235163	1113	106	60	png_0125815B_106x60.png
9a0e904a189877bae479992dac72ef6a739014e0	19236280	1024	16	16	png_012585B8_16x16.png
a5494a17423febe6248f4530b65c0da1c20f5b58	19237308	1136	16	16	png_012589BC_16x16.png
5b8e640624f3f91f74219f1b513c77245bdf3a91	19238448	1592	32	32	png_01258E30_32x32.png
b51ddd5dad28f23c64b33e00bc7e269635e61198	19240044	982	16	16	png_0125946C_16x16.png
ac090ddcc1f6fd0b923bbf8898e1f1e4e9f85a54	19241030	1117	32	32	png_01259846_32x32.png
5d65611fe9b5cd208b2983be918ee0d826688bf5	19242151	973	16	16	png_01259CA7_16x16.png
d8b2676db1da21b09aa674b1a651bfa683892881	19243128	973	16	16	png_0125A078_16x16.png
6d5160fd037a59192e9042c3a7120e3e9af66858	19244105	1239	32	32	png_0125A449_32x32.png
96dd85204132b317e7105bda2c640f7ca0868f81	19245348	1022	16	16	png_0125A924_16x16.png
7dc8ea80f0d8c6082e84bf5da0474ba0258d65d1	19246374	992	16	16	png_0125AD26_16x16.png
3f358dcac08deec8f88e5d480dd16c130d59fcee	19247370	1010	32	32	png_0125B10A_32x32.png
17bf3ba53eba55249d37aa4c2b35a424366edd89	19248384	1269	212	120	png_0125B500_212x120.png
9df2db04dc7b1ecf2b1c40a9820ebafab01aaff6	19249657	1594	106	60	png_0125B9F9_106x60.png
06097a403333c09ceb79d97fb96f33383864c783	19251255	1302	64	64	png_0125C037_64x64.png
d682f7d55e522a8d18f770d97671aef147a5cce2	19252561	1036	32	32	png_0125C551_32x32.png
38ff2d148c226a2dae6df11d35bd861e83b12a2f	19253601	1209	16	16	png_0125C961_16x16.png
3210c9985a3a831e012bdf644420ebada7292f7f	19254814	1120	16	16	png_0125CE1E_16x16.png
5bc825622915a61ce3eaeeb26878129d6fb4bcde	19255938	988	32	32	png_0125D282_32x32.png
db23172a817de21fcbd1829ca3e9c8099cc26bcd	19256930	1287	32	32	png_0125D662_32x32.png
503c38ec8ca49fc5922beb05329c0e554a7ece2a	19258221	1111	16	16	png_0125DB6D_16x16.png
8118f14993ab4551f0ec0120f44be63576f966fa	19259336	984	32	32	png_0125DFC8_32x32.png
b9d5d6f3f8abca72b26b1cd1b71e61f876505c78	19260324	1326	32	32	png_0125E3A4_32x32.png
a882429e0c4d8e7eaeb0947068faf5754e303674	19261654	984	32	32	png_0125E8D6_32x32.png
a8acaf863b0635cc22ac4e938baffea61bff13ea	19262642	991	16	16	png_0125ECB2_16x16.png
1fc3d6bfe8075d2aa5fc5370176cf48b633de34d	19263637	1146	32	32	png_0125F095_32x32.png
65e8d6ae861c24b5f18baef5f563a99e288f7cf1	19264787	1424	64	64	png_0125F513_64x64.png
8e5b650774fc402b0e36418c9fb1c9245c9b4a67	19266215	1460	32	32	png_0125FAA7_32x32.png
4942b4cd6ff6b14d85552d36611d136cc1297807	19267679	1231	16	16	png_0126005F_16x16.png
259411c8a118f48b023670f8dde6fcac30f092c0	19268914	1377	32	32	png_01260532_32x32.png
359b190ce90fd1df46201da7918f58b236f8da8d	19270295	1678	32	32	png_01260A97_32x32.png
69a923d5d3986da93865fa5b61d826afa41d858d	19271977	978	32	32	png_01261129_32x32.png
eb76392a98b347a256f37e92e64b2c129e4519a7	19272959	950	10	10	png_012614FF_10x10.png
522626661c7aa13452c2d970a37966234be94d76	19273913	1324	32	32	png_012618B9_32x32.png
57f7618aedbbebec99e778da4f9aed2d387ec3f0	19275241	1011	16	16	png_01261DE9_16x16.png
9ee642ea57ae48abebe8a9fecdac89a99a19955d	19276256	2115	212	120	png_012621E0_212x120.png
028f60d5fa32cbcd7e493af7296839868cb8fd12	19278375	1135	16	16	png_01262A27_16x16.png
01980960a946cd97b92455f59be1bbbd17578842	19279514	1153	16	16	png_01262E9A_16x16.png
23bd8cab4fbfacfb5573a227dfba66fd16635986	19280671	1337	32	32	png_0126331F_32x32.png
b903c2f88c61ca97cd0447a59f584481fd72d6cb	19282012	1438	16	16	png_0126385C_16x16.png
f11770cf8ef3a00faf38132a4a6476e7b55b8eb7	19283454	1104	64	32	png_01263DFE_64x32.png
27873a8acb7081d6277d6dd5a212baa94897b54c	19284562	1278	16	16	png_01264252_16x16.png
ce6baf6ea68e703054ad392b105686101e489938	19285844	1229	32	32	png_01264754_32x32.png
5b4a4334a3ef0f56849f6d4991e57c7b0af1fcbe	19287077	1382	32	32	png_01264C25_32x32.png
ceb3306da45d149570f0cfba15886f8bf31879fc	19288463	1141	32	32	png_0126518F_32x32.png
5b5a2c972e0e7d784a43a6bfd05727b8884af8f0	19289608	1206	32	32	png_01265608_32x32.png
5941c07113f10ca0a3dcd5db1a9e50998e34b4fa	19290818	1029	16	16	png_01265AC2_16x16.png
d00bd5a179f113e3b69bfca4649e213f0d20cbfa	19291851	1132	16	16	png_01265ECB_16x16.png
52de16c0136f60db9b4a243feb7c6f978334b961	19292987	963	16	16	png_0126633B_16x16.png
2fa9212888d56d73dde2d4fbb8243114b44c6dca	19293954	1065	32	32	png_01266702_32x32.png
15c532ab5c44052935b61bb5c0a0204f8478efe6	19295023	1368	16	16	png_01266B2F_16x16.png
61f2094f488c06168825a79fa191f6d1b273dd9f	19296395	1287	32	32	png_0126708B_32x32.png
d43b7fc6914a16eb2babc9ba4650e175ff24064c	19297686	1475	64	64	png_01267596_64x64.png
305cd288440876ed235e4472d3ece17bb7ddd6b0	19299165	1104	16	16	png_01267B5D_16x16.png
204f0ba18df0e8240db7607ccc4267a6ca85d243	19300273	1193	16	16	png_01267FB1_16x16.png
756f3b9246bce9c357f0131d8b75286e842635fd	19301470	976	16	16	png_0126845E_16x16.png
f777c6230a2006569fe24d1fe48aacd1c4f513c2	19302450	1171	80	30	png_01268832_80x30.png
d8af4f45895b90a3776bdd0f257d0e021066e200	19303625	956	16	16	png_01268CC9_16x16.png
5ab4febca8785a8d6873a7142fe31f3da7a8ebac	19304585	1275	16	16	png_01269089_16x16.png
bede3c24d70be96689cf34b1e16cb40d5284e4e8	19305864	1281	32	32	png_01269588_32x32.png
58e5bb113bea0eeeb93092ccc3a3dbfd03c936f5	19307149	1087	32	32	png_01269A8D_32x32.png
a956dcd64033ab3ed1f72cd258fe66a1c5ca0200	19308240	1018	16	16	png_01269ED0_16x16.png
15b47d45c59e9fc8cf3dd5e04b4b2f4e0edf4160	19309262	1164	32	32	png_0126A2CE_32x32.png
38fe280bdd9d43a769e61fb779537dffdf87ff90	19310430	1075	32	32	png_0126A75E_32x32.png
c8ddc16f0b0911bb59f72eed7d4be7122034b584	19311509	1528	32	32	png_0126AB95_32x32.png
4aaf57d2beb47ae464439d8f93215032221c48f2	19313041	1470	32	32	png_0126B191_32x32.png
8ae8c47f62be8d04002d5b3627ee7d79d22eccee	19314515	1268	32	32	png_0126B753_32x32.png
9553cdbdedc6777c8938af0ea4981d14be3e9e39	19315787	1139	32	32	png_0126BC4B_32x32.png
7ec6a06d5001f5741dd2ae4209c3571a9eb24b91	19316930	1150	16	16	png_0126C0C2_16x16.png
64ed2177cc9f85eb20898d2020dba2143b65d1fb	19318084	1016	16	16	png_0126C544_16x16.png
9d141022d4e9aa71ac6f22c94082cb2ff51903b5	19319104	1095	32	32	png_0126C940_32x32.png
fac5a5c2dc49a4ac8530744d7658382bccfe1fa8	19320203	1257	16	16	png_0126CD8B_16x16.png
00dedc7f163f0a1488318c3880e32634ebb9a5c8	19321464	2184	32	32	png_0126D278_32x32.png
c4c15ac1c0e46fc1e1cc87641efb7f406c1de260	19323652	1714	32	32	png_0126DB04_32x32.png
2fb9fa24cea7b4bcc00483dc2548e00c62c4c814	19325370	1328	32	32	png_0126E1BA_32x32.png
3cb4354e869632e608824e34495059a950c1ebb2	19326702	1016	16	16	png_0126E6EE_16x16.png
15a845d5e9801d7df4f022db411fdf2e1202ef12	19327722	980	16	16	png_0126EAEA_16x16.png
06f2b0e52fa438dd9a0e7f04b223783009664634	19328706	968	16	16	png_0126EEC2_16x16.png
30ee54cfe5c4b8a62f432074ae1b677d5045c47d	19329678	1425	32	32	png_0126F28E_32x32.png
d19a6176df44b40551d04565be7d2302233f948e	19331107	1305	32	32	png_0126F823_32x32.png
e9799ed576dc67292bd83e30ba1ecf1abf20614e	19332416	978	32	32	png_0126FD40_32x32.png
ed636078b664c3ea0e8d0d7232c88bd54d009ecc	19333398	1002	16	16	png_01270116_16x16.png
9d43367a3567f27047571c8b0b47219b32e4b8cf	19334404	1149	16	16	png_01270504_16x16.png
63f9d8320ab382dd625bdb799d9c5d12b5a8dfd4	19335557	1036	32	32	png_01270985_32x32.png
305d6ac6f3868a0d2c51d39a4d2e12d1feb9728e	19336597	1572	32	32	png_01270D95_32x32.png
7c04eb9464eca847e5fcb77c086317815cbdb866	19338173	1052	32	32	png_012713BD_32x32.png
