resource	file	data_offset	length	width	height	sha1
Style/StyleSheet.css	SAMPLES/icons-VegesEffects/named_png/Style/StyleSheet.css	5592381	25941	0	0	3bf9ebaef3600be4cc0337889a0bb0e13cce21d8
Style/StyleSheet.scss	SAMPLES/icons-VegesEffects/named_png/Style/StyleSheet.scss	5589897	2480	0	0	d4ab330036def1e78a140fffa09be0e601964dfd
images/images/key-frame-next.png	SAMPLES/icons-VegesEffects/named_png/images/images/key-frame-next.png	155795	1095	16	16	fb6f3b819e884eca9cf48f8fc5e5eb8b0f69420a
images/images/curves-s@2x.png	SAMPLES/icons-VegesEffects/named_png/images/images/curves-s@2x.png	5060609	1210	32	32	c855b1a4a202ee6d91471802053eefe2df7bd378
images/images/loop-hover.png	SAMPLES/icons-VegesEffects/named_png/images/images/loop-hover.png	3518375	1011	16	16	1d5be3c76fc90e9c83c6674afda4d506f1f5609f
images/images/cursor-all-track-backward-disabled.png	SAMPLES/icons-VegesEffects/named_png/images/images/cursor-all-track-backward-disabled.png	4976654	1307	32	32	06f1b761d3f10218e4efc05370a242de9d326ca4
images/images/preset-2d@2x.png	SAMPLES/icons-VegesEffects/named_png/images/images/preset-2d@2x.png	5557817	1087	32	32	58e5bb113bea0eeeb93092ccc3a3dbfd03c936f5
images/images/preset-3d@2x.png	SAMPLES/icons-VegesEffects/named_png/images/images/preset-3d@2x.png	5132495	1359	32	32	0ab6c71cc6cc5e1add3dc05d22dbac6f797b7229
images/images/frame-next-hover@2x.png	SAMPLES/icons-VegesEffects/named_png/images/images/frame-next-hover@2x.png	274867	1063	32	32	ca349c4ea3f4c4636f0035b3274fa44359cf8737
images/images/distribute-top-checked.png	SAMPLES/icons-VegesEffects/named_png/images/images/distribute-top-checked.png	318453	964	16	16	df9f865679b28cdc3f45a20473fb372b912c42f9
images/images/menu-disabled@2x.png	SAMPLES/icons-VegesEffects/named_png/images/images/menu-disabled@2x.png	4278267	998	32	32	3dc3314801a6a89f5e23b0a7d1a389dd6e1fa34d
images/images/point-white.png	SAMPLES/icons-VegesEffects/named_png/images/images/point-white.png	5185931	958	16	16	13a27eefaaee49544bd49ff3718e256ba54c32fc
images/images/graph-decline-checked@2x.png	SAMPLES/icons-VegesEffects/named_png/images/images/graph-decline-checked@2x.png	5434774	1089	32	32	5628f5d69b85f4095af88e7fe84f74f056d217d6
images/images/center@2x.png	SAMPLES/icons-VegesEffects/named_png/images/images/center@2x.png	1459617	990	32	32	a14967a4d35c01ebe7d1cca817ed6b84aeda683c
images/images/frame-last-hover@2x.png	SAMPLES/icons-VegesEffects/named_png/images/images/frame-last-hover@2x.png	3017870	1062	32	32	b43427703dacd049187b89ffd545d1091d7bef74
images/images/make-composite.png	SAMPLES/icons-VegesEffects/named_png/images/images/make-composite.png	3301238	1012	16	16	a0b1ecf4a9bc9e03c8f9d8c5714648975aafaf9d
images/images/new-composite-shot-from-clip-checked@2x.png	SAMPLES/icons-VegesEffects/named_png/images/images/new-composite-shot-from-clip-checked@2x.png	5480187	1118	64	64	93bda24d650e43cf4e677aa31caea5a7d12aee27
images/images/text-right-justified@2x.png	SAMPLES/icons-VegesEffects/named_png/images/images/text-right-justified@2x.png	4760986	991	32	32	3f2fdd9cc47b5371850a829c7bba31a60bce1255
images/images/mask-intersect-checked.png	SAMPLES/icons-VegesEffects/named_png/images/images/mask-intersect-checked.png	5317886	978	16	16	d354eba45a9952cdbbfb9b57a52926fc5e05f20f
images/images/dialog-information-checked@2x.png	SAMPLES/icons-VegesEffects/named_png/images/images/dialog-information-checked@2x.png	2706726	2050	64	64	18169891104f550f2184d0c9e8408a19b7355b3e
images/images/favorites-category-checked@2x.png	SAMPLES/icons-VegesEffects/named_png/images/images/favorites-category-checked@2x.png	4028820	2944	128	128	dd80a5d9528596c50e9ea168bcdf70fb7b1dd493
images/images/maximize-window-disabled@2x.png	SAMPLES/icons-VegesEffects/named_png/images/images/maximize-window-disabled@2x.png	307507	1001	32	32	e3c7bde5711065352d7083dfd2abbb62cd45358e
images/images/hand-menu-checked.png	SAMPLES/icons-VegesEffects/named_png/images/images/hand-menu-checked.png	5378889	1248	16	16	c063b29a3f326f8749abe9769027f67fecea8cc2
images/images/nonagon-outline-disabled@2x.png	SAMPLES/icons-VegesEffects/named_png/images/images/nonagon-outline-disabled@2x.png	1283663	1416	32	32	0897e47bf9c330cd8b1cf14ed1e0a557db8e0745
images/images/graph-curve-up-checked@2x.png	SAMPLES/icons-VegesEffects/named_png/images/images/graph-curve-up-checked@2x.png	4564565	1182	32	32	0d94b236b1d93ac3170e9471296f95f1048a484c
images/images/font-size-checked@2x.png	SAMPLES/icons-VegesEffects/named_png/images/images/font-size-checked@2x.png	4051981	1258	32	32	cd16146a59ea2d39af93c234a5daef4709621ceb
images/images/camera-orbit-point.png	SAMPLES/icons-VegesEffects/named_png/images/images/camera-orbit-point.png	4854616	1184	16	16	ee940bfb4a0ef63f2a526648d9f93f7aeb21fb06
images/images/presets-disabled@2x.png	SAMPLES/icons-VegesEffects/named_png/images/images/presets-disabled@2x.png	4445617	998	32	32	3552292bdc827aa09c81129568e282ca0f6b3c6c
images/images/pause-checked.png	SAMPLES/icons-VegesEffects/named_png/images/images/pause-checked.png	3750661	958	16	16	212e55382594bade5cbebadd59dae823ce276298
images/images/mask-rounded-rect-disabled.png	SAMPLES/icons-VegesEffects/named_png/images/images/mask-rounded-rect-disabled.png	1047809	1066	16	16	d0361af2bfca9d37880b70e578fa4bcc6b1bb09d
images/images/font-outline-color-checked.png	SAMPLES/icons-VegesEffects/named_png/images/images/font-outline-color-checked.png	4583181	1110	16	16	0096b91ece80a9a2f20ac4254d1cf4a65f30fd0a
images/images/frame-in-hover.png	SAMPLES/icons-VegesEffects/named_png/images/images/frame-in-hover.png	2892941	989	16	16	6dae28d7748723c1c8d3470cb13619d68578b092
images/images/camera-orbit.png	SAMPLES/icons-VegesEffects/named_png/images/images/camera-orbit.png	3015435	1214	16	16	3e1bf04851dfa2d023181ebba557aae306764fa4
images/images/missing-layer-disabled.png	SAMPLES/icons-VegesEffects/named_png/images/images/missing-layer-disabled.png	570556	1113	16	16	eb770af5618f2e42eccc12abfa221b3f2e66afb9
images/images/gradient-stop-disabled@2x.png	SAMPLES/icons-VegesEffects/named_png/images/images/gradient-stop-disabled@2x.png	3505146	1097	32	32	cfe95079e5f832fdd86f959bdb65dc14ff030fed
images/images/folder-open-large-disabled.png	SAMPLES/icons-VegesEffects/named_png/images/images/folder-open-large-disabled.png	4489878	1237	64	64	679e8dcaf90f7577c4c479dea02b37ca941b6f54
images/images/new-composite-shot-checked.png	SAMPLES/icons-VegesEffects/named_png/images/images/new-composite-shot-checked.png	4804562	1153	32	32	6d55a68c94b9cc834c53364bdab267a0ad8bf654
images/images/file.png	SAMPLES/icons-VegesEffects/named_png/images/images/file.png	2993276	1041	16	16	eb1c596795018190850517158c18ea0f5ce9f3b3
images/images/favorites-category-disabled.png	SAMPLES/icons-VegesEffects/named_png/images/images/favorites-category-disabled.png	1019232	2435	64	64	d23147a0e17cfc11d980f48b18010fdbb96369ee
images/images/effect-3d-particle-checked.png	SAMPLES/icons-VegesEffects/named_png/images/images/effect-3d-particle-checked.png	5375149	1268	16	16	b19d3418e7aa2ca2d4adecf5388c8555c24ab8d0
images/images/motion-blur-checked.png	SAMPLES/icons-VegesEffects/named_png/images/images/motion-blur-checked.png	4383705	1195	16	16	058d3f248542f0093aa045f8eaab73d400cbe368
images/images/slide-checked.png	SAMPLES/icons-VegesEffects/named_png/images/images/slide-checked.png	1099885	1022	16	16	d568811f3d491c8fcd26a3f96b442ba430237b68
images/images/slice-checked.png	SAMPLES/icons-VegesEffects/named_png/images/images/slice-checked.png	1348720	1148	16	16	f58c96b5cc3aadd14dfc6440387096f59f1067d2
images/images/radio-checked@2x.png	SAMPLES/icons-VegesEffects/named_png/images/images/radio-checked@2x.png	530704	1402	32	32	460cfc4d94b767bfd52074cbc28b3966ae7e7fda
images/images/checkbox-disabled@2x.png	SAMPLES/icons-VegesEffects/named_png/images/images/checkbox-disabled@2x.png	4402587	1162	80	30	694a5cc1234d3ee9d7238794a2d7caca85373b7b
images/images/bottom-checked@2x.png	SAMPLES/icons-VegesEffects/named_png/images/images/bottom-checked@2x.png	67341	998	32	32	fbb4ea037b6c651d53f0800a79174529b58a34b4
images/images/transition-audio-disabled@2x.png	SAMPLES/icons-VegesEffects/named_png/images/images/transition-audio-disabled@2x.png	5213499	1320	32	32	96333cc56d7c65ae0e421bfc07248ff34acc99f2
images/images/white-checked.png	SAMPLES/icons-VegesEffects/named_png/images/images/white-checked.png	206573	953	16	16	194bb62e5a8a04cd0f8afa1d444011b651855588
images/images/letter-scaling-vertical-disabled.png	SAMPLES/icons-VegesEffects/named_png/images/images/letter-scaling-vertical-disabled.png	8946	1165	16	16	c82f884d3776039655dd1c7d60d7dfc5b650a73c
images/images/dodecagon-outline-hover@2x.png	SAMPLES/icons-VegesEffects/named_png/images/images/dodecagon-outline-hover@2x.png	4046690	1322	32	32	623a1ddaa2f8f2c9cb540c9a1dcb28b2dd2fb8fb
images/images/camera-fov-hover@2x.png	SAMPLES/icons-VegesEffects/named_png/images/images/camera-fov-hover@2x.png	3475817	1747	64	64	8d01c718dc61c93c2abec2fc4640adacf40512bc
images/images/square-outline-checked@2x.png	SAMPLES/icons-VegesEffects/named_png/images/images/square-outline-checked@2x.png	266388	1134	32	32	b57b26254313498ce7a740fcf574c2c540b34d39
images/images/top-checked@2x.png	SAMPLES/icons-VegesEffects/named_png/images/images/top-checked@2x.png	1137120	998	32	32	05bcfcb8df0a2f6479ea3899b312d9e445c18ffe
images/images/layout-canvas-left-checked@2x.png	SAMPLES/icons-VegesEffects/named_png/images/images/layout-canvas-left-checked@2x.png	1021671	1023	32	32	5dfcd1a97bf27e0c3b376321e5397df1fb350500
images/images/slip-menu.png	SAMPLES/icons-VegesEffects/named_png/images/images/slip-menu.png	4326058	1101	16	16	666df786e892e3f47d18da092d272cbb132e10bb
images/images/camera-rotate-hover@2x.png	SAMPLES/icons-VegesEffects/named_png/images/images/camera-rotate-hover@2x.png	3805989	1591	64	64	a0c5bd8b5ae4705a630e2a64005b05e1e0838a89
images/images/graph-curve-up-hover@2x.png	SAMPLES/icons-VegesEffects/named_png/images/images/graph-curve-up-hover@2x.png	397004	1182	32	32	bc7fe14c9a7f522fe3a5c46b298eea85fcd502b1
images/images/add-container-south@2x.png	SAMPLES/icons-VegesEffects/named_png/images/images/add-container-south@2x.png	5274091	1262	64	128	1150337781c8b5d8a6d61b94490c8064511103c3
images/images/restore-window-disabled@2x.png	SAMPLES/icons-VegesEffects/named_png/images/images/restore-window-disabled@2x.png	1388870	1034	32	32	803af20b5ae68363ee07f9d121c5ffaa3addeac1
images/images/text-center-align-disabled.png	SAMPLES/icons-VegesEffects/named_png/images/images/text-center-align-disabled.png	4573666	970	16	16	7d8f80c7a76461a53c5e4644df086e3cbbb3e1f9
images/images/clipboard-copy-checked.png	SAMPLES/icons-VegesEffects/named_png/images/images/clipboard-copy-checked.png	4923052	1257	16	16	4c1faaea73c0896bd94974088b99a0cc9e0d85e6
images/images/exclamation-checked.png	SAMPLES/icons-VegesEffects/named_png/images/images/exclamation-checked.png	3703708	1272	16	16	4d692889fa221c99da000032f535a32b498868cd
images/images/browser-back-checked.png	SAMPLES/icons-VegesEffects/named_png/images/images/browser-back-checked.png	1401432	1037	16	16	31d2da398bad486a1cea76ab4d2446816e49b660
images/images/cursor-stretch-right-hover@2x.png	SAMPLES/icons-VegesEffects/named_png/images/images/cursor-stretch-right-hover@2x.png	3108914	1540	64	64	0f6ed743c890c17692864814e62651aa2bacb871
images/images/slider-alpha-tile-disabled@2x.png	SAMPLES/icons-VegesEffects/named_png/images/images/slider-alpha-tile-disabled@2x.png	3588994	961	20	20	64b601a5e746bd4b3aba25b26cd5a9058972e8d6
images/images/check-only-disabled@2x.png	SAMPLES/icons-VegesEffects/named_png/images/images/check-only-disabled@2x.png	23725	1109	32	32	ea99ee070cdc6c004c37b2a7b24f8df8d9f97251
images/images/curves-straight@2x.png	SAMPLES/icons-VegesEffects/named_png/images/images/curves-straight@2x.png	2721848	1080	32	32	74acf4bfabcac2d8a60b1675e5bc95cf543e5acb
images/images/export-queue-single-disabled.png	SAMPLES/icons-VegesEffects/named_png/images/images/export-queue-single-disabled.png	3882799	1055	16	16	eb079e3c1d1339514fc16aeb3bdbd93f51f0889c
images/images/effect-2d-plugin-hover.png	SAMPLES/icons-VegesEffects/named_png/images/images/effect-2d-plugin-hover.png	3968436	1106	16	16	56838707ba1b10625a6b1326356741c6bf23cece
images/images/camera-rotate-checked@2x.png	SAMPLES/icons-VegesEffects/named_png/images/images/camera-rotate-checked@2x.png	4480073	1591	64	64	1d8827c42576d10adbc386e3ebf377b729e67fb3
images/images/cursor-slip.png	SAMPLES/icons-VegesEffects/named_png/images/images/cursor-slip.png	4876577	1074	32	32	3da4736f7bb2d6984e8b8512a46cd9d22735a864
images/images/export-preset-disabled.png	SAMPLES/icons-VegesEffects/named_png/images/images/export-preset-disabled.png	5080886	1050	16	16	ef792d83e82264e8848bbe3b24a44d55361a270d
images/images/layout-canvas-middle-hover.png	SAMPLES/icons-VegesEffects/named_png/images/images/layout-canvas-middle-hover.png	3874132	983	16	16	bfc99d56c90780ce1beec8546e8586d7cda55713
images/images/cursor-slip-disabled@2x.png	SAMPLES/icons-VegesEffects/named_png/images/images/cursor-slip-disabled@2x.png	5005561	1293	64	64	d2910c1b7fe61438cc49fc2e3adeaaf04aa40fa7
images/images/blank-disabled@2x.png	SAMPLES/icons-VegesEffects/named_png/images/images/blank-disabled@2x.png	1343384	1016	32	32	51bc3f6bcef64c43bc2071fb1017dc697d5f2f36
images/images/camera-zoom-disabled.png	SAMPLES/icons-VegesEffects/named_png/images/images/camera-zoom-disabled.png	3663103	1293	32	32	7751de1dc68b69140189a3eca5efc1b70f4ab877
images/images/add-container-north-disabled.png	SAMPLES/icons-VegesEffects/named_png/images/images/add-container-north-disabled.png	82614	1127	32	64	0c39e518d3f38942cf58456156c587abb238cdb1
images/images/lowercase-hover.png	SAMPLES/icons-VegesEffects/named_png/images/images/lowercase-hover.png	2760412	1037	16	16	91e8167254d9bf60fc8c4ac17b50780fa647d24f
images/images/folder-disabled.png	SAMPLES/icons-VegesEffects/named_png/images/images/folder-disabled.png	3919972	1056	16	16	3f2c47e6c03ad68792722e54df328b27e6268fce
images/images/filter-checked@2x.png	SAMPLES/icons-VegesEffects/named_png/images/images/filter-checked@2x.png	100117	1225	32	32	5b493e49262a46b46020c99d4f91912be22c86b7
images/images/dummy-transparent-hover@2x.png	SAMPLES/icons-VegesEffects/named_png/images/images/dummy-transparent-hover@2x.png	4151453	955	32	32	e828c7777bc04664891807dd4bded2ff2f4b38c5
images/images/print-canvas-checked.png	SAMPLES/icons-VegesEffects/named_png/images/images/print-canvas-checked.png	3147712	1270	16	16	0570e45846bc4b0e85db91068812db4995f16d1f
images/images/star-outline@2x.png	SAMPLES/icons-VegesEffects/named_png/images/images/star-outline@2x.png	929886	1426	32	32	2d9bc5635a1d047cb43bc6126919348fe1ec53ba
images/images/key-frame-easy-ease-checked@2x.png	SAMPLES/icons-VegesEffects/named_png/images/images/key-frame-easy-ease-checked@2x.png	1298270	1131	32	32	761b5713f4e7ee3893dcda6042a58d14024dfa35
images/images/effect-3d-particle.png	SAMPLES/icons-VegesEffects/named_png/images/images/effect-3d-particle.png	3506247	1268	16	16	cbd41f90b93dc26da7a0e4e23faa25bbf678ed72
images/images/slider-alpha-light-tile-checked.png	SAMPLES/icons-VegesEffects/named_png/images/images/slider-alpha-light-tile-checked.png	2977312	950	10	10	75f4cc0962449a6c4728a978fa9812c4acc8b966
images/images/margin-left-checked@2x.png	SAMPLES/icons-VegesEffects/named_png/images/images/margin-left-checked@2x.png	3133414	984	32	32	9335be468ab6ae1b1cbc367c46b5b92e9c7c49b4
images/images/checkbox-active-checked@2x.png	SAMPLES/icons-VegesEffects/named_png/images/images/checkbox-active-checked@2x.png	572678	1132	80	30	697b527d8681d62a6182a6297ca99ee1e57df4ba
images/images/layout-right.png	SAMPLES/icons-VegesEffects/named_png/images/images/layout-right.png	1163524	1293	230	116	837ee250c9778aa0d27cbfd01be861b604ac1c15
images/images/cursor-resize@2x.png	SAMPLES/icons-VegesEffects/named_png/images/images/cursor-resize@2x.png	4041370	1538	64	64	f6728e91c4c878d7fa14bea81533a245d647414c
images/images/cursor-ripple-checked@2x.png	SAMPLES/icons-VegesEffects/named_png/images/images/cursor-ripple-checked@2x.png	3273395	1655	64	64	7ff1e0e110f3e5d094a397f4f9034b9c7323c874
images/images/crosshair-white@2x.png	SAMPLES/icons-VegesEffects/named_png/images/images/crosshair-white@2x.png	415580	1751	32	32	48b12b3b07eb7a3e84cadcd70bd0037be6498eaa
images/images/margin-top-checked@2x.png	SAMPLES/icons-VegesEffects/named_png/images/images/margin-top-checked@2x.png	4426701	984	32	32	cabc4139f8d4278628cb36f6ca39295798c1928b
images/images/large-stop-checked@2x.png	SAMPLES/icons-VegesEffects/named_png/images/images/large-stop-checked@2x.png	3168304	1194	64	64	e430de8f9de25704e8892c1c2dabc658f699b7f8
images/images/cursor-resize-left-hover.png	SAMPLES/icons-VegesEffects/named_png/images/images/cursor-resize-left-hover.png	3773470	1234	32	32	d60aaf4313f267f1e14e76a69c959364dfd43095
images/images/ripple-hover@2x.png	SAMPLES/icons-VegesEffects/named_png/images/images/ripple-hover@2x.png	5314714	1091	32	32	26d657ffc896cd12ba72ff68139051217f712e62
images/images/font-hover.png	SAMPLES/icons-VegesEffects/named_png/images/images/font-hover.png	1174395	1106	16	16	3f50a48bfdeb611e7337c352e03ee5e526d6c8c4
images/images/cursor-rolling.png	SAMPLES/icons-VegesEffects/named_png/images/images/cursor-rolling.png	4757604	1075	32	32	a6526e986704666e8a64978949bbc14302031f72
images/images/close-checked.png	SAMPLES/icons-VegesEffects/named_png/images/images/close-checked.png	4114328	1000	16	16	309c3ce4241a3bddc4cb567f596a86994d539333
images/images/mask-point-handle-hover.png	SAMPLES/icons-VegesEffects/named_png/images/images/mask-point-handle-hover.png	3203278	327	16	16	5c406976efa43d24769cb8d72d393ccb622cf47b
images/images/group-layer@2x.png	SAMPLES/icons-VegesEffects/named_png/images/images/group-layer@2x.png	5004312	1245	32	32	5d1b61f11c691e4699f2527eb8bab85188832d4a
images/images/distribute-vertically-hover@2x.png	SAMPLES/icons-VegesEffects/named_png/images/images/distribute-vertically-hover@2x.png	5475173	996	32	32	74b26db6db982360d7715953a7750087e3232772
images/images/file-offline-checked.png	SAMPLES/icons-VegesEffects/named_png/images/images/file-offline-checked.png	151484	1209	16	16	a68afd069ad32672ee288c9b757c2bd3e72109b7
images/images/publish.png	SAMPLES/icons-VegesEffects/named_png/images/images/publish.png	905024	1246	16	16	4f8c31b60337835eb993090169ca70d13815a2a8
images/images/image-layer.png	SAMPLES/icons-VegesEffects/named_png/images/images/image-layer.png	3896956	1278	16	16	bb13bbc30bd9c7ba7a5fa5f4d90f2716ed6176e9
images/images/layout-canvas-top-checked@2x.png	SAMPLES/icons-VegesEffects/named_png/images/images/layout-canvas-top-checked@2x.png	1248185	1027	32	32	18d9b5614af9ab2a6507274fdca173c0115bb6d8
images/images/hand-disabled@2x.png	SAMPLES/icons-VegesEffects/named_png/images/images/hand-disabled@2x.png	4073804	1340	32	32	258b88d1114cfe87b7cc3b1d364be5a890e4bbad
images/images/text-gap-after-paragraph@2x.png	SAMPLES/icons-VegesEffects/named_png/images/images/text-gap-after-paragraph@2x.png	166692	1005	32	32	561674632edc10d881ab4fa731f835c5d257292a
images/images/text-left-indent@2x.png	SAMPLES/icons-VegesEffects/named_png/images/images/text-left-indent@2x.png	4459620	1088	32	32	daa8427e80f927537966f40257d152d1ffdccd24
images/images/filter-hover@2x.png	SAMPLES/icons-VegesEffects/named_png/images/images/filter-hover@2x.png	58762	1202	32	32	21a1f32e02360d5485676ece371c3432b74ab83b
images/images/bottom-disabled.png	SAMPLES/icons-VegesEffects/named_png/images/images/bottom-disabled.png	4372250	1010	16	16	8aae3a1e7f16296445a03b4d870dbefa54e69455
images/images/radio-unchecked-checked.png	SAMPLES/icons-VegesEffects/named_png/images/images/radio-unchecked-checked.png	5115772	1109	16	16	75e424b5638a80be41504a463a870a62bc24e64f
images/images/margin-bottom-checked@2x.png	SAMPLES/icons-VegesEffects/named_png/images/images/margin-bottom-checked@2x.png	1141240	984	32	32	220e7fdc81baf590cb31d6a8aed3f5d2c4ba79ff
images/images/action-copy.png	SAMPLES/icons-VegesEffects/named_png/images/images/action-copy.png	4227606	1293	32	32	62b9b1938d1dab7d97177bdb725b95143ca50dcd
images/images/uppercase.png	SAMPLES/icons-VegesEffects/named_png/images/images/uppercase.png	5176680	1026	16	16	92e8f32995d5a33f80377d8ebeb8db20c8f2b935
images/images/transition-2d-disabled.png	SAMPLES/icons-VegesEffects/named_png/images/images/transition-2d-disabled.png	3972672	1164	16	16	97be49e32f73684b34a941c7563fe6b1968ce0e0
images/images/action-link-checked@2x.png	SAMPLES/icons-VegesEffects/named_png/images/images/action-link-checked@2x.png	139681	1355	64	64	650c2940818e63c41299f1bdbbdb248744ba773c
images/images/mask-break-checked@2x.png	SAMPLES/icons-VegesEffects/named_png/images/images/mask-break-checked@2x.png	395855	1145	32	32	6502cddd1fcbe334758bb4a302d8cbb886849fca
images/images/file-preset-preview-disabled.png	SAMPLES/icons-VegesEffects/named_png/images/images/file-preset-preview-disabled.png	4368562	1317	106	60	55ae85366b58f6e2435772052f207ee6d9663d1c
images/images/delete-trash-hover@2x.png	SAMPLES/icons-VegesEffects/named_png/images/images/delete-trash-hover@2x.png	3604490	1246	32	32	a777dfd747e4fb316fa28eff07962b4655030031
images/images/anticlockwise90-disabled.png	SAMPLES/icons-VegesEffects/named_png/images/images/anticlockwise90-disabled.png	5549833	1104	16	16	305cd288440876ed235e4472d3ece17bb7ddd6b0
images/images/filter-checked.png	SAMPLES/icons-VegesEffects/named_png/images/images/filter-checked.png	3895831	1121	16	16	cd463d41e33b168df2245f2ee78e45265c1cf2d8
images/images/mask-select-point.png	SAMPLES/icons-VegesEffects/named_png/images/images/mask-select-point.png	1431165	1197	16	16	713aa8b9a0c1f1fa812cdd85ba8cb4168d7fc196
images/images/caret-right-disabled@2x.png	SAMPLES/icons-VegesEffects/named_png/images/images/caret-right-disabled@2x.png	373607	1110	32	32	4e631aac3c99ec616ddb83292a8bd4bae78a56e2
images/images/bold-hover.png	SAMPLES/icons-VegesEffects/named_png/images/images/bold-hover.png	5086283	1089	16	16	b99251d72483883b9dc211965e9cd5eeacba543a
images/images/caret-up-checked@2x.png	SAMPLES/icons-VegesEffects/named_png/images/images/caret-up-checked@2x.png	2907513	1096	32	32	911dd7ac731239dc17d030c83b3edb2fdd0b0f5e
images/images/proxy-complete@2x.png	SAMPLES/icons-VegesEffects/named_png/images/images/proxy-complete@2x.png	302834	1341	32	32	76a1059e85a033e63cf6e94e3a9f4174a56318ce
images/images/action-copy-disabled@2x.png	SAMPLES/icons-VegesEffects/named_png/images/images/action-copy-disabled@2x.png	3889031	1521	64	64	2a80660739869fd3b02b51726b4637508be81ade
images/images/align-right@2x.png	SAMPLES/icons-VegesEffects/named_png/images/images/align-right@2x.png	5300369	998	32	32	8214c6f132b4620c329ce3e4d16fd15e3e0d9e02
images/images/key-frame-manual-bezier@2x.png	SAMPLES/icons-VegesEffects/named_png/images/images/key-frame-manual-bezier@2x.png	1353792	1195	32	32	4322b47206a4ccb22918a6d573a657a0bc6fca0e
images/images/file-audio-filter.png	SAMPLES/icons-VegesEffects/named_png/images/images/file-audio-filter.png	4846140	1201	16	16	8b1ca1e45959ec48a61789549cd72fdb21ca0c3d
images/images/checkbox-filled-disabled@2x.png	SAMPLES/icons-VegesEffects/named_png/images/images/checkbox-filled-disabled@2x.png	3890556	1018	32	32	a08d45569d8946011b1dbe746f70a44075441d66
images/images/text-layer-hover.png	SAMPLES/icons-VegesEffects/named_png/images/images/text-layer-hover.png	529576	1124	16	16	49f56167af28cef68dfb5234314978170cef4825
images/images/folder-locked-open-checked@2x.png	SAMPLES/icons-VegesEffects/named_png/images/images/folder-locked-open-checked@2x.png	4614532	1466	32	32	16bc3dfeba862ef8367c64174bdc0b2345f08b14
images/images/checkbox-active-disabled-checked.png	SAMPLES/icons-VegesEffects/named_png/images/images/checkbox-active-disabled-checked.png	5114728	1040	40	15	9e1190a48fb60cacd7eed473bce00be86db94f5f
images/images/align-left-hover.png	SAMPLES/icons-VegesEffects/named_png/images/images/align-left-hover.png	3038134	961	16	16	9f3ca8b50f0705f45a945f05dccf552059ca3094
images/images/letter-scaling-vertical-checked.png	SAMPLES/icons-VegesEffects/named_png/images/images/letter-scaling-vertical-checked.png	4579503	1147	16	16	e03669b0703b0cc5c760846d2c61433472a20955
images/images/roll-hover.png	SAMPLES/icons-VegesEffects/named_png/images/images/roll-hover.png	4421131	1018	16	16	057231f99e675bacb999d9960cfaf4d771df9051
images/images/cursor-rolling@2x.png	SAMPLES/icons-VegesEffects/named_png/images/images/cursor-rolling@2x.png	5242091	1233	64	64	724d411851511ac7827471b3fbf2d7c90ba327cc
images/images/folder-open-large-checked.png	SAMPLES/icons-VegesEffects/named_png/images/images/folder-open-large-checked.png	447062	1237	64	64	d2498e08099533e738bb28f5f14ff407f18b5c1a
images/images/folder-checked.png	SAMPLES/icons-VegesEffects/named_png/images/images/folder-checked.png	5327870	1066	16	16	08b9b16f0660626ca77770bcf78bd530b88728f7
images/images/close-window-disabled@2x.png	SAMPLES/icons-VegesEffects/named_png/images/images/close-window-disabled@2x.png	3924737	1153	32	32	a3d9a789f400e531d6d383ed056a3ba5dcac2f04
images/images/mask-square-handle-disabled.png	SAMPLES/icons-VegesEffects/named_png/images/images/mask-square-handle-disabled.png	3520334	1105	16	16	9c573725539087356d9cff5d8b1bf083d10e72fa
images/images/uppercase-disabled@2x.png	SAMPLES/icons-VegesEffects/named_png/images/images/uppercase-disabled@2x.png	3976626	1040	32	32	c159e4081f52fc041dda1370ba570511bd645dd9
images/images/hud-select@2x.png	SAMPLES/icons-VegesEffects/named_png/images/images/hud-select@2x.png	3493130	1460	32	32	95e084dec51b81f8d8f6ac77cebfe02104e85baa
images/images/crosshairs-hover@2x.png	SAMPLES/icons-VegesEffects/named_png/images/images/crosshairs-hover@2x.png	1107857	1654	32	32	56bbb75fe7a4de6e775564768e538a4b065254c1
images/images/camera-move-hover@2x.png	SAMPLES/icons-VegesEffects/named_png/images/images/camera-move-hover@2x.png	4913082	1267	64	64	98ea0b0097f612bacbcde75d85378077b417b8d2
images/images/cursor-single-track-backward-checked.png	SAMPLES/icons-VegesEffects/named_png/images/images/cursor-single-track-backward-checked.png	4887832	1180	32	32	47f38515d310c700e5bd7ab6d2092631c956a073
images/images/align-bottom-hover@2x.png	SAMPLES/icons-VegesEffects/named_png/images/images/align-bottom-hover@2x.png	962553	989	32	32	c0459706da7a89ad40d02794f4cb0fcc6f4a0187
images/images/white.png	SAMPLES/icons-VegesEffects/named_png/images/images/white.png	370373	953	16	16	035403317e967fb15a2e98e902ec6d54833492a5
images/images/proxy-queue-pause-hover.png	SAMPLES/icons-VegesEffects/named_png/images/images/proxy-queue-pause-hover.png	5133858	1144	16	16	c02800d3e044afc0148aae820af294574ddb1b6e
images/images/key-frame-void-checked@2x.png	SAMPLES/icons-VegesEffects/named_png/images/images/key-frame-void-checked@2x.png	5062881	1047	32	32	6cf4b60a29faef599784a3daac9754eb4301b3a1
images/images/edit-insert-disabled@2x.png	SAMPLES/icons-VegesEffects/named_png/images/images/edit-insert-disabled@2x.png	4550833	1079	32	32	069878cdcb57a57197ee874b65f661db744735ec
images/images/cursor-slide-hover@2x.png	SAMPLES/icons-VegesEffects/named_png/images/images/cursor-slide-hover@2x.png	259448	1256	64	64	eb1b76ba7ece6985da1a7faeffb0adc0437469de
images/images/cursor-slice-hover@2x.png	SAMPLES/icons-VegesEffects/named_png/images/images/cursor-slice-hover@2x.png	2979367	1569	64	64	62f0df3e9e7c7b81be55d7d7fe26f8be90c7e77e
images/images/checkbox-active-disabled-disabled.png	SAMPLES/icons-VegesEffects/named_png/images/images/checkbox-active-disabled-disabled.png	3940923	1045	40	15	fa6065e914d505d4bea09aac6a5913ef5c1fb941
images/images/clipboard-paste-disabled.png	SAMPLES/icons-VegesEffects/named_png/images/images/clipboard-paste-disabled.png	5550941	1193	16	16	204f0ba18df0e8240db7607ccc4267a6ca85d243
images/images/cursor-all-track-backward-checked@2x.png	SAMPLES/icons-VegesEffects/named_png/images/images/cursor-all-track-backward-checked@2x.png	4684700	1407	64	64	1cf746ca22c1e99cdf6301150c79e2919c2818b6
images/images/timeline-details.png	SAMPLES/icons-VegesEffects/named_png/images/images/timeline-details.png	3163976	968	16	16	3fba630e26fe0fe016714f5d5cf0b36070f1735e
images/images/home-hover.png	SAMPLES/icons-VegesEffects/named_png/images/images/home-hover.png	3864547	1011	16	16	383e54f9747d584e4d7fbeb511277c57bc664d3b
images/images/layout-canvas-bottom-hover.png	SAMPLES/icons-VegesEffects/named_png/images/images/layout-canvas-bottom-hover.png	196589	984	16	16	cf0cf80a5f1588090d8c14186e54848dbdb1e0ee
images/images/publish-disabled@2x.png	SAMPLES/icons-VegesEffects/named_png/images/images/publish-disabled@2x.png	1109515	1481	32	32	e5f019a32ab95c30629f12e16a8cbe25381269fb
images/images/layout-left@2x.png	SAMPLES/icons-VegesEffects/named_png/images/images/layout-left@2x.png	5400266	1797	460	232	2c3c4dd38b25e1febe6c543fcf603f50d9812f8e
images/images/image-layer-disabled@2x.png	SAMPLES/icons-VegesEffects/named_png/images/images/image-layer-disabled@2x.png	5338531	1543	32	32	c37af040b9e35b4d4dce9a1239b39e38bb0bacba
images/images/exclamation-double@2x.png	SAMPLES/icons-VegesEffects/named_png/images/images/exclamation-double@2x.png	171995	1863	64	64	0b2d341322997543d6f0e84cd357311aadc84cfb
images/images/track-select-forward-checked@2x.png	SAMPLES/icons-VegesEffects/named_png/images/images/track-select-forward-checked@2x.png	5106648	1181	32	32	eb44a432b94ad6ce021b87e858cc251723fe2546
images/images/unlinked-hover.png	SAMPLES/icons-VegesEffects/named_png/images/images/unlinked-hover.png	5019532	1475	16	16	6c5e022d3511b19398523b65dacfa08dc495d906
images/images/mirror-vertical.png	SAMPLES/icons-VegesEffects/named_png/images/images/mirror-vertical.png	5097406	1110	16	16	f6e6ec77b237846ee9ce039210869c4c6575f9e4
images/images/mask-checked@2x.png	SAMPLES/icons-VegesEffects/named_png/images/images/mask-checked@2x.png	4296960	1210	32	32	f105e9704de87e3ccf774a8c3e780b5721ccd403
images/images/check-only-blue.png	SAMPLES/icons-VegesEffects/named_png/images/images/check-only-blue.png	1437255	1042	16	16	8a0c00898e0be0b92192058118f2c338bc8bc031
images/images/graph-curve-down-hover.png	SAMPLES/icons-VegesEffects/named_png/images/images/graph-curve-down-hover.png	1119758	1046	16	16	fdaa0df8212ffd3945285a45521308e4b88fbe9d
images/images/cursor-rolling-disabled@2x.png	SAMPLES/icons-VegesEffects/named_png/images/images/cursor-rolling-disabled@2x.png	461337	1320	64	64	01220963e9e93626faf5dbcbe76347ab12626f17
images/images/layout-right@2x.png	SAMPLES/icons-VegesEffects/named_png/images/images/layout-right@2x.png	1155483	1791	460	232	81823af3226d9961acfa8e268a45c5b16788b087
images/images/mask-polygon-hover@2x.png	SAMPLES/icons-VegesEffects/named_png/images/images/mask-polygon-hover@2x.png	4548230	1229	32	32	abcf38ade048ef2aae9bc1afd5ac6cd51773b152
images/images/folder-locked-checked@2x.png	SAMPLES/icons-VegesEffects/named_png/images/images/folder-locked-checked@2x.png	4474287	1383	32	32	706a86468d3f05529f1dd4970969f7460b3f6bbe
images/images/close-window@2x.png	SAMPLES/icons-VegesEffects/named_png/images/images/close-window@2x.png	5514305	1146	32	32	1fc3d6bfe8075d2aa5fc5370176cf48b633de34d
images/images/edit-insert-hover@2x.png	SAMPLES/icons-VegesEffects/named_png/images/images/edit-insert-hover@2x.png	5438936	1054	32	32	01b2f1d32f60867891425815487876f91c128391
images/images/bottom-left-hover@2x.png	SAMPLES/icons-VegesEffects/named_png/images/images/bottom-left-hover@2x.png	398190	1002	32	32	ed3fbbd75bcc531d822cc55472982e72b521250d
images/images/add-export-checked.png	SAMPLES/icons-VegesEffects/named_png/images/images/add-export-checked.png	3926865	1098	16	16	f2d9077e4e2804db1e0dcecac8018ae800f81d36
images/images/distribute-left-disabled@2x.png	SAMPLES/icons-VegesEffects/named_png/images/images/distribute-left-disabled@2x.png	429204	997	32	32	005dc0bfaf167fb19a0278825fc6aa195d6461f7
images/images/action-move.png	SAMPLES/icons-VegesEffects/named_png/images/images/action-move.png	4875330	1243	32	32	c410a2d949506213204229f64bbf7225d568505b
images/images/missing-thumbnail-checked@2x.png	SAMPLES/icons-VegesEffects/named_png/images/images/missing-thumbnail-checked@2x.png	892125	2083	128	128	85e2643da8618f15a488346a38e12a0175ba2c1e
images/images/checkbox-normal-disabled.png	SAMPLES/icons-VegesEffects/named_png/images/images/checkbox-normal-disabled.png	116318	1076	40	15	af24c317bec29b0f883db357c878f986a1f4bc7b
images/images/key-frame-full-checked@2x.png	SAMPLES/icons-VegesEffects/named_png/images/images/key-frame-full-checked@2x.png	3053505	1263	32	32	02604486f9562970b7c1c4a5c14d20d178430304
images/images/smooth-out-hover.png	SAMPLES/icons-VegesEffects/named_png/images/images/smooth-out-hover.png	4687111	1017	16	16	3387306bc8da769ac1a5295edc7c32195f19d394
images/images/cursor-stretch-left-checked.png	SAMPLES/icons-VegesEffects/named_png/images/images/cursor-stretch-left-checked.png	3102862	1382	32	32	4eb8fa7b52294fa5dfdcc29b75b8323afcc378d7
images/images/subscript@2x.png	SAMPLES/icons-VegesEffects/named_png/images/images/subscript@2x.png	3561652	1077	32	32	9198007be5c5517b748e3ee657630a196c11d69c
images/images/template-checked.png	SAMPLES/icons-VegesEffects/named_png/images/images/template-checked.png	4802243	1027	16	16	64408bef6246de358b7311e0e6af9aaf927007f4
images/images/effect-behavior-plugin-hover.png	SAMPLES/icons-VegesEffects/named_png/images/images/effect-behavior-plugin-hover.png	1035057	1191	16	16	925bd16e43d162e8c324f1cbfe156f02fade644f
images/images/file-offline.png	SAMPLES/icons-VegesEffects/named_png/images/images/file-offline.png	5504269	1209	16	16	38ff2d148c226a2dae6df11d35bd861e83b12a2f
images/images/make-composite-checked.png	SAMPLES/icons-VegesEffects/named_png/images/images/make-composite-checked.png	5259221	991	16	16	8fcf91648b1f91929ba91dbe43c284a49815fb46
images/images/pen-menu-disabled.png	SAMPLES/icons-VegesEffects/named_png/images/images/pen-menu-disabled.png	254665	1194	16	16	5727a1af356af1ad1c26eb636a7712a1196d9361
images/images/export-queue-batch-disabled.png	SAMPLES/icons-VegesEffects/named_png/images/images/export-queue-batch-disabled.png	1474570	1062	16	16	cd38af4f887401fe48e71a4da1ad74f86efbefd0
images/images/three-d-checked@2x.png	SAMPLES/icons-VegesEffects/named_png/images/images/three-d-checked@2x.png	83745	1097	32	32	44b315db4dd024c8ff7d6509c44bef20a8649500
images/images/layout-2-2-checked.png	SAMPLES/icons-VegesEffects/named_png/images/images/layout-2-2-checked.png	4347449	956	16	16	39810e8211aa1ac0637f0664fdf208f9e10ff1c4
images/images/distribute-right-hover.png	SAMPLES/icons-VegesEffects/named_png/images/images/distribute-right-hover.png	4333542	972	16	16	a286024655fd6c8dea591d0d194dbd43c95fc7f7
images/images/eraser-checked.png	SAMPLES/icons-VegesEffects/named_png/images/images/eraser-checked.png	2921860	940	16	16	3bd2912c212b32bf1c06cfa2a49fb55ac7c6b0a8
images/images/caret-right@2x.png	SAMPLES/icons-VegesEffects/named_png/images/images/caret-right@2x.png	479213	1116	32	32	e8b15414d9737632e6c84adc5b27b97786389a37
images/images/brush-add@2x.png	SAMPLES/icons-VegesEffects/named_png/images/images/brush-add@2x.png	3200529	1299	32	32	900d7ee1e85684ca37e6bd7e547c9c8608ace25d
images/images/render-timeline-hover.png	SAMPLES/icons-VegesEffects/named_png/images/images/render-timeline-hover.png	184420	1150	16	16	c9a14482bd4cb24afbb27a5b867c2e5eb6756627
images/images/checkbox-filled-checked@2x.png	SAMPLES/icons-VegesEffects/named_png/images/images/checkbox-filled-checked@2x.png	1338468	990	32	32	01838ff9c0585dfa816ed2a471d68664d87ede7e
images/images/folder-open-large.png	SAMPLES/icons-VegesEffects/named_png/images/images/folder-open-large.png	4898027	1214	64	64	0a6eedfb9bd34c2071a68551b3cbd71074f9a953
images/images/portrait@2x.png	SAMPLES/icons-VegesEffects/named_png/images/images/portrait@2x.png	229731	1114	32	32	0779d9dc856705c3a5f546004e384d584f64d820
images/images/effect-3d-particle-disabled@2x.png	SAMPLES/icons-VegesEffects/named_png/images/images/effect-3d-particle-disabled@2x.png	4580654	1399	32	32	b6fff2f099133e16b4f1b00e6e24418a3e8f9b6c
images/images/search@2x.png	SAMPLES/icons-VegesEffects/named_png/images/images/search@2x.png	3894117	1710	32	32	4022c91a0893ea18c73a5670778eacab0d1d4b47
images/images/magnify-search-hover@2x.png	SAMPLES/icons-VegesEffects/named_png/images/images/magnify-search-hover@2x.png	3510822	1680	32	32	8ced89dd8c90c72cb6397e6389c75a0e2eccc4e5
images/images/screenshot-checked.png	SAMPLES/icons-VegesEffects/named_png/images/images/screenshot-checked.png	5421144	1059	16	16	13235d93fdf1c64c980f228b5ce4f56e4abe8c5a
images/images/nonagon-outline-checked@2x.png	SAMPLES/icons-VegesEffects/named_png/images/images/nonagon-outline-checked@2x.png	1132742	1324	32	32	a85f6130bd65df14b10484f118f58dddc9bae5c1
images/images/checkbox-mixed-hover.png	SAMPLES/icons-VegesEffects/named_png/images/images/checkbox-mixed-hover.png	5492819	973	16	16	5d65611fe9b5cd208b2983be918ee0d826688bf5
images/images/transition-audio-checked@2x.png	SAMPLES/icons-VegesEffects/named_png/images/images/transition-audio-checked@2x.png	289334	1385	32	32	bc95585690071ab06b3d8123ed3b20c8d17fa25e
images/images/export-video-hover@2x.png	SAMPLES/icons-VegesEffects/named_png/images/images/export-video-hover@2x.png	4332421	1117	32	32	e9b06dd63454f2c056d3486ddd15022f5f257bfd
images/images/letter-spacing-hover@2x.png	SAMPLES/icons-VegesEffects/named_png/images/images/letter-spacing-hover@2x.png	2903721	1315	32	32	2bae7967ed9604fd1a81937c11e4a0960ce19d10
images/images/mask-square-checked.png	SAMPLES/icons-VegesEffects/named_png/images/images/mask-square-checked.png	3122381	964	16	16	79dca46067b63cac44289f17055b26f57aef2b13
images/images/panel-expander.png	SAMPLES/icons-VegesEffects/named_png/images/images/panel-expander.png	3606830	980	16	16	a681ff1838444e7badc2cc61a2f6533768aa3ffa
images/images/mask-rounded-rect-menu.png	SAMPLES/icons-VegesEffects/named_png/images/images/mask-rounded-rect-menu.png	3541243	1106	16	16	e0e96d59a7da9151cd36386c283672643843f961
images/images/layout-right-disabled@2x.png	SAMPLES/icons-VegesEffects/named_png/images/images/layout-right-disabled@2x.png	4703214	1792	460	232	adbc1abb2e0a1f9bfbb7d06752e5790f849189ff
images/images/crosshairs-disabled.png	SAMPLES/icons-VegesEffects/named_png/images/images/crosshairs-disabled.png	156894	756	16	16	6641bad1bd68d481145d9baa124c39d906c4c64a
images/images/camera-move-disabled.png	SAMPLES/icons-VegesEffects/named_png/images/images/camera-move-disabled.png	4239590	1137	32	32	108bdf18ffa78bc34825ba0efbc37b13665cab3a
images/images/export-content.png	SAMPLES/icons-VegesEffects/named_png/images/images/export-content.png	5497042	992	16	16	7dc8ea80f0d8c6082e84bf5da0474ba0258d65d1
images/images/mirror-horizontal.png	SAMPLES/icons-VegesEffects/named_png/images/images/mirror-horizontal.png	2850320	1110	16	16	76357ab24c57fbd120b041c63522ff06d1256597
images/images/align-bottom-disabled.png	SAMPLES/icons-VegesEffects/named_png/images/images/align-bottom-disabled.png	5584066	1002	16	16	ed636078b664c3ea0e8d0d7232c88bd54d009ecc
images/images/folder-open-disabled@2x.png	SAMPLES/icons-VegesEffects/named_png/images/images/folder-open-disabled@2x.png	5536512	1229	32	32	ce6baf6ea68e703054ad392b105686101e489938
images/images/sync-scroll-hover.png	SAMPLES/icons-VegesEffects/named_png/images/images/sync-scroll-hover.png	4961179	1029	16	16	e305c022f0858b08de16d4fe8996e3a17b5713f4
images/images/clock-menu-hover.png	SAMPLES/icons-VegesEffects/named_png/images/images/clock-menu-hover.png	3708237	1398	16	16	4f4b3168531c231131986588815d5f909c8a3442
images/images/resize.png	SAMPLES/icons-VegesEffects/named_png/images/images/resize.png	4660814	1106	16	16	dd4040ff64b333c838838ef7d999fcd490e5fef9
images/images/mask-intersect-checked@2x.png	SAMPLES/icons-VegesEffects/named_png/images/images/mask-intersect-checked@2x.png	5462051	999	32	32	a4784198e82c4fc149c0be87b8c40404906f581b
images/images/checkbox-active-disabled-hover@2x.png	SAMPLES/icons-VegesEffects/named_png/images/images/checkbox-active-disabled-hover@2x.png	4565751	1132	80	30	8a40f3857c9ec659b6b47f60fcb787fee8d22d66
images/images/cursor-slide-disabled.png	SAMPLES/icons-VegesEffects/named_png/images/images/cursor-slide-disabled.png	5200940	1091	32	32	afc8bf33925fddac0604ed35d576aee001c9774b
images/images/cursor-slice-disabled.png	SAMPLES/icons-VegesEffects/named_png/images/images/cursor-slice-disabled.png	1146089	1224	32	32	5818f44c3f75445afc93daa6b679124d105dc27c
images/images/sound-off.png	SAMPLES/icons-VegesEffects/named_png/images/images/sound-off.png	5518347	1231	16	16	4942b4cd6ff6b14d85552d36611d136cc1297807
images/images/clipboard-paste-hover@2x.png	SAMPLES/icons-VegesEffects/named_png/images/images/clipboard-paste-hover@2x.png	928487	1395	32	32	3adb25ba5d7b045409c3518b47d8b809fb19f1b0
images/images/edit-overlay-disabled@2x.png	SAMPLES/icons-VegesEffects/named_png/images/images/edit-overlay-disabled@2x.png	2808514	1096	32	32	a8ae13b6e2998a0e94276800fd5457274f5c1298
images/images/material-toggle-checked@2x.png	SAMPLES/icons-VegesEffects/named_png/images/images/material-toggle-checked@2x.png	1485393	1204	32	32	7e35f5c826b0b01e6007b55f901aa514d90fb5f1
images/images/slip-menu-checked.png	SAMPLES/icons-VegesEffects/named_png/images/images/slip-menu-checked.png	5075583	1040	16	16	b2357ed98a926e2295694d110662cbc943e2d65a
images/images/video-off-checked@2x.png	SAMPLES/icons-VegesEffects/named_png/images/images/video-off-checked@2x.png	94830	2184	32	32	1a9f9269be8e998816fd19a680cd32fbf928674b
images/images/checkbox-normal@2x.png	SAMPLES/icons-VegesEffects/named_png/images/images/checkbox-normal@2x.png	567204	1158	80	30	cdec0ab38be87932840b54e5fd194c6eeb495d1a
images/images/vegas-image-new-file-hover.png	SAMPLES/icons-VegesEffects/named_png/images/images/vegas-image-new-file-hover.png	3116395	1125	16	16	fa865960a06db2c33744bc3df629ef7f5d02b3cc
images/images/mirror-vertical-checked.png	SAMPLES/icons-VegesEffects/named_png/images/images/mirror-vertical-checked.png	3551947	1111	16	16	09846626225f82e47ca8f0a461a65be126495204
images/images/key-frame-ease-out-hover.png	SAMPLES/icons-VegesEffects/named_png/images/images/key-frame-ease-out-hover.png	1290382	1017	16	16	90a654300520a099c85e0ae52c8a30a03253bb82
images/images/exclamation-checked@2x.png	SAMPLES/icons-VegesEffects/named_png/images/images/exclamation-checked@2x.png	4625310	1416	32	32	4fbb880d4e05ed88ebb0623e2143ddfe6a989c0b
images/images/layout-distribute-between-vertical-checked@2x.png	SAMPLES/icons-VegesEffects/named_png/images/images/layout-distribute-between-vertical-checked@2x.png	2856997	989	32	32	f0cd0bca99e9b12d49b3d45f96bdad9bca084245
images/images/camera-orbit-point-disabled@2x.png	SAMPLES/icons-VegesEffects/named_png/images/images/camera-orbit-point-disabled@2x.png	5357459	1423	32	32	f919ac37cf8985e2f7499783b399765e705d94ec
images/images/pen-menu@2x.png	SAMPLES/icons-VegesEffects/named_png/images/images/pen-menu@2x.png	177749	1339	32	32	d31c258d1cd74273947958d8b6b2c1ccd5a3e67d
images/images/decagon-outline-checked.png	SAMPLES/icons-VegesEffects/named_png/images/images/decagon-outline-checked.png	5193472	1142	16	16	50b005390ac8c937d55ba4f02869ce8c302d1645
images/images/export-queue-batch@2x.png	SAMPLES/icons-VegesEffects/named_png/images/images/export-queue-batch@2x.png	4708652	1156	32	32	3b11af1b0552a7b5f694e1e935fd004e9671dc59
images/images/text-right-align-disabled@2x.png	SAMPLES/icons-VegesEffects/named_png/images/images/text-right-align-disabled@2x.png	1302421	1008	32	32	4d515eaf95bae280e980849b19341062ea975ba4
images/images/mask-select-point-checked.png	SAMPLES/icons-VegesEffects/named_png/images/images/mask-select-point-checked.png	1286345	1197	16	16	fb632e53d378ca2553707228b7e456b1b09481e2
images/images/delete-trash-disabled.png	SAMPLES/icons-VegesEffects/named_png/images/images/delete-trash-disabled.png	3045560	1114	16	16	ea425e19b7a1a7a2cee5fc434d3dcb03e8d8f81b
images/images/file-preset-preview-hover@2x.png	SAMPLES/icons-VegesEffects/named_png/images/images/file-preset-preview-hover@2x.png	5041703	1267	212	120	cb1aa5a847f76709d6e22f98ec9f19066ec9b762
images/images/anticlockwise90-hover@2x.png	SAMPLES/icons-VegesEffects/named_png/images/images/anticlockwise90-hover@2x.png	927323	1160	32	32	fdb9652be9c69e0ef7539d682d52ef4583dece8a
images/images/file-offline-preview-hover.png	SAMPLES/icons-VegesEffects/named_png/images/images/file-offline-preview-hover.png	4003236	1676	106	60	227fd3e06ae70bd316906089331a29dc4a47f2de
images/images/file-picture-disabled@2x.png	SAMPLES/icons-VegesEffects/named_png/images/images/file-picture-disabled@2x.png	3433902	1228	32	32	1bd091f128280b3335abc9f50c5685ee619377e3
images/images/sound-on-checked@2x.png	SAMPLES/icons-VegesEffects/named_png/images/images/sound-on-checked@2x.png	1383828	1822	32	32	57f13d2e40c00a189bd37b52f8bb01f69eedab11
images/images/checkbox-active-checked.png	SAMPLES/icons-VegesEffects/named_png/images/images/checkbox-active-checked.png	3617211	1040	40	15	dd6969c03f86d3557a6a88aef430bf4df43d85d0
images/images/cursor-resize-invalid-hover.png	SAMPLES/icons-VegesEffects/named_png/images/images/cursor-resize-invalid-hover.png	4307658	1345	32	32	764708304eddb0b96ae08b1b3daeaa5b7810eb2d
images/images/clipboard-paste@2x.png	SAMPLES/icons-VegesEffects/named_png/images/images/clipboard-paste@2x.png	5391440	1420	32	32	8f7c3f7a6ed8e3a795f1fa900f68fe59b89a6262
images/images/make-composite-disabled@2x.png	SAMPLES/icons-VegesEffects/named_png/images/images/make-composite-disabled@2x.png	560733	1049	32	32	ae4e19abda7f3fc3d7f356133cb81775f7d0a192
images/images/key-frame-off-checked@2x.png	SAMPLES/icons-VegesEffects/named_png/images/images/key-frame-off-checked@2x.png	306218	1285	32	32	617694f294813640e8c617d8b061b5f8b8bf8f71
images/images/layer-properties-hover.png	SAMPLES/icons-VegesEffects/named_png/images/images/layer-properties-hover.png	4666476	1423	16	16	7f04feeba0891140d877faf2a970670ca6ae1d2b
images/images/key-frame-checked.png	SAMPLES/icons-VegesEffects/named_png/images/images/key-frame-checked.png	5124944	1016	16	16	14ab2543fa3e1f85963d3249e1808caf1baf965e
images/images/file-preset-preview@2x.png	SAMPLES/icons-VegesEffects/named_png/images/images/file-preset-preview@2x.png	3057954	1268	212	120	2665ea19dd5f45eb43b75cf75f780d0abe190fc4
images/images/mask-square-handle.png	SAMPLES/icons-VegesEffects/named_png/images/images/mask-square-handle.png	3526089	1125	16	16	cc228d94839e13b8a2280cf08c5d2d44471c7239
images/images/mask-square-menu.png	SAMPLES/icons-VegesEffects/named_png/images/images/mask-square-menu.png	3034471	1012	16	16	8c410f04e71f63ba2613e2c0b11e1c1a71da00f0
images/images/mask-square-handle-hover@2x.png	SAMPLES/icons-VegesEffects/named_png/images/images/mask-square-handle-hover@2x.png	1249216	1127	32	32	5026427fdf47cbe138096b91da3149d6451a4d13
images/images/mask-square-handle@2x.png	SAMPLES/icons-VegesEffects/named_png/images/images/mask-square-handle@2x.png	1382622	1202	32	32	e0d7d4516a16fb0433f60851ef32eb435b06c7a1
images/images/mask-polygon-menu-disabled@2x.png	SAMPLES/icons-VegesEffects/named_png/images/images/mask-polygon-menu-disabled@2x.png	3959230	1348	32	32	ec8f24b25968b005d0122b7024798cd73847b3a7
images/images/export-queue-single-checked@2x.png	SAMPLES/icons-VegesEffects/named_png/images/images/export-queue-single-checked@2x.png	1057067	1134	32	32	e51e72f4781f110690bac80377089c84ae45b109
images/images/key-frame-auto-bezier-hover.png	SAMPLES/icons-VegesEffects/named_png/images/images/key-frame-auto-bezier-hover.png	1380496	1067	16	16	45a13b0e6d6a47f5a3fad26e7cac8bf3e0cc99f5
images/images/font-outline-color-hover.png	SAMPLES/icons-VegesEffects/named_png/images/images/font-outline-color-hover.png	3770337	1110	16	16	69f345c1545812806ac51b8335c376bdf6936b40
images/images/auto-scale.png	SAMPLES/icons-VegesEffects/named_png/images/images/auto-scale.png	4208108	1211	16	16	cdedf3af105b626d079b68cf455f84273f8415ad
images/images/point-white-disabled@2x.png	SAMPLES/icons-VegesEffects/named_png/images/images/point-white-disabled@2x.png	3512506	976	32	32	e528fc1772cd14f83512eaa89be01cd752f0c54a
images/images/text-bottom-indent-checked.png	SAMPLES/icons-VegesEffects/named_png/images/images/text-bottom-indent-checked.png	57754	1004	16	16	c92441911f9704554248718b910e2ded3d361611
images/images/pen-hover.png	SAMPLES/icons-VegesEffects/named_png/images/images/pen-hover.png	4376701	1162	16	16	3a9c8052a9df61975c7930b7d0f63f949da5ec1a
images/images/layer-properties-checked@2x.png	SAMPLES/icons-VegesEffects/named_png/images/images/layer-properties-checked@2x.png	3690719	1846	32	32	e0c0262442a4e702ec513247715e63c3ef77cbf8
images/images/file-offline-preview-checked@2x.png	SAMPLES/icons-VegesEffects/named_png/images/images/file-offline-preview-checked@2x.png	4212377	2254	212	120	49c34657d8d9216e95d22c8baf531d0ae57405db
images/images/bottom@2x.png	SAMPLES/icons-VegesEffects/named_png/images/images/bottom@2x.png	4634400	1021	32	32	75ab0927f0464d60a6d2a596f3ee2f747df71312
images/images/magnify-search-disabled.png	SAMPLES/icons-VegesEffects/named_png/images/images/magnify-search-disabled.png	2947323	1306	16	16	c9c1df021c598ecec6def99fdf2a1abcbd3b241f
images/images/cursor-all-track-forward-checked.png	SAMPLES/icons-VegesEffects/named_png/images/images/cursor-all-track-forward-checked.png	4626730	1250	32	32	65f064b6fc7d8f003f81c30ea5ac3bb2848d7350
images/images/transition-2d@2x.png	SAMPLES/icons-VegesEffects/named_png/images/images/transition-2d@2x.png	436561	1385	32	32	df8004ef9f07085266c12d753e315a506b2f3b8b
images/images/proxy-queue.png	SAMPLES/icons-VegesEffects/named_png/images/images/proxy-queue.png	480333	1168	16	16	f9f9362bf853680c71b43dfce7666cf9973e4004
images/images/export-video-disabled.png	SAMPLES/icons-VegesEffects/named_png/images/images/export-video-disabled.png	3696016	1063	16	16	9233159e9aa13cdd1a327e3a2431e922b36bec73
images/images/letter-spacing-disabled.png	SAMPLES/icons-VegesEffects/named_png/images/images/letter-spacing-disabled.png	1085319	1203	16	16	8920e467eb69a13f22ed3747df153b92ac8ca702
images/images/camera-move.png	SAMPLES/icons-VegesEffects/named_png/images/images/camera-move.png	5417660	1108	32	32	3396cec88c5c9f2effa2f90df4730626c5c3138b
images/images/clock-menu-checked@2x.png	SAMPLES/icons-VegesEffects/named_png/images/images/clock-menu-checked@2x.png	1009127	1835	32	32	985b7bbe4c2bdd098fd21f7cb9bb94860d5b35b9
images/images/layout-hover.png	SAMPLES/icons-VegesEffects/named_png/images/images/layout-hover.png	5171298	1040	16	16	4ff366c3437b5d4f26b66bc44e5a1c44d1aec5f7
images/images/export-preset@2x.png	SAMPLES/icons-VegesEffects/named_png/images/images/export-preset@2x.png	3096512	1156	32	32	331f8a4cb05aa2613d22c0eaaeea3a1fb32e8300
images/images/exclamation-double-checked@2x.png	SAMPLES/icons-VegesEffects/named_png/images/images/exclamation-double-checked@2x.png	3400039	1863	64	64	e522ff32c8983470bb0cb00693b6d8154d3afceb
images/images/camera-zoom@2x.png	SAMPLES/icons-VegesEffects/named_png/images/images/camera-zoom@2x.png	5122429	1484	64	64	3dbd61a0ca00797287e8765aa1f0626909198123
images/images/add-container-north@2x.png	SAMPLES/icons-VegesEffects/named_png/images/images/add-container-north@2x.png	109241	1256	64	128	80ac7c84d429efc62bea4816af9528d9ffa7916b
images/images/dial-background.png	SAMPLES/icons-VegesEffects/named_png/images/images/dial-background.png	4149001	1303	32	32	b22734e26d79d14683ef1d43529dd4d62f386141
images/images/font-outline-size.png	SAMPLES/icons-VegesEffects/named_png/images/images/font-outline-size.png	3769129	1204	16	16	9507b9a1112fc3ea6d6467d70b879f36841f7825
images/images/most-used.png	SAMPLES/icons-VegesEffects/named_png/images/images/most-used.png	3808812	1003	16	16	28b3da20e771989ed593f8547ad33a0a6bb1b99b
images/images/file-transition-checked.png	SAMPLES/icons-VegesEffects/named_png/images/images/file-transition-checked.png	4358282	1208	16	16	06ad905e5ad6a5bf1b831c74b4d65b399efa20ad
images/images/mask-polygon-disabled.png	SAMPLES/icons-VegesEffects/named_png/images/images/mask-polygon-disabled.png	3917601	1128	16	16	c75f177ba7302e2b02a0f5b67b4fcddeef024ebd
images/images/layout-canvas-top-checked.png	SAMPLES/icons-VegesEffects/named_png/images/images/layout-canvas-top-checked.png	4867748	979	16	16	60b14e18764d96464a19058befc6fdaf5232499e
images/images/bottom-left-disabled.png	SAMPLES/icons-VegesEffects/named_png/images/images/bottom-left-disabled.png	5315809	990	16	16	d29450739bd675b67632f0654e383a32802ac28e
images/images/edit-insert-disabled.png	SAMPLES/icons-VegesEffects/named_png/images/images/edit-insert-disabled.png	1357222	1024	16	16	416b2a753729b315ba0c74f10200c7a3e5cd9509
images/images/dialog-question-hover.png	SAMPLES/icons-VegesEffects/named_png/images/images/dialog-question-hover.png	5562177	1528	32	32	c8ddc16f0b0911bb59f72eed7d4be7122034b584
images/images/star-outline-hover.png	SAMPLES/icons-VegesEffects/named_png/images/images/star-outline-hover.png	5066231	1171	16	16	dcf537c7b6adf1a0af943f916370dc1a90a3af41
images/images/template-disabled@2x.png	SAMPLES/icons-VegesEffects/named_png/images/images/template-disabled@2x.png	1264538	1098	32	32	6d007ceb76f8afda1075cd39a3dd12431dea63aa
images/images/key-frame-next-disabled@2x.png	SAMPLES/icons-VegesEffects/named_png/images/images/key-frame-next-disabled@2x.png	4070989	1152	32	32	10383795fcd7aa6c1f302a365759410d42df9ef4
images/images/key-frame-previous.png	SAMPLES/icons-VegesEffects/named_png/images/images/key-frame-previous.png	3935110	1065	16	16	4139ce559ff635cced0cc073312e67fdab33679f
images/images/smallcaps-disabled@2x.png	SAMPLES/icons-VegesEffects/named_png/images/images/smallcaps-disabled@2x.png	5588841	1052	32	32	7c04eb9464eca847e5fcb77c086317815cbdb866
images/images/checkbox-normal-hover@2x.png	SAMPLES/icons-VegesEffects/named_png/images/images/checkbox-normal-hover@2x.png	1062830	1142	80	30	923d59a1c6537e8cfab5b910d5475be9e37ea64c
images/images/cursor-resize-disabled@2x.png	SAMPLES/icons-VegesEffects/named_png/images/images/cursor-resize-disabled@2x.png	3186277	1568	64	64	aa307532e5f06cdbc5251cc501c24907f5c19c64
images/images/checkbox-unchecked.png	SAMPLES/icons-VegesEffects/named_png/images/images/checkbox-unchecked.png	351847	968	16	16	3163990c158584afb337b93e044990ed43182c7d
images/images/pen-menu-hover@2x.png	SAMPLES/icons-VegesEffects/named_png/images/images/pen-menu-hover@2x.png	1206133	1301	32	32	cc7ad9ffca18ac5bfccf0c791e1bff862806f0ea
images/images/lowercase-checked@2x.png	SAMPLES/icons-VegesEffects/named_png/images/images/lowercase-checked@2x.png	5691	1117	32	32	a2945b4ce2f68b12b03377c8da0ddc602b01a97b
images/images/export-queue-batch-hover@2x.png	SAMPLES/icons-VegesEffects/named_png/images/images/export-queue-batch-hover@2x.png	3269197	1158	32	32	a41cdd8219bac1be176c2727eacc2c3522d898b7
images/images/mask-rounded-rect@2x.png	SAMPLES/icons-VegesEffects/named_png/images/images/mask-rounded-rect@2x.png	4423275	1201	32	32	3010c138c08fc0f1834c176963780b055d9d49b4
images/images/graph-curve-up-checked.png	SAMPLES/icons-VegesEffects/named_png/images/images/graph-curve-up-checked.png	3138879	1074	16	16	e0c859e83993623fc99e859c59ae4c072380199b
images/images/camera-fov-checked.png	SAMPLES/icons-VegesEffects/named_png/images/images/camera-fov-checked.png	3789067	1395	32	32	7cfadcc70c58711493316a11e2d02b33f7075cbe
images/images/frame-last-checked.png	SAMPLES/icons-VegesEffects/named_png/images/images/frame-last-checked.png	3444902	996	16	16	9db634d537bdf7c1a4e356a107c454a322e24109
images/images/frame-next-checked.png	SAMPLES/icons-VegesEffects/named_png/images/images/frame-next-checked.png	4981729	992	16	16	4ed3139f774a2999174ef0f9f829232f7c72aa09
images/images/missing-layer-hover@2x.png	SAMPLES/icons-VegesEffects/named_png/images/images/missing-layer-hover@2x.png	2725128	1202	32	32	9eeeff4a2d1877dd6e6a388fcf8a30c74d2a433c
images/images/cursor-single-track-forward-checked@2x.png	SAMPLES/icons-VegesEffects/named_png/images/images/cursor-single-track-forward-checked@2x.png	1482937	1282	64	64	fe8403e81887a3a0b7543ee7a99830264e409e98
images/images/folder-open-large-hover@2x.png	SAMPLES/icons-VegesEffects/named_png/images/images/folder-open-large-hover@2x.png	5120830	1595	128	128	d0b495308c0c37082b8170d9aaf98d16631b3c8c
images/images/layout-canvas-right-hover.png	SAMPLES/icons-VegesEffects/named_png/images/images/layout-canvas-right-hover.png	3341134	990	16	16	30c24f6f460702902a46947fb830af8c971c6a50
images/images/favorites-category-hover@2x.png	SAMPLES/icons-VegesEffects/named_png/images/images/favorites-category-hover@2x.png	2841519	2944	128	128	795ed8971167e31a05c848df1b2e315b9c9203ef
images/images/slip-menu-disabled@2x.png	SAMPLES/icons-VegesEffects/named_png/images/images/slip-menu-disabled@2x.png	5263385	1178	32	32	a62c8ecf1daef18a78a5c1c93abf4f06825ef72a
images/images/cursor-slide-checked.png	SAMPLES/icons-VegesEffects/named_png/images/images/cursor-slide-checked.png	3076134	1077	32	32	62623e5b0ebb80e34c93ab6cf1818410ca10d09d
images/images/cursor-slice-checked.png	SAMPLES/icons-VegesEffects/named_png/images/images/cursor-slice-checked.png	3311866	1189	32	32	f080b46d2ca81f6ca59081f4668a9b23b93f0427
images/images/graph-curve-up-disabled@2x.png	SAMPLES/icons-VegesEffects/named_png/images/images/graph-curve-up-disabled@2x.png	3319192	1211	32	32	9ae6bc7e4d03b6cfb3f9735ccb97471458119a9d
images/images/right-checked@2x.png	SAMPLES/icons-VegesEffects/named_png/images/images/right-checked@2x.png	4152412	995	32	32	6d9d9e316ee1bcd39ee51030b22f325d17c3bfd2
images/images/light-checked@2x.png	SAMPLES/icons-VegesEffects/named_png/images/images/light-checked@2x.png	3177522	1976	32	32	b968fea3468134d215c407d7cf9ec8f2bc09607d
images/images/frame-next-checked@2x.png	SAMPLES/icons-VegesEffects/named_png/images/images/frame-next-checked@2x.png	3709639	1063	32	32	6009ad1ab2a5c2ff9ea5abf705a3369317157ff5
images/images/letter-spacing-checked.png	SAMPLES/icons-VegesEffects/named_png/images/images/letter-spacing-checked.png	4891173	1147	16	16	1118e8a9c70499a188e06d1136195dbca87a23c5
images/images/smooth-hover.png	SAMPLES/icons-VegesEffects/named_png/images/images/smooth-hover.png	3157079	1027	16	16	21b4b6bf58f0ae176fae13714b6e79e66c364343
images/images/add-composite-shot-checked@2x.png	SAMPLES/icons-VegesEffects/named_png/images/images/add-composite-shot-checked@2x.png	3056801	1149	32	32	7bf2b60c2fa3f863f93a471a7157a32f63fd1b0b
images/images/export-queue-batch-checked.png	SAMPLES/icons-VegesEffects/named_png/images/images/export-queue-batch-checked.png	4706374	1058	16	16	969259421e96f215bb4f763fb8a2234e0cda5d45
images/images/dodecagon-outline-disabled.png	SAMPLES/icons-VegesEffects/named_png/images/images/dodecagon-outline-disabled.png	3423171	1150	16	16	1454200ff9534ffd131aa98917d3ff7e68e7e814
images/images/pen-menu-checked.png	SAMPLES/icons-VegesEffects/named_png/images/images/pen-menu-checked.png	1475636	1166	16	16	5f48d66e89c881b85c488eb62f6bfb950999a265
images/images/letter-scaling-vertical-hover@2x.png	SAMPLES/icons-VegesEffects/named_png/images/images/letter-scaling-vertical-hover@2x.png	977927	1318	32	32	198a24b4562cd9d7b6952f1ba134fffbd132e5e9
images/images/camera-fov-disabled.png	SAMPLES/icons-VegesEffects/named_png/images/images/camera-fov-disabled.png	2920393	1463	32	32	5f111a8037052ed9f7e587727947ce13503f7a66
images/images/ripple@2x.png	SAMPLES/icons-VegesEffects/named_png/images/images/ripple@2x.png	3234889	1124	32	32	5a41573600c060e4fef0080c07e123fa740a909b
images/images/list-sort-asc.png	SAMPLES/icons-VegesEffects/named_png/images/images/list-sort-asc.png	5059448	1157	16	16	17ae0cf1814ce727f529580d05683e66a6f15f48
images/images/distribute-vertically@2x.png	SAMPLES/icons-VegesEffects/named_png/images/images/distribute-vertically@2x.png	3837680	1012	32	32	b2063d93941cbac02544e0b0ab126bd01d667037
images/images/mask-rounded-rect-checked.png	SAMPLES/icons-VegesEffects/named_png/images/images/mask-rounded-rect-checked.png	5061823	1054	16	16	0343a480490e236c61ebdf3d09a4652d0caa06a6
images/images/graph-curve-up-disabled.png	SAMPLES/icons-VegesEffects/named_png/images/images/graph-curve-up-disabled.png	5316803	1079	16	16	3432f859cc99740ca54e4112889498c1424edee2
images/images/camera-rotate-disabled.png	SAMPLES/icons-VegesEffects/named_png/images/images/camera-rotate-disabled.png	4990677	1371	32	32	7d4cec9a87e72a5310bf3d18d283394dea6bb164
images/images/video-off-disabled@2x.png	SAMPLES/icons-VegesEffects/named_png/images/images/video-off-disabled@2x.png	3849132	1954	32	32	0444609bbf93a5e5d0a87952cfae233a90aa43a6
images/images/mask-union.png	SAMPLES/icons-VegesEffects/named_png/images/images/mask-union.png	553864	953	16	16	52b3260a0ed7d026c0df4f528d856be5bce19f36
images/images/text-center-align-hover@2x.png	SAMPLES/icons-VegesEffects/named_png/images/images/text-center-align-hover@2x.png	5220018	986	32	32	b94de68ed6deb32c738c9a6c3d537a3130f22426
images/images/new-composite-shot-checked@2x.png	SAMPLES/icons-VegesEffects/named_png/images/images/new-composite-shot-checked@2x.png	5271302	1329	64	64	085d3a67563ef6ad16907c63fc578208a57e0051
images/images/layout-distribute-between-vertical-disabled@2x.png	SAMPLES/icons-VegesEffects/named_png/images/images/layout-distribute-between-vertical-disabled@2x.png	5126935	998	32	32	cad43488b6545ea84561272928e99d321ccf88ef
images/images/frame-next@2x.png	SAMPLES/icons-VegesEffects/named_png/images/images/frame-next@2x.png	138601	1076	32	32	4f502906bed145b39c83cfad6e73ae29d7f94b94
images/images/slide-menu.png	SAMPLES/icons-VegesEffects/named_png/images/images/slide-menu.png	3881727	1068	16	16	cecceaa2f77f3980571c3845b6f4274f8e1a2014
images/images/help-disabled@2x.png	SAMPLES/icons-VegesEffects/named_png/images/images/help-disabled@2x.png	511037	1610	32	32	0a11ba553bb01ba0cad306140898430ce253807c
images/images/frame-last@2x.png	SAMPLES/icons-VegesEffects/named_png/images/images/frame-last@2x.png	3929005	1073	32	32	84ef18b1d6c4ccc08cfb08e18df76d437a73f841
images/images/cursor-all-track-backward-hover@2x.png	SAMPLES/icons-VegesEffects/named_png/images/images/cursor-all-track-backward-hover@2x.png	27032	1597	64	64	dc23b05d88c05330c3fb82656b0243b7eaa55bfe
images/images/frame-next-disabled.png	SAMPLES/icons-VegesEffects/named_png/images/images/frame-next-disabled.png	5219011	1003	16	16	4230e4bb9909f75a2936a9bbe13dbd1530c2fbf2
images/images/exclamation-disabled@2x.png	SAMPLES/icons-VegesEffects/named_png/images/images/exclamation-disabled@2x.png	1093597	1365	32	32	7e38ef88d4715d931c8ec976121be924c5b7fe6c
images/images/caret-right-checked.png	SAMPLES/icons-VegesEffects/named_png/images/images/caret-right-checked.png	4218334	1021	16	16	a38a6d43a9b0ee85c51b607781ba066964b7113e
images/images/landscape-checked@2x.png	SAMPLES/icons-VegesEffects/named_png/images/images/landscape-checked@2x.png	3645677	1145	32	32	b16a0bc1bc9f963c1f777a3b0ada546fd94e5d27
images/images/ripple-menu-hover.png	SAMPLES/icons-VegesEffects/named_png/images/images/ripple-menu-hover.png	349266	1027	16	16	8404682cbcaf13e87e7a2d435103d0d843910060
images/images/frame-last-disabled.png	SAMPLES/icons-VegesEffects/named_png/images/images/frame-last-disabled.png	1208729	1005	16	16	8609af5a0f4e8fe4f302e7e328e90652edce1cfe
images/images/center-checked.png	SAMPLES/icons-VegesEffects/named_png/images/images/center-checked.png	1189317	960	16	16	84301d748087ec87488888e413ab4c403ce50d12
images/images/octagon-outline-checked@2x.png	SAMPLES/icons-VegesEffects/named_png/images/images/octagon-outline-checked@2x.png	1250347	1350	32	32	32dbf11b49b00a6605dd72e5e720663278cc534f
images/images/cog-properties-information-disabled@2x.png	SAMPLES/icons-VegesEffects/named_png/images/images/cog-properties-information-disabled@2x.png	3430081	1729	32	32	9b473a366cef59482a5e3e3f0c9a3ff84448d7d2
images/images/linked.png	SAMPLES/icons-VegesEffects/named_png/images/images/linked.png	189902	1316	16	16	6b87377987b2c694cd2affa74809fc17787fff21
images/images/locked.png	SAMPLES/icons-VegesEffects/named_png/images/images/locked.png	183216	1200	16	16	0a6a092c1b81a2687b8f1865a19d4c2d5097c346
images/images/dodecagon-outline@2x.png	SAMPLES/icons-VegesEffects/named_png/images/images/dodecagon-outline@2x.png	4436452	1322	32	32	cd43f79c41fe14beb9aba25781809d6cec877fe6
images/images/crosshair-white-checked.png	SAMPLES/icons-VegesEffects/named_png/images/images/crosshair-white-checked.png	4658911	743	16	16	e80e5651153940af0d0f73417bbf0bdefd4eb921
images/images/camera-fov@2x.png	SAMPLES/icons-VegesEffects/named_png/images/images/camera-fov@2x.png	1080976	1847	64	64	255b5c5b2cae748fac91c5fc825ba5cbad9eea15
images/images/camera-rotate@2x.png	SAMPLES/icons-VegesEffects/named_png/images/images/camera-rotate@2x.png	4648925	1682	64	64	2003346859fb14a86683c445971765b1ad403030
images/images/graph-curve-up@2x.png	SAMPLES/icons-VegesEffects/named_png/images/images/graph-curve-up@2x.png	220951	1186	32	32	f57851a421955120500bce32b82e58e4796f4513
images/images/mask-rounded-rect-hover@2x.png	SAMPLES/icons-VegesEffects/named_png/images/images/mask-rounded-rect-hover@2x.png	2884299	1153	32	32	aee1aac45bf943abfe237397fcc6e1c92e832123
images/images/delete-trash.png	SAMPLES/icons-VegesEffects/named_png/images/images/delete-trash.png	1323115	1143	16	16	0cba4bf28fd107e56de2db8c3827d24c9241fab3
images/images/cursor-ripple-invalid-hover.png	SAMPLES/icons-VegesEffects/named_png/images/images/cursor-ripple-invalid-hover.png	3063854	1463	32	32	acff2750f3f2ada9a529034018300842c8bd9517
images/images/print-canvas-hover.png	SAMPLES/icons-VegesEffects/named_png/images/images/print-canvas-hover.png	3670197	1216	16	16	c8fc91a0c6d54ef0a6f0887cf949600b542101aa
images/images/key-frame-manual-bezier.png	SAMPLES/icons-VegesEffects/named_png/images/images/key-frame-manual-bezier.png	3259968	1063	16	16	d45c9dc410cdd3483f5585d8e3821ad3c10a4cb9
images/images/missing-layer-hover.png	SAMPLES/icons-VegesEffects/named_png/images/images/missing-layer-hover.png	3859765	1084	16	16	ca66c53d94467fce348bfe002d32970710b97f98
images/images/file-disabled@2x.png	SAMPLES/icons-VegesEffects/named_png/images/images/file-disabled@2x.png	4766211	1060	32	32	aedce70332dd0e697ee1c6361b080d651658e165
images/images/frame-in-checked.png	SAMPLES/icons-VegesEffects/named_png/images/images/frame-in-checked.png	3693917	989	16	16	675446849e3efea32e51d4f005e76a1925cd43d3
images/images/ripple-disabled.png	SAMPLES/icons-VegesEffects/named_png/images/images/ripple-disabled.png	4691504	1042	16	16	69900b2faeec466724cc2dedde3918da412cbce0
images/images/list-sort-desc-checked@2x.png	SAMPLES/icons-VegesEffects/named_png/images/images/list-sort-desc-checked@2x.png	4803274	1284	32	32	68f840fc0f9e66a97a462c2f8a7a70e28e3e4c12
images/images/distribute-vertically-disabled.png	SAMPLES/icons-VegesEffects/named_png/images/images/distribute-vertically-disabled.png	4840879	1071	16	16	0efd976eb316c72034badd1553746b94a8d2c1c2
images/images/cursor-slip-invalid-hover.png	SAMPLES/icons-VegesEffects/named_png/images/images/cursor-slip-invalid-hover.png	1013674	1138	32	32	7580c2fd7c1533e088b74a9b2048eb5fe6222bd4
images/images/cursor-resize-invalid-checked.png	SAMPLES/icons-VegesEffects/named_png/images/images/cursor-resize-invalid-checked.png	1007822	1301	32	32	1dcee1a0bca8b99f99d45f99597a9da7068a317e
images/images/bottom-hover@2x.png	SAMPLES/icons-VegesEffects/named_png/images/images/bottom-hover@2x.png	5045899	998	32	32	acf2d50d3ffa2765ffb0d41a8b09de4e314a8eba
images/images/menu-checked.png	SAMPLES/icons-VegesEffects/named_png/images/images/menu-checked.png	1471550	954	16	16	f687a506bb83bef8e8a109741ee3fa0c93939b9c
images/images/filter-disabled.png	SAMPLES/icons-VegesEffects/named_png/images/images/filter-disabled.png	5007970	1103	16	16	2383dbf0fd810462ea7f3071c169648ad70db509
images/images/letter-spacing@2x.png	SAMPLES/icons-VegesEffects/named_png/images/images/letter-spacing@2x.png	3739279	1410	32	32	6750792b75e2b4536e3d6255530d1a205a4fc531
images/images/save-checked.png	SAMPLES/icons-VegesEffects/named_png/images/images/save-checked.png	201802	1124	16	16	f951630b5d7272f78bc308120e86fd5b6df1a837
images/images/home-checked.png	SAMPLES/icons-VegesEffects/named_png/images/images/home-checked.png	3242045	1011	16	16	72e0b25974d7bf7a7cb1d4c3617e84b59b76c12e
images/images/transition-2d-hover@2x.png	SAMPLES/icons-VegesEffects/named_png/images/images/transition-2d-hover@2x.png	4605588	1361	32	32	7b7768055467532e21109aec1ec3c18046f1cbfa
images/images/file-checked.png	SAMPLES/icons-VegesEffects/named_png/images/images/file-checked.png	4884558	1041	16	16	c65603816875787bf7a9a894d54bdcb1e304ce16
images/images/delete-trash@2x.png	SAMPLES/icons-VegesEffects/named_png/images/images/delete-trash@2x.png	534283	1277	32	32	7c85d65c680fd9aa9d28fbd91e4dcf80e151519a
images/images/cursor-stretch-right-disabled.png	SAMPLES/icons-VegesEffects/named_png/images/images/cursor-stretch-right-disabled.png	1293733	1312	32	32	f3e580af10d10eea5486dcab06ba9fb359745f07
images/images/pen-menu-hover.png	SAMPLES/icons-VegesEffects/named_png/images/images/pen-menu-hover.png	1091377	1166	16	16	6f4967a165c035587f163d7ddfa5f0a531617130
images/images/capitalize.png	SAMPLES/icons-VegesEffects/named_png/images/images/capitalize.png	1381567	1051	16	16	8d2890bcaff1f96d62aad5d7d81c39c746802be3
images/images/margin-right.png	SAMPLES/icons-VegesEffects/named_png/images/images/margin-right.png	198727	1015	16	16	5901e2f85a972413f111d45731dc5a5b37d73826
images/images/composite-shot.png	SAMPLES/icons-VegesEffects/named_png/images/images/composite-shot.png	3699223	1093	16	16	75ae047f2fc2d9bb56138124230f2f13d5cbe9b3
images/images/export-queue-single-hover@2x.png	SAMPLES/icons-VegesEffects/named_png/images/images/export-queue-single-hover@2x.png	4509965	1134	32	32	2e5f7eabe8741dddd68a5e3993862bc1ab83c044
images/images/edit-insert-checked@2x.png	SAMPLES/icons-VegesEffects/named_png/images/images/edit-insert-checked@2x.png	342142	1054	32	32	74d1dde5e244df32ad59ecba2b69b6d220cb045e
images/images/folder-open-checked.png	SAMPLES/icons-VegesEffects/named_png/images/images/folder-open-checked.png	1321993	1118	16	16	26685a1a618c561dc0b5f20745923be0b1ebebf9
images/images/add-container-east-hover.png	SAMPLES/icons-VegesEffects/named_png/images/images/add-container-east-hover.png	4655190	1077	64	32	2a2173edee50be5bafdc30421b2ed529e2f786bc
images/images/large-stop-checked.png	SAMPLES/icons-VegesEffects/named_png/images/images/large-stop-checked.png	1024919	1044	32	32	b1f7cd7f062e1e7abedf07e2ac95c240377d9587
images/images/export-preset-hover@2x.png	SAMPLES/icons-VegesEffects/named_png/images/images/export-preset-hover@2x.png	135489	1117	32	32	7f682774d5a81651d04499ca2730bd0aebcac6a0
images/images/bezier-checked.png	SAMPLES/icons-VegesEffects/named_png/images/images/bezier-checked.png	5094154	1046	16	16	2da9f30a54f24d1df3d8483a4d7a1ec70278216d
images/images/adjustment-layer-checked.png	SAMPLES/icons-VegesEffects/named_png/images/images/adjustment-layer-checked.png	115082	1232	16	16	17ed00bb3f1bbff6299204a223cc89d0c821f0ca
images/images/crosshairs@2x.png	SAMPLES/icons-VegesEffects/named_png/images/images/crosshairs@2x.png	4295205	1751	32	32	48b12b3b07eb7a3e84cadcd70bd0037be6498eaa
images/images/menu-checked@2x.png	SAMPLES/icons-VegesEffects/named_png/images/images/menu-checked@2x.png	948479	977	32	32	d265af5fb2d5e322cb3184637ac803771b425761
images/images/camera-move@2x.png	SAMPLES/icons-VegesEffects/named_png/images/images/camera-move@2x.png	1374838	1309	64	64	02a86553c353fb64d548261ce8c1dc4357baef47
images/images/align-bottom@2x.png	SAMPLES/icons-VegesEffects/named_png/images/images/align-bottom@2x.png	2734212	997	32	32	f4261338012ba4b45108343028f78ad9ff150221
images/images/camera-zoom-hover@2x.png	SAMPLES/icons-VegesEffects/named_png/images/images/camera-zoom-hover@2x.png	4306217	1437	64	64	151df1ca648bc8d468cbdaa1d5de05fa9332da14
images/images/control-point-checked.png	SAMPLES/icons-VegesEffects/named_png/images/images/control-point-checked.png	3141071	210	16	16	cbad19b1d2c9a24e3813817b44389be9dfc9a770
images/images/add-container-north-hover@2x.png	SAMPLES/icons-VegesEffects/named_png/images/images/add-container-north-hover@2x.png	4478867	1202	64	128	103216fdeda3629cc259232f25b1dfdfeef938d9
images/images/close-hover.png	SAMPLES/icons-VegesEffects/named_png/images/images/close-hover.png	1407234	1000	16	16	7c1e0f0115b1293b14efb657600090be1390d5fe
images/images/distribute-top-hover.png	SAMPLES/icons-VegesEffects/named_png/images/images/distribute-top-hover.png	935515	964	16	16	b84a0054391aa6add25be981a556eace300ca494
images/images/bottom-left-checked@2x.png	SAMPLES/icons-VegesEffects/named_png/images/images/bottom-left-checked@2x.png	3587988	1002	32	32	725bd036860f05c2e600495ce75765d050c56ac2
images/images/cursor-slide@2x.png	SAMPLES/icons-VegesEffects/named_png/images/images/cursor-slide@2x.png	4335628	1217	64	64	c85769cdfa4bcebeac42298cf9d97a4172428257
images/images/cursor-slice@2x.png	SAMPLES/icons-VegesEffects/named_png/images/images/cursor-slice@2x.png	4779353	1490	64	64	c627aaaec0a6d971aaca003dc4a7ee15ff6c98e3
images/images/align-vertically.png	SAMPLES/icons-VegesEffects/named_png/images/images/align-vertically.png	5285027	1051	16	16	3480f063a59d3b0c267b2803905b4f8e186ec05a
images/images/mask-mirrored-handle-disabled@2x.png	SAMPLES/icons-VegesEffects/named_png/images/images/mask-mirrored-handle-disabled@2x.png	42322	1376	32	32	4689add2581abfb6aa74bf51fc63accad2276762
images/images/camera-orbit-disabled@2x.png	SAMPLES/icons-VegesEffects/named_png/images/images/camera-orbit-disabled@2x.png	1305485	1402	32	32	e4651d57f5a67b4471111a74108442e5bc107e16
images/images/export-queue-single-hover.png	SAMPLES/icons-VegesEffects/named_png/images/images/export-queue-single-hover.png	4060994	1050	16	16	49cfcefdff64d16dfeb93a0456bbe67825d946cf
images/images/folder-hover@2x.png	SAMPLES/icons-VegesEffects/named_png/images/images/folder-hover@2x.png	2822836	1134	32	32	24695f3ae3e8512c7915d43f617feb0a8cf9e65a
images/images/radio-checked-disabled@2x.png	SAMPLES/icons-VegesEffects/named_png/images/images/radio-checked-disabled@2x.png	4399864	1441	32	32	5bf8b0a2091f346832ee4e404cf4dc01ac9718b7
images/images/dummy-transparent-disabled.png	SAMPLES/icons-VegesEffects/named_png/images/images/dummy-transparent-disabled.png	3519390	940	16	16	36c8db92615eb96f1af3f1aec9001d9beddbec89
images/images/mask-move-point-checked.png	SAMPLES/icons-VegesEffects/named_png/images/images/mask-move-point-checked.png	72741	1232	16	16	7e0257dcc40a533ae3b22dc1e19359baba077f30
images/images/play-ram-hover.png	SAMPLES/icons-VegesEffects/named_png/images/images/play-ram-hover.png	3831138	1082	16	16	b180be6798bb75f654729ca99c0ba666da810bb9
images/images/mask-inverted-disabled.png	SAMPLES/icons-VegesEffects/named_png/images/images/mask-inverted-disabled.png	4033221	1158	16	16	7c83fb1275a9930bebac19662e2f3bda455d7a69
images/images/hud-select-hover@2x.png	SAMPLES/icons-VegesEffects/named_png/images/images/hud-select-hover@2x.png	2756837	1414	32	32	20d83f90a6464983b040112007f42b8ee815e1af
images/images/layout-canvas-center@2x.png	SAMPLES/icons-VegesEffects/named_png/images/images/layout-canvas-center@2x.png	3454008	1046	32	32	c0aec4352ae8949b6c5840eda2469e303b1ffd33
images/images/presets@2x.png	SAMPLES/icons-VegesEffects/named_png/images/images/presets@2x.png	3078552	983	32	32	082e7e5a0733e3a6d966f05cc4c193884387f125
images/images/action-link-disabled.png	SAMPLES/icons-VegesEffects/named_png/images/images/action-link-disabled.png	3077215	1333	32	32	1a34274d2d347b61acae8c162935c16de6d27d10
images/images/file-offline-disabled@2x.png	SAMPLES/icons-VegesEffects/named_png/images/images/file-offline-disabled@2x.png	3193537	1160	32	32	3eb8f900521a5f4224726a0b2c9383e26681e1a4
images/images/keyframe-track-object-checked@2x.png	SAMPLES/icons-VegesEffects/named_png/images/images/keyframe-track-object-checked@2x.png	491991	1121	32	32	b371f6d8a1db7e0b6bb134da4ab09b14253da8f4
images/images/key-frame-full-disabled@2x.png	SAMPLES/icons-VegesEffects/named_png/images/images/key-frame-full-disabled@2x.png	1193585	1420	32	32	29b0c59a623f8d6f1344844b9cc2cfc24789429d
images/images/text-gap-after-paragraph-disabled.png	SAMPLES/icons-VegesEffects/named_png/images/images/text-gap-after-paragraph-disabled.png	4359494	977	16	16	58183bc264bbf4d97e6ad34987ceaa9634b5673d
images/images/clockwise90-checked@2x.png	SAMPLES/icons-VegesEffects/named_png/images/images/clockwise90-checked@2x.png	2846766	1132	32	32	0d5c856b8cc5597169050e57e1aff5e90896cbb1
images/images/text-left-indent-disabled.png	SAMPLES/icons-VegesEffects/named_png/images/images/text-left-indent-disabled.png	40300	1010	16	16	5593947f545be737947444cd9df2cd8153140aeb
images/images/align-bottom-hover.png	SAMPLES/icons-VegesEffects/named_png/images/images/align-bottom-hover.png	902945	968	16	16	db6bf8a2152ee2c402035e56b73ff3c0b381b7a5
images/images/resize@2x.png	SAMPLES/icons-VegesEffects/named_png/images/images/resize@2x.png	2943667	1266	32	32	971209e493ab0a5b3e6005db6a2bb6e48b8ab8d9
images/images/star-filled.png	SAMPLES/icons-VegesEffects/named_png/images/images/star-filled.png	3494594	1134	16	16	dac99da5a97ff1647ec73a8e64a9d0e8dd751716
images/images/file-3d-preview@2x.png	SAMPLES/icons-VegesEffects/named_png/images/images/file-3d-preview@2x.png	3580453	1661	212	120	c8c77a1e289b8fc7c7eb8d70444c67060fcc1fd3
images/images/file-comp-preview@2x.png	SAMPLES/icons-VegesEffects/named_png/images/images/file-comp-preview@2x.png	4165512	1509	212	120	b72eab84122893a02a7431520d69e0bf6800f45c
images/images/play-ram@2x.png	SAMPLES/icons-VegesEffects/named_png/images/images/play-ram@2x.png	133167	1301	32	32	205f35ca821e2df2a8ca8d201414bd37b41411e8
images/images/caret-up@2x.png	SAMPLES/icons-VegesEffects/named_png/images/images/caret-up@2x.png	4123494	1112	32	32	a7e2a0e15d2a1ad5370e508555e92d831cfe0045
images/images/notification-checked@2x.png	SAMPLES/icons-VegesEffects/named_png/images/images/notification-checked@2x.png	3219689	1153	32	32	bb6e4fb67ab8e78c2d427e6c9d18a1b154a0c5d8
images/images/key-frame-empty-disabled@2x.png	SAMPLES/icons-VegesEffects/named_png/images/images/key-frame-empty-disabled@2x.png	4292766	1359	32	32	cef8af3e3c53e6fdac7e3565c8d6839d599324fd
images/images/timeline-details@2x.png	SAMPLES/icons-VegesEffects/named_png/images/images/timeline-details@2x.png	1222810	983	32	32	6e3a385ff6e794b82e32a63ba8c7ed3d20f648fd
images/images/control-point@2x.png	SAMPLES/icons-VegesEffects/named_png/images/images/control-point@2x.png	3093867	327	32	32	003bf65f1643a0c8d60033ead1930a54ea257258
images/images/maximize-window-hover@2x.png	SAMPLES/icons-VegesEffects/named_png/images/images/maximize-window-hover@2x.png	2763761	982	32	32	c49e8f33bf16508329e8723c4621ca314b4e5bb4
images/images/mask-square-menu@2x.png	SAMPLES/icons-VegesEffects/named_png/images/images/mask-square-menu@2x.png	3431814	1032	32	32	40411383bf36b3c0553cddddf04cfb1c801ac5ca
images/images/pointer-menu-checked@2x.png	SAMPLES/icons-VegesEffects/named_png/images/images/pointer-menu-checked@2x.png	1263067	1467	32	32	b0beebfbffccf47b6884c988a90b01a840b60cea
images/images/line-height@2x.png	SAMPLES/icons-VegesEffects/named_png/images/images/line-height@2x.png	1176726	1333	32	32	6227e29f6aadad106972cafb561fd808a6f8cc7a
images/images/cursor-resize-disabled.png	SAMPLES/icons-VegesEffects/named_png/images/images/cursor-resize-disabled.png	2997049	1298	32	32	f9fa9cecc5608f67f7bf0e6862c842947fea4e12
images/images/crosshair-white-disabled.png	SAMPLES/icons-VegesEffects/named_png/images/images/crosshair-white-disabled.png	4352615	756	16	16	6641bad1bd68d481145d9baa124c39d906c4c64a
images/images/action-move-disabled.png	SAMPLES/icons-VegesEffects/named_png/images/images/action-move-disabled.png	1379240	1252	32	32	536afc5849745e4a99dc2e637c366b5b3ba3af95
images/images/layout-left-hover@2x.png	SAMPLES/icons-VegesEffects/named_png/images/images/layout-left-hover@2x.png	5147477	1793	460	232	890bc2db169f9ed1c71bcd893e59e380fc19dcb4
images/images/align-right.png	SAMPLES/icons-VegesEffects/named_png/images/images/align-right.png	2959250	1000	16	16	831bc44eb35486031f594db7d1d90ee18306e4c8
images/images/file-offline-preview@2x.png	SAMPLES/icons-VegesEffects/named_png/images/images/file-offline-preview@2x.png	5013186	2254	212	120	86c7524b2d40be87644b9b27daa1a549878b4ba1
images/images/cursor-rolling-invalid-disabled@2x.png	SAMPLES/icons-VegesEffects/named_png/images/images/cursor-rolling-invalid-disabled@2x.png	5136122	1315	64	64	5a80eb86328e569faf14bd2a7cc335c0be502560
images/images/two-d.png	SAMPLES/icons-VegesEffects/named_png/images/images/two-d.png	1036252	979	16	16	3409287fba89d133eb8156785957fdca092d7586
images/images/track-select-forward-hover@2x.png	SAMPLES/icons-VegesEffects/named_png/images/images/track-select-forward-hover@2x.png	4449293	1181	32	32	a92d8dc2e516ad80d8fb7cc55075f11d7f54ee89
images/images/exclamation-double-hover@2x.png	SAMPLES/icons-VegesEffects/named_png/images/images/exclamation-double-hover@2x.png	3394279	1862	64	64	58520328ae3668df145ec3a5a6ac729ca23a3eed
images/images/adjustment-layer@2x.png	SAMPLES/icons-VegesEffects/named_png/images/images/adjustment-layer@2x.png	5021011	1281	32	32	367ac91ae6d9af05b204829c2a11c9d88b29eaeb
images/images/text-bottom-align-disabled@2x.png	SAMPLES/icons-VegesEffects/named_png/images/images/text-bottom-align-disabled@2x.png	1422368	1065	32	32	13f9f03813e9fc7ae76716e88dfef752ed210f28
images/images/bezier@2x.png	SAMPLES/icons-VegesEffects/named_png/images/images/bezier@2x.png	2817943	1195	32	32	0de37ef505bf7f6d2cf5542f8a0c105bb7b68663
images/images/text-gap-before-paragraph-checked@2x.png	SAMPLES/icons-VegesEffects/named_png/images/images/text-gap-before-paragraph-checked@2x.png	532110	990	32	32	44e1b1eab1f427767590daad108e4840d407587b
images/images/caret-down-checked.png	SAMPLES/icons-VegesEffects/named_png/images/images/caret-down-checked.png	1173361	1030	16	16	a1b3606b2e979e649642b45e490a00db8847456a
images/images/group-layer-disabled.png	SAMPLES/icons-VegesEffects/named_png/images/images/group-layer-disabled.png	5108926	1110	16	16	9e047ed42a1e9508d74493dd4884cb771aaf332b
images/images/underline-disabled@2x.png	SAMPLES/icons-VegesEffects/named_png/images/images/underline-disabled@2x.png	2724073	1051	32	32	5e68862b01347b7d33351b8e33cbf196721e2fa8
images/images/screenshot-camera-checked@2x.png	SAMPLES/icons-VegesEffects/named_png/images/images/screenshot-camera-checked@2x.png	5336216	1273	32	32	b9de79474a6934a1cc806d36ef722f84973dcd98
images/images/crosshairs.png	SAMPLES/icons-VegesEffects/named_png/images/images/crosshairs.png	4187526	641	16	16	18c98aa62e03ea1fdd92fa712100586c93aaeab3
images/images/export-queue-hot-folder.png	SAMPLES/icons-VegesEffects/named_png/images/images/export-queue-hot-folder.png	3836438	1238	16	16	189d31a59a2d29a576e0ea6fc8f8a5af6b307df8
images/images/control-point-hover.png	SAMPLES/icons-VegesEffects/named_png/images/images/control-point-hover.png	2805993	206	16	16	302c7daf4cccb2812d520b80d951d59c36a32f31
images/images/mask-move-point@2x.png	SAMPLES/icons-VegesEffects/named_png/images/images/mask-move-point@2x.png	1196296	1419	32	32	88a6c606691a1a9e27793bdf5db03aba11eb0b37
images/images/save-disabled@2x.png	SAMPLES/icons-VegesEffects/named_png/images/images/save-disabled@2x.png	4133474	1194	32	32	4a18f4c795dbf531eaa255061a5bcc8ef7bfb9d9
images/images/add-container-east@2x.png	SAMPLES/icons-VegesEffects/named_png/images/images/add-container-east@2x.png	3091632	1204	128	64	3742756d6441259bbc42d5e22a2309d02aeb2010
images/images/radio-unchecked-disabled@2x.png	SAMPLES/icons-VegesEffects/named_png/images/images/radio-unchecked-disabled@2x.png	4847345	1336	32	32	ac96d60ab41602a07755fa2b37ee8d80ddc8e883
images/images/magnet-disabled@2x.png	SAMPLES/icons-VegesEffects/named_png/images/images/magnet-disabled@2x.png	3115106	1285	32	32	c64c631db9d8d910eabb370d323edf44b05849b5
images/images/checkbox-filled@2x.png	SAMPLES/icons-VegesEffects/named_png/images/images/checkbox-filled@2x.png	4286246	1004	32	32	ba916c8d812e925ae34ac7b2bac5ab24b27a426b
images/images/play-checked@2x.png	SAMPLES/icons-VegesEffects/named_png/images/images/play-checked@2x.png	4317957	1094	32	32	c552fe180637f72edadbb31e40974d505f47b15f
images/images/group-layer.png	SAMPLES/icons-VegesEffects/named_png/images/images/group-layer.png	3098697	1118	16	16	c67d9d9d47f97470689b458a30ecc4fee7b159cc
images/images/export-queue-tidy-disabled.png	SAMPLES/icons-VegesEffects/named_png/images/images/export-queue-tidy-disabled.png	4956368	1080	16	16	3bce0c8aa08cf56ed86ef271bed3bd0e1cb3964a
images/images/global-preset-right-checked@2x.png	SAMPLES/icons-VegesEffects/named_png/images/images/global-preset-right-checked@2x.png	2720862	982	32	32	1feed4abe5de458de668ba97c2b10c97f0b0ca06
images/images/cursor-single-track-backward-hover@2x.png	SAMPLES/icons-VegesEffects/named_png/images/images/cursor-single-track-backward-hover@2x.png	3287362	1429	64	64	3a2a608a732345bc85cbb5e1e391878681f3153c
images/images/three-d-unrolled@2x.png	SAMPLES/icons-VegesEffects/named_png/images/images/three-d-unrolled@2x.png	3793824	1360	32	32	64058292441a0b6efb5cac6b4872a2bf8e80e94c
images/images/proxy-complete-hover@2x.png	SAMPLES/icons-VegesEffects/named_png/images/images/proxy-complete-hover@2x.png	1084125	1190	32	32	c716e4d45d6dc855e3b6bbd40ff50466cd286c71
images/images/align-right-hover@2x.png	SAMPLES/icons-VegesEffects/named_png/images/images/align-right-hover@2x.png	993527	984	32	32	e2f2d0ea6cff288fe35486859297fbb5271ae761
images/images/magnify-search-hover.png	SAMPLES/icons-VegesEffects/named_png/images/images/magnify-search-hover.png	119680	1329	16	16	bd63dde52226f31032bb0dedacab9d5c9501a515
images/images/key-frame-manual-bezier-hover@2x.png	SAMPLES/icons-VegesEffects/named_png/images/images/key-frame-manual-bezier-hover@2x.png	5559930	1164	32	32	15b47d45c59e9fc8cf3dd5e04b4b2f4e0edf4160
images/images/action-move-disabled@2x.png	SAMPLES/icons-VegesEffects/named_png/images/images/action-move-disabled@2x.png	381321	1473	64	64	d420f15978de8042c8e2cb94b0ac9a560b0bb928
images/images/cursor-slide-invalid-checked@2x.png	SAMPLES/icons-VegesEffects/named_png/images/images/cursor-slide-invalid-checked@2x.png	2927397	1211	64	64	0348327b30ec03620a792bf418e34059eec68f77
images/images/star-outline-disabled.png	SAMPLES/icons-VegesEffects/named_png/images/images/star-outline-disabled.png	1291403	1191	16	16	f881d853b5ab3fe3418a0e6ddfee8ea40e60067e
images/images/dial-handle-disabled@2x.png	SAMPLES/icons-VegesEffects/named_png/images/images/dial-handle-disabled@2x.png	5269229	1072	64	64	256772f6b633ac4b6487081d6823cec38f4f2cad
images/images/dial-background@2x.png	SAMPLES/icons-VegesEffects/named_png/images/images/dial-background@2x.png	3546425	1610	64	64	7c7865bcc7d66206d11356bd258cc65493b1d271
images/images/three-d-disabled@2x.png	SAMPLES/icons-VegesEffects/named_png/images/images/three-d-disabled@2x.png	5358886	1152	32	32	98497821dac7187c14a8f09116434845973557a0
images/images/minimized-window-disabled@2x.png	SAMPLES/icons-VegesEffects/named_png/images/images/minimized-window-disabled@2x.png	1128212	982	32	32	d7002049eb867a26f5d3a0bf84bba414022abe9b
images/images/track-select-backward-menu-disabled@2x.png	SAMPLES/icons-VegesEffects/named_png/images/images/track-select-backward-menu-disabled@2x.png	5034058	1263	32	32	6a9381e9cf5a04ba2538b354c7d68f55d39328b7
images/images/dialog-warning@2x.png	SAMPLES/icons-VegesEffects/named_png/images/images/dialog-warning@2x.png	1393037	1863	64	64	13d5318cfb8c4b69844ff6dab0616e7d097bf9f9
images/images/mirror-vertical-disabled@2x.png	SAMPLES/icons-VegesEffects/named_png/images/images/mirror-vertical-disabled@2x.png	4481668	1200	32	32	8b1c507126c9f7cd82d0717217352d7542294e73
images/images/track-select-forward-menu-checked.png	SAMPLES/icons-VegesEffects/named_png/images/images/track-select-forward-menu-checked.png	1157278	1078	16	16	0d1cd1b36fa688b89997de729e9a3465ef64a030
images/images/slide-menu@2x.png	SAMPLES/icons-VegesEffects/named_png/images/images/slide-menu@2x.png	1460611	1136	32	32	e3d235e7551ecc2c18fa10fc432f86e881ea471a
images/images/check-only-blue-disabled@2x.png	SAMPLES/icons-VegesEffects/named_png/images/images/check-only-blue-disabled@2x.png	457872	1094	32	32	d2f60635aefbcc840d2f4ae88f54f0a283bdd266
images/images/anticlockwise90.png	SAMPLES/icons-VegesEffects/named_png/images/images/anticlockwise90.png	1113915	1106	16	16	d7485c08bb40fdef35047d11e9d2d06dfb94d0af
images/images/dialog-warning.png	SAMPLES/icons-VegesEffects/named_png/images/images/dialog-warning.png	3971096	1572	32	32	458b56ea18eb9798b35ead8ac484fb5767ba6086
images/images/add-export.png	SAMPLES/icons-VegesEffects/named_png/images/images/add-export.png	3521443	1171	16	16	26deed1bc700f4a944c191a18bcca09f82644e8e
images/images/curves-straight-disabled.png	SAMPLES/icons-VegesEffects/named_png/images/images/curves-straight-disabled.png	3485755	1025	16	16	eb9b4e3eec4f5602291a5aa99a84ada4c0779f0f
images/images/text-left-justified-hover.png	SAMPLES/icons-VegesEffects/named_png/images/images/text-left-justified-hover.png	3502124	957	16	16	7ac583be625d24e13e602a3245b3ac8d5a4e0e53
images/images/text-first-line-indent.png	SAMPLES/icons-VegesEffects/named_png/images/images/text-first-line-indent.png	2900352	1041	16	16	2e0db301bbd913e8d93fc9f6cc4d12d4db6fb98b
images/images/cursor-rolling-hover@2x.png	SAMPLES/icons-VegesEffects/named_png/images/images/cursor-rolling-hover@2x.png	954463	1255	64	64	8b538435fa7effd3d68c70fa43f970b0b56b5df2
images/images/global-preset-right-checked.png	SAMPLES/icons-VegesEffects/named_png/images/images/global-preset-right-checked.png	4778386	963	16	16	837b2b85e8ede7da849ca886622cbb3a0c69ac57
images/images/margin-top@2x.png	SAMPLES/icons-VegesEffects/named_png/images/images/margin-top@2x.png	3728172	1001	32	32	42e61b2a308d13c55adfab9cb2d2f496b842eb09
images/images/checkbox-disabled-disabled.png	SAMPLES/icons-VegesEffects/named_png/images/images/checkbox-disabled-disabled.png	3616157	1050	40	15	689d671c703c0c293826789ae87d12319f5dee14
images/images/panel-expander-disabled@2x.png	SAMPLES/icons-VegesEffects/named_png/images/images/panel-expander-disabled@2x.png	261835	1008	32	32	416c58f643af9c11fb2cd6ff4ccd7ced53013cd5
images/images/dummy-transparent-checked.png	SAMPLES/icons-VegesEffects/named_png/images/images/dummy-transparent-checked.png	5208253	940	16	16	b36754490866dd2773d5d3c6eafd2e7a12474f12
images/images/play.png	SAMPLES/icons-VegesEffects/named_png/images/images/play.png	1464064	1068	16	16	c6e181adc6da87bacb87a169f19beac65e80ffe5
images/images/pentagon-outline-hover.png	SAMPLES/icons-VegesEffects/named_png/images/images/pentagon-outline-hover.png	362878	1164	16	16	fe6e7acc767cf26519342698e645434a4ff31387
images/images/caret-right-hover@2x.png	SAMPLES/icons-VegesEffects/named_png/images/images/caret-right-hover@2x.png	4324946	1108	32	32	d0ab477384ddc575b0ec10a331885c298c955a91
images/images/edit-insert-checked.png	SAMPLES/icons-VegesEffects/named_png/images/images/edit-insert-checked.png	4750890	1004	16	16	6d929ebd8a4f1403d56cd0685d182a5e05f03f27
images/images/brush-add-hover@2x.png	SAMPLES/icons-VegesEffects/named_png/images/images/brush-add-hover@2x.png	3389721	1226	32	32	de24851f4f070a760c0489a0ebc07cd99380e881
images/images/cursor-all-track-forward.png	SAMPLES/icons-VegesEffects/named_png/images/images/cursor-all-track-forward.png	5024305	1250	32	32	c3183ba540fc47f82e91f8b415040110a58e634a
images/images/stop-ram-hover.png	SAMPLES/icons-VegesEffects/named_png/images/images/stop-ram-hover.png	3501045	1075	16	16	f9b5d870e0569806a36e81e2a5647581ed919c93
images/images/distribute-horizontally@2x.png	SAMPLES/icons-VegesEffects/named_png/images/images/distribute-horizontally@2x.png	4622307	1021	32	32	f0a8239a0d8b82b4c69e9fc05ce1d998354c8ccc
images/images/text-justified.png	SAMPLES/icons-VegesEffects/named_png/images/images/text-justified.png	3952804	967	16	16	05488d54c50c7f499e104e3eb48c2b6940ed1f16
images/images/mask-subtract@2x.png	SAMPLES/icons-VegesEffects/named_png/images/images/mask-subtract@2x.png	4139633	987	32	32	b50f62ced0fda98931ddbf0a5604680d616c2553
images/images/ripple-hover.png	SAMPLES/icons-VegesEffects/named_png/images/images/ripple-hover.png	4069972	1013	16	16	58993e71ade14bdebc80530ab0db2fed13b7ee25
images/images/portrait-hover@2x.png	SAMPLES/icons-VegesEffects/named_png/images/images/portrait-hover@2x.png	1427631	1117	32	32	fd07c5813a1153d3917817f5c8e72eeb302fcb19
images/images/search-hover@2x.png	SAMPLES/icons-VegesEffects/named_png/images/images/search-hover@2x.png	3012543	1680	32	32	d9a49092ec361ed6bb795861222175dab5ffc176
images/images/add-container-south-disabled.png	SAMPLES/icons-VegesEffects/named_png/images/images/add-container-south-disabled.png	5070836	1132	32	64	97ba2ecb96468a45445ad5af42106bba4f1dd5f1
images/images/cursor-all-track-backward-checked.png	SAMPLES/icons-VegesEffects/named_png/images/images/cursor-all-track-backward-checked.png	4674742	1250	32	32	5e8525fea1827a49ab2329ea30b6b4d4ab1c34e9
images/images/home-checked@2x.png	SAMPLES/icons-VegesEffects/named_png/images/images/home-checked@2x.png	3694910	1102	32	32	368932a042429853f620494010a97ec1341c6d51
images/images/screenshot-camera.png	SAMPLES/icons-VegesEffects/named_png/images/images/screenshot-camera.png	3941972	1172	16	16	6df4724859e0337b03c6a61d67124929c779d550
images/images/mask-rounded-rect-menu-disabled@2x.png	SAMPLES/icons-VegesEffects/named_png/images/images/mask-rounded-rect-menu-disabled@2x.png	3447752	1251	32	32	4d11ee9a25b48e5b697507d88f97e9d6b19abd0a
images/images/favorites-category-checked.png	SAMPLES/icons-VegesEffects/named_png/images/images/favorites-category-checked.png	5078656	2226	64	64	8ce3b8bdeb55d87ecb89dc555da1b248bded88fc
images/images/missing-layer-checked.png	SAMPLES/icons-VegesEffects/named_png/images/images/missing-layer-checked.png	5090853	1084	16	16	3595505d5f61621815fd0e403f6e68cc29a37506
images/images/sound-on-hover.png	SAMPLES/icons-VegesEffects/named_png/images/images/sound-on-hover.png	410730	1319	16	16	b06ecf370c21422ca5c2fd103aeec42cf6511814
images/images/sound-off-checked@2x.png	SAMPLES/icons-VegesEffects/named_png/images/images/sound-off-checked@2x.png	3416459	1350	32	32	bd79457e3ee994bc3deb9e92099f0407f8852d7c
images/images/mask-inverted-disabled@2x.png	SAMPLES/icons-VegesEffects/named_png/images/images/mask-inverted-disabled@2x.png	5313353	1357	32	32	7a42f4d092b36a66ef676c052398381e7351c4e9
images/images/add-container-west@2x.png	SAMPLES/icons-VegesEffects/named_png/images/images/add-container-west@2x.png	4224057	1202	128	64	863c9e65f6d07e2df06c2dba6c26a9cfb0c53f01
images/images/line-height-disabled@2x.png	SAMPLES/icons-VegesEffects/named_png/images/images/line-height-disabled@2x.png	4683342	1354	32	32	80c2dcb6146f081e1d114ea071cce2d57345b735
images/images/proxy-queue-pause@2x.png	SAMPLES/icons-VegesEffects/named_png/images/images/proxy-queue-pause@2x.png	4393074	1413	32	32	4960aefee5bdf1099ffbb4b4b32789652b424bde
images/images/text-right-justified.png	SAMPLES/icons-VegesEffects/named_png/images/images/text-right-justified.png	3223163	971	16	16	879138052f8810ce5c6014decb67e1c1b8172d96
images/images/exclamation-double-hover.png	SAMPLES/icons-VegesEffects/named_png/images/images/exclamation-double-hover.png	2738684	1551	32	32	d0ae1edb9230382a28b5f21e92a70656ff9abf06
images/images/grid-disabled@2x.png	SAMPLES/icons-VegesEffects/named_png/images/images/grid-disabled@2x.png	5137441	1192	32	32	b5eb587591aa6e3ea9fb69c2a7696b8987eaade8
images/images/action-copy-checked.png	SAMPLES/icons-VegesEffects/named_png/images/images/action-copy-checked.png	4017014	1194	32	32	cdaad037e89d606304e78cb1c6fd9b412a3da6bd
images/images/mask-subtract-hover.png	SAMPLES/icons-VegesEffects/named_png/images/images/mask-subtract-hover.png	5381345	964	16	16	5a25a5bd4ab81211883151281e2b9e312c58a521
images/images/key-frame-auto-bezier@2x.png	SAMPLES/icons-VegesEffects/named_png/images/images/key-frame-auto-bezier@2x.png	2804720	1269	32	32	55bdd3c5e48d8f6415ebba45d57535043f2eac05
images/images/radio-checked-disabled.png	SAMPLES/icons-VegesEffects/named_png/images/images/radio-checked-disabled.png	128375	1172	16	16	2173dd48ca6e94146faa32fadd99855f63fcf001
images/images/center-disabled.png	SAMPLES/icons-VegesEffects/named_png/images/images/center-disabled.png	4230101	967	16	16	c292aeb905baca208c662c32c63d3ca9d7cd4880
images/images/text-justified-checked.png	SAMPLES/icons-VegesEffects/named_png/images/images/text-justified-checked.png	3373131	953	16	16	93a36bb3859eba93a9524a815d2456bdaa068b9b
images/images/text-right-justified-disabled.png	SAMPLES/icons-VegesEffects/named_png/images/images/text-right-justified-disabled.png	5464279	967	16	16	0a568e83014b7a8433a905ec29be7cd653504f42
images/images/cursor-slice-invalid.png	SAMPLES/icons-VegesEffects/named_png/images/images/cursor-slice-invalid.png	113866	1212	32	32	99943a7d529215f3629897ec43744e4c40778ef0
images/images/cursor-slide-invalid.png	SAMPLES/icons-VegesEffects/named_png/images/images/cursor-slide-invalid.png	5415430	1100	32	32	8b0f6efe0c07efe64f636f692fe64357a008950d
images/images/large-stop@2x.png	SAMPLES/icons-VegesEffects/named_png/images/images/large-stop@2x.png	3611344	1194	64	64	f572f8630cccdf352d2da314e9674569edb34c05
images/images/white-checked@2x.png	SAMPLES/icons-VegesEffects/named_png/images/images/white-checked@2x.png	225348	973	32	32	833c7080ed78c50f80f08e05db3d07d79579d03d
images/images/pin-hover.png	SAMPLES/icons-VegesEffects/named_png/images/images/pin-hover.png	4751898	1206	16	16	6956f9b7119ed92d2af1ce11e517f239a15f3ff1
images/images/panel-expander-checked@2x.png	SAMPLES/icons-VegesEffects/named_png/images/images/panel-expander-checked@2x.png	4131267	989	32	32	010ec0bdd9028d23fc7a29aa23eae3bf015addd8
images/images/key-frame-off-hover.png	SAMPLES/icons-VegesEffects/named_png/images/images/key-frame-off-hover.png	3380596	1134	16	16	ea0ac16fd4b7fee3c7ca1697c45cdd73b9839217
images/images/layout-right-hover@2x.png	SAMPLES/icons-VegesEffects/named_png/images/images/layout-right-hover@2x.png	5446278	1788	460	232	3e5a2287696747612219a5e3fa4432e6002a1a29
images/images/italic@2x.png	SAMPLES/icons-VegesEffects/named_png/images/images/italic@2x.png	2909767	1117	32	32	fe728b9aae667ddd68167435a4d97bc3f40b0635
images/images/folder-open-large-disabled@2x.png	SAMPLES/icons-VegesEffects/named_png/images/images/folder-open-large-disabled@2x.png	487238	1541	128	128	b9a40173f203cff38cc43ee6492c28fa62286aa1
images/images/restore-window@2x.png	SAMPLES/icons-VegesEffects/named_png/images/images/restore-window@2x.png	4000831	1023	32	32	96586dc86ac298308e87243dda42f87122a51a02
images/images/mask-select-point-checked@2x.png	SAMPLES/icons-VegesEffects/named_png/images/images/mask-select-point-checked@2x.png	4027484	1332	32	32	77fafcf9624294921726adf05c96af60f2e6dd9e
images/images/file-picture-hover@2x.png	SAMPLES/icons-VegesEffects/named_png/images/images/file-picture-hover@2x.png	3010205	1260	32	32	d93cace55748ee7b9866f6ad78d1187a3f8b0694
images/images/folder-open@2x.png	SAMPLES/icons-VegesEffects/named_png/images/images/folder-open@2x.png	4377867	1245	32	32	c8e28ec9df88bd1bd35ea947101fa856980de840
images/images/close-window-hover@2x.png	SAMPLES/icons-VegesEffects/named_png/images/images/close-window-hover@2x.png	4338407	1093	32	32	0c0682f2367db3cf607f541a0c9f67621a540948
images/images/screenshot-camera-checked.png	SAMPLES/icons-VegesEffects/named_png/images/images/screenshot-camera-checked.png	3509674	1144	16	16	7f049a8591f28d39fc988dab88e14c6e311161ce
images/images/composite-shot@2x.png	SAMPLES/icons-VegesEffects/named_png/images/images/composite-shot@2x.png	4058822	1162	32	32	02c46e4d2c401cf95222997bcd175e5560845bd8
images/images/color-wheel-handle-checked.png	SAMPLES/icons-VegesEffects/named_png/images/images/color-wheel-handle-checked.png	311037	1219	122	122	08136fa37772d8bb3335a21875464abb138eaaf8
images/images/layout-2-2-hover.png	SAMPLES/icons-VegesEffects/named_png/images/images/layout-2-2-hover.png	5237357	956	16	16	4c4ef14d9c7e7407d03ec604a056d58738b049b1
images/images/text-bottom-indent-hover.png	SAMPLES/icons-VegesEffects/named_png/images/images/text-bottom-indent-hover.png	3325927	1004	16	16	cc5464d1e926a1ede757895d291100e365e39105
images/images/slider-alpha-tile@2x.png	SAMPLES/icons-VegesEffects/named_png/images/images/slider-alpha-tile@2x.png	233592	952	20	20	7ea28920a5c68e007534e539ade429f77c85e55e
images/images/global-preset-right.png	SAMPLES/icons-VegesEffects/named_png/images/images/global-preset-right.png	2745008	977	16	16	6c0222552b2de523a46423e49bb88bbda9b19d6f
images/images/sound-off-checked.png	SAMPLES/icons-VegesEffects/named_png/images/images/sound-off-checked.png	1152138	1231	16	16	a35315b77d9f75be0939430e0ae8da8821e55746
images/images/constant-hover@2x.png	SAMPLES/icons-VegesEffects/named_png/images/images/constant-hover@2x.png	1166964	984	32	32	4fb18dbb11118b09c6ae032158758400ee2d9bab
images/images/text-top-align-hover@2x.png	SAMPLES/icons-VegesEffects/named_png/images/images/text-top-align-hover@2x.png	1300372	1059	32	32	fa3b820138a585331eef1bd16026efbb60694115
images/images/text-top-indent-hover.png	SAMPLES/icons-VegesEffects/named_png/images/images/text-top-indent-hover.png	4496130	1006	16	16	b8f95ba38a4e2d2a9d92ddcf59d4a3c786375314
images/images/layout-2-1-checked.png	SAMPLES/icons-VegesEffects/named_png/images/images/layout-2-1-checked.png	5063932	958	16	16	cded43326587c135d4f55ef95a1aca2dbeccd7d4
images/images/cursor-rolling-invalid-disabled.png	SAMPLES/icons-VegesEffects/named_png/images/images/cursor-rolling-invalid-disabled.png	5455627	1104	32	32	81295aaf6ce9687b85f2d8b4b7aa07c69ad02522
images/images/mask-bend-path-checked.png	SAMPLES/icons-VegesEffects/named_png/images/images/mask-bend-path-checked.png	1281394	1248	16	16	945669e71b7981f5b38e38b2772bb1a747619a17
images/images/workspaces-disabled@2x.png	SAMPLES/icons-VegesEffects/named_png/images/images/workspaces-disabled@2x.png	218701	1013	32	32	70330fb61ed5bfe1dbe2522b8d1b1911e9752b66
images/images/top-right-checked.png	SAMPLES/icons-VegesEffects/named_png/images/images/top-right-checked.png	3151566	980	16	16	febfdb425746e6fe78420357c328966f00887f95
images/images/curves-s-disabled.png	SAMPLES/icons-VegesEffects/named_png/images/images/curves-s-disabled.png	3420039	1086	16	16	1da9433a876113008a4031a8976364befd867a5a
images/images/layout-2-1-hover.png	SAMPLES/icons-VegesEffects/named_png/images/images/layout-2-1-hover.png	4157951	958	16	16	abecd415193ba1368ca405f38cc1722d2e5de6f0
images/images/camera-orbit-checked@2x.png	SAMPLES/icons-VegesEffects/named_png/images/images/camera-orbit-checked@2x.png	503674	1272	32	32	ebad16e217271a78857cf5780f77774ab1dc10d2
images/images/align-vertically-checked.png	SAMPLES/icons-VegesEffects/named_png/images/images/align-vertically-checked.png	2715178	974	16	16	e231cc3f023113762439e5add9d69e46988de0d4
images/images/action-copy-checked@2x.png	SAMPLES/icons-VegesEffects/named_png/images/images/action-copy-checked@2x.png	4418466	1355	64	64	5cd6c02731d009c1ab05bb710aa1bbd6f6b6bd39
images/images/mask-cutout-checked.png	SAMPLES/icons-VegesEffects/named_png/images/images/mask-cutout-checked.png	4950453	1090	16	16	955291fe15ca2ce4704b45de230ec73b1f3e062e
images/images/action-copy-disabled.png	SAMPLES/icons-VegesEffects/named_png/images/images/action-copy-disabled.png	1377932	1304	32	32	a1012538059e8ca0b912c835c6482d2bb7c2d785
images/images/publish-checked@2x.png	SAMPLES/icons-VegesEffects/named_png/images/images/publish-checked@2x.png	5576038	1328	32	32	2fb9fa24cea7b4bcc00483dc2548e00c62c4c814
images/images/point-white-checked@2x.png	SAMPLES/icons-VegesEffects/named_png/images/images/point-white-checked@2x.png	1066656	973	32	32	93e53710dddbb33de00cf1e83f0dff13ee48e574
images/images/subscript-hover@2x.png	SAMPLES/icons-VegesEffects/named_png/images/images/subscript-hover@2x.png	3100799	1057	32	32	2ffcd0e860d1cdfa05db4c01f5bb303270be3115
images/images/camera-dolly@2x.png	SAMPLES/icons-VegesEffects/named_png/images/images/camera-dolly@2x.png	5054829	1304	64	64	2ad27c815fc0f86031521e4c04d292a0b3fd08d0
images/images/distribute-right-checked.png	SAMPLES/icons-VegesEffects/named_png/images/images/distribute-right-checked.png	5023329	972	16	16	a8890e2628c70c329b1b3056607f9f1632d853e7
images/images/preset-3d-disabled.png	SAMPLES/icons-VegesEffects/named_png/images/images/preset-3d-disabled.png	3647995	1187	16	16	fd8436ed5f3c5700d148fb65a6dd10050b8cfe0c
images/images/preset-2d-disabled.png	SAMPLES/icons-VegesEffects/named_png/images/images/preset-2d-disabled.png	1447208	1053	16	16	8d23364d5157a3b5c7033f2a3134a6fe580aa776
images/images/color-wheel-midtones.png	SAMPLES/icons-VegesEffects/named_png/images/images/color-wheel-midtones.png	3529372	2099	114	114	acda6e32bb1810376e543dbe7ed8472937dde580
images/images/mask-polygon.png	SAMPLES/icons-VegesEffects/named_png/images/images/mask-polygon.png	245539	1143	16	16	3fba47bb785a5c052083370b6c4c7c720c88b9bd
images/images/frame-previous-checked.png	SAMPLES/icons-VegesEffects/named_png/images/images/frame-previous-checked.png	4117291	995	16	16	8e240df4da3259bb9a24ab8db9ffeb847510b122
images/images/layout-right-checked@2x.png	SAMPLES/icons-VegesEffects/named_png/images/images/layout-right-checked@2x.png	3776137	1788	460	232	10e1e9164eebe8965ccd5221d69ec6ed5ce8f479
images/images/strikethrough@2x.png	SAMPLES/icons-VegesEffects/named_png/images/images/strikethrough@2x.png	4110746	1027	32	32	a95ce452b38eed8e7b46c9fad7a93fef18d84fa7
images/images/animation-graph-checked.png	SAMPLES/icons-VegesEffects/named_png/images/images/animation-graph-checked.png	5348219	1021	16	16	aab67190b74a88d44bf23e7fafb02dc29ebcbfdf
images/images/timeline-details-checked@2x.png	SAMPLES/icons-VegesEffects/named_png/images/images/timeline-details-checked@2x.png	3772489	977	32	32	22b9ce4ef7b41cdf38b056be4b9c5ad2a9b6454e
images/images/italic.png	SAMPLES/icons-VegesEffects/named_png/images/images/italic.png	3128908	1037	16	16	8ef4c4d6907681f9dd70fdb77a2657efd23e1ac8
images/images/cursor-slip-checked@2x.png	SAMPLES/icons-VegesEffects/named_png/images/images/cursor-slip-checked@2x.png	4132260	1210	64	64	af6e3165dc98ce2c99fc81a013f04bcedbccf71c
images/images/superscirpt-disabled@2x.png	SAMPLES/icons-VegesEffects/named_png/images/images/superscirpt-disabled@2x.png	2845693	1069	32	32	0d665d2812f759ad95ea4b434c02d6ef0268ef1b
images/images/proxy-complete-checked@2x.png	SAMPLES/icons-VegesEffects/named_png/images/images/proxy-complete-checked@2x.png	1297076	1190	32	32	047b312e03441c7067cb6f252599110c4a607b24
images/images/slip.png	SAMPLES/icons-VegesEffects/named_png/images/images/slip.png	3681831	1069	16	16	f7efa82a0e1dd3d285074e16e8d3fc346b3b06e2
images/images/layout-distribute-between-horizontal.png	SAMPLES/icons-VegesEffects/named_png/images/images/layout-distribute-between-horizontal.png	3021619	1019	16	16	7428c0cd0887a9e1d06fe23bef7e70a236dcaf73
images/images/mask-break-path-hover.png	SAMPLES/icons-VegesEffects/named_png/images/images/mask-break-path-hover.png	2806203	1305	16	16	327a209fda195193b54c9c0a9912b26593581ff9
images/images/text-right-indent-checked.png	SAMPLES/icons-VegesEffects/named_png/images/images/text-right-indent-checked.png	275934	1024	16	16	3df3b688156676febf80456789570b7eb3d0fd12
images/images/linked-checked.png	SAMPLES/icons-VegesEffects/named_png/images/images/linked-checked.png	4404996	1316	16	16	9724056dcdf716c806ca69f81457c6bafe3bb6f5
images/images/hendecagon-outline-disabled@2x.png	SAMPLES/icons-VegesEffects/named_png/images/images/hendecagon-outline-disabled@2x.png	1005417	1422	32	32	eb60db156b975bf823515f4f0537f440c8ecb9ce
images/images/material-toggle-hover.png	SAMPLES/icons-VegesEffects/named_png/images/images/material-toggle-hover.png	102388	1073	16	16	d57cf7fadc055dde3887c25566d7e5ab08f5bb76
images/images/pause-disabled@2x.png	SAMPLES/icons-VegesEffects/named_png/images/images/pause-disabled@2x.png	3066496	987	32	32	7a338ba656bc310001c209945f474206f5dfad8d
images/images/cursor-resize-invalid@2x.png	SAMPLES/icons-VegesEffects/named_png/images/images/cursor-resize-invalid@2x.png	4321073	1541	64	64	09e88a7abbad63425d7809c09504913a103477d9
images/images/hud-textbox-overflow-checked@2x.png	SAMPLES/icons-VegesEffects/named_png/images/images/hud-textbox-overflow-checked@2x.png	92193	1295	32	32	32f5642fbefa35f3c1c49b9d0a7b7a448ca51a26
images/images/key-frame-hold@2x.png	SAMPLES/icons-VegesEffects/named_png/images/images/key-frame-hold@2x.png	2726334	993	32	32	2ca9b2cad35eec6d0ab6c79bf9188cba9208b361
images/images/brush-add-disabled@2x.png	SAMPLES/icons-VegesEffects/named_png/images/images/brush-add-disabled@2x.png	548392	1308	32	32	f45d78b43844bd2a229aca2b7160689144f60bd2
images/images/mask-disabled@2x.png	SAMPLES/icons-VegesEffects/named_png/images/images/mask-disabled@2x.png	4640325	1298	32	32	1228df8a9ea0297a9636aa7fa4797b61c0073c8d
images/images/locked-checked.png	SAMPLES/icons-VegesEffects/named_png/images/images/locked-checked.png	3159227	1200	16	16	89528c3b113948db20c2ed5dbdad2f0906950816
images/images/key-frame-full@2x.png	SAMPLES/icons-VegesEffects/named_png/images/images/key-frame-full@2x.png	4656271	1387	32	32	83d4b60bc7388be4dc20120b09474851f16dec6e
images/images/clipboard-copy-hover.png	SAMPLES/icons-VegesEffects/named_png/images/images/clipboard-copy-hover.png	3182808	1226	16	16	a7147d2e8b7ead2802697c622c205cb4e6d47d26
images/images/distribute-left-checked.png	SAMPLES/icons-VegesEffects/named_png/images/images/distribute-left-checked.png	4169632	967	16	16	1b3ec82320a24bcaa2db555e18903f78d4a35a92
images/images/pointer-menu.png	SAMPLES/icons-VegesEffects/named_png/images/images/pointer-menu.png	4282286	1295	16	16	96c5b1546fc03186e3a9bcb2601d72f8fb2c12de
images/images/adjustment-layer.png	SAMPLES/icons-VegesEffects/named_png/images/images/adjustment-layer.png	5471624	1232	16	16	a22472c189c35b5c3aa78730ad48013e380ef441
images/images/magnet-checked.png	SAMPLES/icons-VegesEffects/named_png/images/images/magnet-checked.png	554821	1189	16	16	68d52845c235cc522c92983c23ad60fca68c8463
images/images/radio-checked-hover@2x.png	SAMPLES/icons-VegesEffects/named_png/images/images/radio-checked-hover@2x.png	1087896	1312	32	32	2ede826caa8425fcb92c3916cf900101dd2ca37d
images/images/checkbox-disabled-hover@2x.png	SAMPLES/icons-VegesEffects/named_png/images/images/checkbox-disabled-hover@2x.png	4253784	1142	80	30	dfacafe01111649348c83ca6c60b352ebce7fb49
images/images/landscape-checked.png	SAMPLES/icons-VegesEffects/named_png/images/images/landscape-checked.png	1303433	1053	16	16	7da3f7bebdefe2b4c8e33365619c3db69660d4d6
images/images/margin-right-checked.png	SAMPLES/icons-VegesEffects/named_png/images/images/margin-right-checked.png	5003339	969	16	16	564f33f330f5a359a3ce0642e1dc56f361d17422
images/images/layout-canvas-right-checked.png	SAMPLES/icons-VegesEffects/named_png/images/images/layout-canvas-right-checked.png	246686	990	16	16	e129c6aed42d3b7be14a38dcd2fad280275afddf
images/images/mask-intersect-hover.png	SAMPLES/icons-VegesEffects/named_png/images/images/mask-intersect-hover.png	2940360	978	16	16	6fc5b0689a0ad797a80092ea748fb55e9336ae39
images/images/ripple-checked@2x.png	SAMPLES/icons-VegesEffects/named_png/images/images/ripple-checked@2x.png	1356127	1091	32	32	9d0bcd7a50c9ad0f3635efa779ddbcacff676cd4
images/images/global-preset-left.png	SAMPLES/icons-VegesEffects/named_png/images/images/global-preset-left.png	1289396	982	16	16	6dc9adffd4c5b7eb179730bc8b9b3ef79fbca585
images/images/cursor-ripple-left-disabled@2x.png	SAMPLES/icons-VegesEffects/named_png/images/images/cursor-ripple-left-disabled@2x.png	4138075	1554	64	64	6e9d9ba0d8b53eb8cf4689e16f9cf3f4a34e29b8
images/images/caret-right-disabled.png	SAMPLES/icons-VegesEffects/named_png/images/images/caret-right-disabled.png	3689674	1041	16	16	35283a40e9dfa6962b729d3eb383cfa139b9ac3a
images/images/pin-checked@2x.png	SAMPLES/icons-VegesEffects/named_png/images/images/pin-checked@2x.png	179092	1463	32	32	cb27693ca3de73d9ee2845d776081bdd8dc00de1
images/images/brush-add-disabled.png	SAMPLES/icons-VegesEffects/named_png/images/images/brush-add-disabled.png	2826089	1152	16	16	5954fb3b65954e4280db99e24bb2e447abd9bf1c
images/images/vegas-effects-new-file@2x.png	SAMPLES/icons-VegesEffects/named_png/images/images/vegas-effects-new-file@2x.png	5267990	1235	32	32	1389909ff47356f4f52dbd407af5e6122f2df958
images/images/black-caret-hover.png	SAMPLES/icons-VegesEffects/named_png/images/images/black-caret-hover.png	252718	981	16	16	5de6cac803c4f27cb470187d9cbf0bd4a3dc77e6
images/images/star-filled-checked.png	SAMPLES/icons-VegesEffects/named_png/images/images/star-filled-checked.png	4667903	1107	16	16	b03077da626d1a71ec77c65300e86dc2cf16ef76
images/images/check-only-blue-checked.png	SAMPLES/icons-VegesEffects/named_png/images/images/check-only-blue-checked.png	5345977	1042	16	16	015746f2d839638b2baa68ab202b7b64c6c47b47
images/images/mask-add-point-hover.png	SAMPLES/icons-VegesEffects/named_png/images/images/mask-add-point-hover.png	3722295	1283	16	16	ba0e7753b821132703906292e308dc4c0c254232
images/images/search-disabled.png	SAMPLES/icons-VegesEffects/named_png/images/images/search-disabled.png	1198893	1306	16	16	d64b907c2f3fa57445f69723f80f8afd26ad0a73
images/images/portrait-disabled.png	SAMPLES/icons-VegesEffects/named_png/images/images/portrait-disabled.png	486182	1052	16	16	03485f14978255a4e302bd708d5a777fc60ad387
images/images/mask-move-point-hover.png	SAMPLES/icons-VegesEffects/named_png/images/images/mask-move-point-hover.png	3579140	1309	16	16	e9549abd905fa7f6c25515058b47e84ccf06a7f1
images/images/add-container-south-hover@2x.png	SAMPLES/icons-VegesEffects/named_png/images/images/add-container-south-hover@2x.png	130920	1202	64	128	01874660b0dc5a6787ec11bf118b43153cd431fd
images/images/caret-down-hover.png	SAMPLES/icons-VegesEffects/named_png/images/images/caret-down-hover.png	305184	1030	16	16	3035001ae4908a043168b3ee8a9ff36ad138321f
images/images/search-disabled@2x.png	SAMPLES/icons-VegesEffects/named_png/images/images/search-disabled@2x.png	231940	1648	32	32	df71ae3ce901f1873a947a59a46fb43c70535b19
images/images/video-on-hover.png	SAMPLES/icons-VegesEffects/named_png/images/images/video-on-hover.png	4599289	1440	16	16	bcdfcbfa52dfe147ce2317af54738b020630602e
images/images/file@2x.png	SAMPLES/icons-VegesEffects/named_png/images/images/file@2x.png	964528	1068	32	32	847ee0c3131b0a3bb18e76beb3820c1f3b3cbacd
images/images/close-checked@2x.png	SAMPLES/icons-VegesEffects/named_png/images/images/close-checked@2x.png	4741001	1069	32	32	9bfc27c2a70c75bd5f9a5800c8bd50a59803ff52
images/images/font@2x.png	SAMPLES/icons-VegesEffects/named_png/images/images/font@2x.png	953193	1266	32	32	9e8bdcefa5aa1200fdf5db4d6a7bca171e5d321f
images/images/pipette@2x.png	SAMPLES/icons-VegesEffects/named_png/images/images/pipette@2x.png	5377479	1406	32	32	a3f6a2cd9503416e6923695d44455d45a596f775
images/images/hendecagon-outline@2x.png	SAMPLES/icons-VegesEffects/named_png/images/images/hendecagon-outline@2x.png	3560232	1416	32	32	a87b2fa5263032e6f70d5412b3d4b4f38bd903ee
images/images/layout-4@2x.png	SAMPLES/icons-VegesEffects/named_png/images/images/layout-4@2x.png	947493	982	32	32	7ea42fe0aa6eb7881729b8aeba9d5ad67fd27b26
images/images/layout-1@2x.png	SAMPLES/icons-VegesEffects/named_png/images/images/layout-1@2x.png	393817	979	32	32	73093a0ca0d39948673e79a12e14b5518a1dd428
images/images/layout-2@2x.png	SAMPLES/icons-VegesEffects/named_png/images/images/layout-2@2x.png	5257229	980	32	32	c56dd4d6b385f442e3e4e033c592290316e118c2
images/images/pen-menu-checked@2x.png	SAMPLES/icons-VegesEffects/named_png/images/images/pen-menu-checked@2x.png	1162219	1301	32	32	63a3afc0036d4a9c4532ce1d1686d0f9488b535e
images/images/cursor-rolling-invalid-hover@2x.png	SAMPLES/icons-VegesEffects/named_png/images/images/cursor-rolling-invalid-hover@2x.png	539251	1313	64	64	15c39ab689c393c4f5bdba2aed54e859701334a4
images/images/curves-s-hover@2x.png	SAMPLES/icons-VegesEffects/named_png/images/images/curves-s-hover@2x.png	1117162	1205	32	32	c38ca443270addb4ba313e469d06f1969db070ff
images/images/home@2x.png	SAMPLES/icons-VegesEffects/named_png/images/images/home@2x.png	1276274	1136	32	32	a8d9f5d0500e0db08523143dd06550acc4ac71ce
images/images/gray@2x.png	SAMPLES/icons-VegesEffects/named_png/images/images/gray@2x.png	2772161	978	32	32	8a2c883d1b17d7180b0b6143a879a9d2c3a83352
images/images/grid@2x.png	SAMPLES/icons-VegesEffects/named_png/images/images/grid@2x.png	5463054	1221	32	32	b749f7124f6c8409722af67c9c4d35f06e5cbcb6
images/images/hand@2x.png	SAMPLES/icons-VegesEffects/named_png/images/images/hand@2x.png	4450478	1346	32	32	39a298c358c4e09af8adee9d70d34dbe31f4ecdd
images/images/help@2x.png	SAMPLES/icons-VegesEffects/named_png/images/images/help@2x.png	79246	1714	32	32	9e75e3ebfe7e459177bbc1bcc570f2eaf0ae0e6c
images/images/layout-canvas-right-checked@2x.png	SAMPLES/icons-VegesEffects/named_png/images/images/layout-canvas-right-checked@2x.png	3161419	1026	32	32	4fe7aa73b3361271091e9ddcc190dd8ed746061e
images/images/mask-select-point-disabled@2x.png	SAMPLES/icons-VegesEffects/named_png/images/images/mask-select-point-disabled@2x.png	422199	1339	32	32	806dd1c7f603718b5ea9e5b4ae561091ce20ffaf
images/images/slider-alpha-light-tile.png	SAMPLES/icons-VegesEffects/named_png/images/images/slider-alpha-light-tile.png	510083	950	10	10	126d36462b24b64c925064e0f35135bd9708131c
images/images/bold@2x.png	SAMPLES/icons-VegesEffects/named_png/images/images/bold@2x.png	1454125	1214	32	32	4751e7a20b867a495d4847375a0fbf1db3244aed
images/images/add-composite-shot-checked.png	SAMPLES/icons-VegesEffects/named_png/images/images/add-composite-shot-checked.png	336221	1049	16	16	881d3d9135bab213792f3a0e987e73c24ea65e8a
images/images/auto@2x.png	SAMPLES/icons-VegesEffects/named_png/images/images/auto@2x.png	350297	1546	76	32	6e80f28a89393fc9fad7a20092081f76acf0c5b7
images/images/action-copy-hover@2x.png	SAMPLES/icons-VegesEffects/named_png/images/images/action-copy-hover@2x.png	3196071	1355	64	64	807ef2ab07588d2e28815a5ab01667b8c1cd137d
images/images/file-comp-preview.png	SAMPLES/icons-VegesEffects/named_png/images/images/file-comp-preview.png	941707	1438	106	60	3be6bbd20eaed8d41a599d2308e79bc9d1c21120
images/images/text-gap-before-paragraph.png	SAMPLES/icons-VegesEffects/named_png/images/images/text-gap-before-paragraph.png	4859076	988	16	16	998f9e425c0be35159897b6da570850ae5aed9b1
images/images/crop@2x.png	SAMPLES/icons-VegesEffects/named_png/images/images/crop@2x.png	4828071	1105	32	32	1ef117686163facd47b0287c8f1fa2580810814f
images/images/subscript-disabled.png	SAMPLES/icons-VegesEffects/named_png/images/images/subscript-disabled.png	4191774	1029	16	16	4579eed7450f1fa18d6cbc92cb0610a43faaa2a0
images/images/preset-2d-hover@2x.png	SAMPLES/icons-VegesEffects/named_png/images/images/preset-2d-hover@2x.png	3243060	1082	32	32	918f7574a79f6b394eb2780d63b9ef9b599af5bc
images/images/preset-3d-hover@2x.png	SAMPLES/icons-VegesEffects/named_png/images/images/preset-3d-hover@2x.png	4283585	1358	32	32	687da74b399fa4d125ff10af248f2bb880e8abe4
images/images/font-color-hover.png	SAMPLES/icons-VegesEffects/named_png/images/images/font-color-hover.png	4146402	1073	16	16	e792a695d14e3e4a09c2b813fe506f872996fdbd
images/images/vegas-image-new-file-checked@2x.png	SAMPLES/icons-VegesEffects/named_png/images/images/vegas-image-new-file-checked@2x.png	2814389	1261	32	32	1b302197fc7245fce842521df79b0444972a60b7
images/images/bezier-hover.png	SAMPLES/icons-VegesEffects/named_png/images/images/bezier-hover.png	3382807	1046	16	16	9798d59181c2411437a44d412fe3c24a4fecf95e
images/images/file-audio-filter-disabled@2x.png	SAMPLES/icons-VegesEffects/named_png/images/images/file-audio-filter-disabled@2x.png	3490605	1347	32	32	b502e33a44768877b2e3a78107f67fdd56d6b8d1
images/images/cursor-stretch-right-disabled@2x.png	SAMPLES/icons-VegesEffects/named_png/images/images/cursor-stretch-right-disabled@2x.png	3436116	1531	64	64	e745fbe885ca2ff9ff10d7aec4a90c3b60cf5613
images/images/file-3d-animation-preview-hover.png	SAMPLES/icons-VegesEffects/named_png/images/images/file-3d-animation-preview-hover.png	5198684	2252	106	60	0b9528081d10b2847a9aec0c7b9753ef0287109d
images/images/gray-disabled@2x.png	SAMPLES/icons-VegesEffects/named_png/images/images/gray-disabled@2x.png	2963518	975	32	32	fe5e48a61780958ff1fda47810595c4a7b85b6c4
images/images/layout-canvas-bottom@2x.png	SAMPLES/icons-VegesEffects/named_png/images/images/layout-canvas-bottom@2x.png	3245130	1043	32	32	da665094b3e88a09dc23fd96bed97d0d7789b06b
images/images/proxy-queue-checked.png	SAMPLES/icons-VegesEffects/named_png/images/images/proxy-queue-checked.png	3332344	1140	16	16	f1eb1ad47ea42612912ad17b4d42d9ca8121ecb8
images/images/pen-checked@2x.png	SAMPLES/icons-VegesEffects/named_png/images/images/pen-checked@2x.png	2974915	1297	32	32	1c488670a93d509a3cd5950c0cef73472957f3f1
images/images/center-hover@2x.png	SAMPLES/icons-VegesEffects/named_png/images/images/center-hover@2x.png	4899245	981	32	32	2b07dd426ee566e8e28e0293299c9b2842effcf2
images/images/layout-checked.png	SAMPLES/icons-VegesEffects/named_png/images/images/layout-checked.png	3145479	1070	16	16	eb25dea865d4b08f38e64246db419624431b6453
images/images/export-canvas-hover.png	SAMPLES/icons-VegesEffects/named_png/images/images/export-canvas-hover.png	3142432	1017	16	16	80c1ad7ffba71d554c87387d4135c13f3ca91ed6
images/images/text-middle-align-disabled@2x.png	SAMPLES/icons-VegesEffects/named_png/images/images/text-middle-align-disabled@2x.png	5474032	1137	32	32	45f2169c3e82d106647677f6590cd32424a673ef
images/images/text-right-justified-hover@2x.png	SAMPLES/icons-VegesEffects/named_png/images/images/text-right-justified-hover@2x.png	550660	982	32	32	864a88b56208634421db8e242f66d18b6653440b
images/images/undo@2x.png	SAMPLES/icons-VegesEffects/named_png/images/images/undo@2x.png	467525	1357	32	32	2ab9f1d6443bf2ead8ac21344621547c1326681a
images/images/effect-ofx-plugin-disabled@2x.png	SAMPLES/icons-VegesEffects/named_png/images/images/effect-ofx-plugin-disabled@2x.png	4120970	1367	32	32	1583d549cd511f7d108b3a25efab9fd36ca51991
images/images/snap-disabled@2x.png	SAMPLES/icons-VegesEffects/named_png/images/images/snap-disabled@2x.png	4982725	1285	32	32	cf73f2d7d461ceefa1e4fb85f2fc4ec99b92e586
images/images/key-frame-next@2x.png	SAMPLES/icons-VegesEffects/named_png/images/images/key-frame-next@2x.png	357046	1155	32	32	7652625dffd519a34ff122e822291559ac4c6bc1
images/images/save@2x.png	SAMPLES/icons-VegesEffects/named_png/images/images/save@2x.png	326475	1224	32	32	feb6764558f1fc5a0764b847e64b04b36c231053
images/images/mask-circle@2x.png	SAMPLES/icons-VegesEffects/named_png/images/images/mask-circle@2x.png	5563709	1470	32	32	4aaf57d2beb47ae464439d8f93215032221c48f2
images/images/roll@2x.png	SAMPLES/icons-VegesEffects/named_png/images/images/roll@2x.png	1226372	1108	32	32	d6e68434115d8278dfea3ef31a30f1a1bf1119f3
images/images/redo@2x.png	SAMPLES/icons-VegesEffects/named_png/images/images/redo@2x.png	3744123	1376	32	32	4fbb6356292ed67f3e09de9132681b758b869c4a
images/images/layout-right-disabled.png	SAMPLES/icons-VegesEffects/named_png/images/images/layout-right-disabled.png	4821509	1295	230	116	3b1f77188f08446679813ecd1bfa648a7b5a1ac0
images/images/clipboard-paste.png	SAMPLES/icons-VegesEffects/named_png/images/images/clipboard-paste.png	2995804	1241	16	16	3d55096de516410b29f281f7dba525d7caedb011
images/images/cursor-stretch-left-disabled@2x.png	SAMPLES/icons-VegesEffects/named_png/images/images/cursor-stretch-left-disabled@2x.png	4336849	1554	64	64	98e55c7c8e29ea8fd7630d58a89a9373a0338a05
images/images/text-top-align-hover.png	SAMPLES/icons-VegesEffects/named_png/images/images/text-top-align-hover.png	7938	1004	16	16	de486d4affa8160c2986a1d2f417ddab49de44c4
images/images/effect-behavior-plugin-checked@2x.png	SAMPLES/icons-VegesEffects/named_png/images/images/effect-behavior-plugin-checked@2x.png	301436	1394	32	32	b253e558ae26db6190139c8228ee95672f77b24a
images/images/file-picture-disabled.png	SAMPLES/icons-VegesEffects/named_png/images/images/file-picture-disabled.png	1191474	1123	16	16	d6b5dfe28a13841dbd4c9c9fd4630254e66f0cf4
images/images/slip@2x.png	SAMPLES/icons-VegesEffects/named_png/images/images/slip@2x.png	4226471	1131	32	32	338c2c34ffc54223b8176174536c7c71f7495d74
images/images/snap@2x.png	SAMPLES/icons-VegesEffects/named_png/images/images/snap@2x.png	3944294	1332	32	32	443bcb7c0b4ccf6c0b4f934e4b5d93461e7c6556
images/images/list-sort-desc-disabled@2x.png	SAMPLES/icons-VegesEffects/named_png/images/images/list-sort-desc-disabled@2x.png	4755288	1359	32	32	51a8ab7ea3e655bd6fa962c30c5e912241c67ec0
images/images/close-window-disabled.png	SAMPLES/icons-VegesEffects/named_png/images/images/close-window-disabled.png	3701413	1074	16	16	ae9908fbfabe5acdc3fe1db5352a5f10d10e1420
images/images/capitalize-checked.png	SAMPLES/icons-VegesEffects/named_png/images/images/capitalize-checked.png	4163308	1041	16	16	452fb7ca74ca476c0453c5eb255105e36f47f7d3
images/images/name@2x.png	SAMPLES/icons-VegesEffects/named_png/images/images/name@2x.png	2864895	5303	412	64	f72eeba7044395498bcd75d8a22697bf35baaad3
images/images/text-left-align.png	SAMPLES/icons-VegesEffects/named_png/images/images/text-left-align.png	1048879	975	16	16	8c196d4b353db1853abb191e0b9b4253c2fef73f
images/images/margin-bottom@2x.png	SAMPLES/icons-VegesEffects/named_png/images/images/margin-bottom@2x.png	4312615	998	32	32	422295da6cc96bdbbfe7c216deafb881e460d387
images/images/play@2x.png	SAMPLES/icons-VegesEffects/named_png/images/images/play@2x.png	1135042	1130	32	32	5d96b75c76ffd4f0fec325ac42e7d62449776b6a
images/images/action-ignore-checked.png	SAMPLES/icons-VegesEffects/named_png/images/images/action-ignore-checked.png	3481187	1320	32	32	6efcbd838c5b5c5086209a2751976da1e30c03cb
images/images/loop-checked@2x.png	SAMPLES/icons-VegesEffects/named_png/images/images/loop-checked@2x.png	1318552	1074	32	32	59a7ae409991297f901c14fcdf613adb5f31e3bb
images/images/ripple-menu-checked@2x.png	SAMPLES/icons-VegesEffects/named_png/images/images/ripple-menu-checked@2x.png	3559116	1112	32	32	41f0653403b1bbd9e2dc02f200a224ad8ad294eb
images/images/mask@2x.png	SAMPLES/icons-VegesEffects/named_png/images/images/mask@2x.png	4866451	1293	32	32	5457907c3280b03097d0e70f7a3a51b4b2487799
images/images/menu@2x.png	SAMPLES/icons-VegesEffects/named_png/images/images/menu@2x.png	4037999	983	32	32	ea7b5333153ef9b693b61b7bcdb6e2cd6cfd9155
images/images/constant-disabled.png	SAMPLES/icons-VegesEffects/named_png/images/images/constant-disabled.png	226325	969	16	16	44cdb4bb8f4b66b4dfe0cde1a58d0d4beb4ac8ed
images/images/loop@2x.png	SAMPLES/icons-VegesEffects/named_png/images/images/loop@2x.png	1410943	1083	32	32	9f4b5e2cb28d37fd542ec8867572f42fa7dd28ee
images/images/effect-geometry-plugin-hover.png	SAMPLES/icons-VegesEffects/named_png/images/images/effect-geometry-plugin-hover.png	3315676	1102	16	16	780e7b0cf6c198852588f3ae5997a914d4b7e34d
images/images/lock@2x.png	SAMPLES/icons-VegesEffects/named_png/images/images/lock@2x.png	4831522	1311	32	32	b8085377ad4012ad6c9abc92b2117947996185f4
images/images/logo@2x.png	SAMPLES/icons-VegesEffects/named_png/images/images/logo@2x.png	5548354	1475	64	64	d43b7fc6914a16eb2babc9ba4650e175ff24064c
images/images/missing-thumbnail-disabled@2x.png	SAMPLES/icons-VegesEffects/named_png/images/images/missing-thumbnail-disabled@2x.png	3570227	2113	128	128	26db6a769176945154c0edba0d698cb8269f9f18
images/images/left@2x.png	SAMPLES/icons-VegesEffects/named_png/images/images/left@2x.png	430205	1003	32	32	1299baa0867c49bba14f9ad8d7ce3081eec94f07
images/images/text-top-align-disabled.png	SAMPLES/icons-VegesEffects/named_png/images/images/text-top-align-disabled.png	352819	1000	16	16	b4af18a756421f7107f0dd3ea2cac8e0b7d625cb
images/images/clock-checked@2x.png	SAMPLES/icons-VegesEffects/named_png/images/images/clock-checked@2x.png	4430163	1810	32	32	bb20ef0f8f688fccf92c61cafe5838c0918284fa
images/images/lock-checked@2x.png	SAMPLES/icons-VegesEffects/named_png/images/images/lock-checked@2x.png	2747313	1311	32	32	64585941e65d218c1d333ecd425278e51cda58ef
images/images/unlock-checked@2x.png	SAMPLES/icons-VegesEffects/named_png/images/images/unlock-checked@2x.png	3946290	1319	32	32	364a87a7b1eb51bfbdd8708bf0132c7e7874a350
images/images/key-frame-ease-in.png	SAMPLES/icons-VegesEffects/named_png/images/images/key-frame-ease-in.png	4816709	1038	16	16	85030f0740b5b036d0653d62187fb987070d4e79
images/images/top-left-disabled@2x.png	SAMPLES/icons-VegesEffects/named_png/images/images/top-left-disabled@2x.png	5498038	1010	32	32	3f358dcac08deec8f88e5d480dd16c130d59fcee
images/images/transform-rotate-disabled@2x.png	SAMPLES/icons-VegesEffects/named_png/images/images/transform-rotate-disabled@2x.png	2967295	1699	32	32	a570c1f7df033b7c197eacb9a401f21b9d18c63b
images/images/text-gap-after-paragraph.png	SAMPLES/icons-VegesEffects/named_png/images/images/text-gap-after-paragraph.png	4518744	995	16	16	80c0add3cd1066a167e95372b2cfc6eb2c35821b
images/images/clockwise90.png	SAMPLES/icons-VegesEffects/named_png/images/images/clockwise90.png	4969011	1091	16	16	9d5047dd84d353a219686088d047c38c72ec4efa
images/images/text-center-align-hover.png	SAMPLES/icons-VegesEffects/named_png/images/images/text-center-align-hover.png	158660	963	16	16	7bc0a6137457a4031ac007476f78904c065f763e
images/images/graph-flat.png	SAMPLES/icons-VegesEffects/named_png/images/images/graph-flat.png	3421129	1003	16	16	4f771d41864be4668b29359dabbaf19ca9eb62da
images/images/add-hover.png	SAMPLES/icons-VegesEffects/named_png/images/images/add-hover.png	3817620	1214	16	16	2998049c89e51f1ee52a78eb8cf0a1205e2b74a3
images/images/keyframe-track-object.png	SAMPLES/icons-VegesEffects/named_png/images/images/keyframe-track-object.png	3735839	1131	16	16	19090a5364a7c79d04894339c538df21b54bc9b1
images/images/delete-trash-checked.png	SAMPLES/icons-VegesEffects/named_png/images/images/delete-trash-checked.png	4170603	1143	16	16	a2f8dfdd0eb7357ce15409c5f641211a710338fa
images/images/septagon-outline-hover.png	SAMPLES/icons-VegesEffects/named_png/images/images/septagon-outline-hover.png	4957452	1152	16	16	71f3570077edbeb332647ed0701eee641635a40c
images/images/cursor-resize-hover@2x.png	SAMPLES/icons-VegesEffects/named_png/images/images/cursor-resize-hover@2x.png	3549187	1595	64	64	0ddbda39943bc318ac98d731b488d6e6fb449e03
images/images/crosshair-white-hover@2x.png	SAMPLES/icons-VegesEffects/named_png/images/images/crosshair-white-hover@2x.png	5029057	1654	32	32	56bbb75fe7a4de6e775564768e538a4b065254c1
images/images/track-select-backward-disabled@2x.png	SAMPLES/icons-VegesEffects/named_png/images/images/track-select-backward-disabled@2x.png	5352823	1235	32	32	56971f663537f33724ef0ee3c5c96c805913b9bc
images/images/mask-complete-path-checked@2x.png	SAMPLES/icons-VegesEffects/named_png/images/images/mask-complete-path-checked@2x.png	4031768	1449	32	32	a456730b85bccb5905cdf367c0d586db4b584e6c
images/images/action-move-hover@2x.png	SAMPLES/icons-VegesEffects/named_png/images/images/action-move-hover@2x.png	5476173	1336	64	64	d860f41768bae0fdc6b1ea56664e81f75094e37c
images/images/top@2x.png	SAMPLES/icons-VegesEffects/named_png/images/images/top@2x.png	926298	1021	32	32	a5c63d10c567067196042ba843ceaad61bd42a1e
images/images/layout-left-disabled.png	SAMPLES/icons-VegesEffects/named_png/images/images/layout-left-disabled.png	4501429	1278	230	116	c25faa788445d848bf93fba5a974b33b07e64ced
images/images/slide-hover.png	SAMPLES/icons-VegesEffects/named_png/images/images/slide-hover.png	455815	1022	16	16	4114bde6701052b32557c961ff8482eec53fbc90
images/images/checkbox-normal-checked.png	SAMPLES/icons-VegesEffects/named_png/images/images/checkbox-normal-checked.png	2849270	1046	40	15	2c2511b41e7afb5124d0347cde307fe970d69771
images/images/pen@2x.png	SAMPLES/icons-VegesEffects/named_png/images/images/pen@2x.png	5342418	1323	32	32	80d406daf3c5e2050a10c832d3bf2334e09d4119
images/images/pin@2x.png	SAMPLES/icons-VegesEffects/named_png/images/images/pin@2x.png	4171750	1463	32	32	2055af27e9a4c73ec91e1b565431a4745d781107
images/images/panel-disabled@2x.png	SAMPLES/icons-VegesEffects/named_png/images/images/panel-disabled@2x.png	4602324	1097	32	32	b937a3cc81ea6eddd2382212ae19ba00e52a04b1
images/images/mask-star-menu-checked@2x.png	SAMPLES/icons-VegesEffects/named_png/images/images/mask-star-menu-checked@2x.png	4001858	1374	32	32	4129b5865ad00335d7895626cc364ca2dd30a46e
images/images/add@2x.png	SAMPLES/icons-VegesEffects/named_png/images/images/add@2x.png	173862	1500	32	32	e1a14b63c967fb6b3f759bf59118b4666b426210
images/images/track-select-forward-disabled.png	SAMPLES/icons-VegesEffects/named_png/images/images/track-select-forward-disabled.png	3815121	1173	16	16	888c2b9ecf702b0e9213a2d8015853080f7ca5ac
images/images/exclamation-double-disabled.png	SAMPLES/icons-VegesEffects/named_png/images/images/exclamation-double-disabled.png	2832794	1465	32	32	9c5528d3803ef293133f88996146996de7434f5d
images/images/triangle-outline-hover.png	SAMPLES/icons-VegesEffects/named_png/images/images/triangle-outline-hover.png	1271477	1137	16	16	c62053c3ce6cb61d8ec4c5acb4ae82ef479dab40
images/images/add-container-north-checked.png	SAMPLES/icons-VegesEffects/named_png/images/images/add-container-north-checked.png	4630731	1074	32	64	b1d30d75c29b3e9ebe623bbde3b93a4873724396
images/images/layout-canvas-center-hover.png	SAMPLES/icons-VegesEffects/named_png/images/images/layout-canvas-center-hover.png	1295049	982	16	16	12d38f68748a913497fc75c0494301bf80336ae1
images/images/mask-close-hover.png	SAMPLES/icons-VegesEffects/named_png/images/images/mask-close-hover.png	4992052	1041	16	16	ed625d3a84c92b1d27b1e5dfcc2532703954e1dc
images/images/group-layer-hover@2x.png	SAMPLES/icons-VegesEffects/named_png/images/images/group-layer-hover@2x.png	194270	1207	32	32	c233cafbe508d708f42fce5ab7bf4e0843f786a2
images/images/bottom-left-disabled@2x.png	SAMPLES/icons-VegesEffects/named_png/images/images/bottom-left-disabled@2x.png	4870889	1021	32	32	cf790d92f8240d34c0c1fc6e74c0f3f6ffc88615
images/images/hud-select-disabled.png	SAMPLES/icons-VegesEffects/named_png/images/images/hud-select-disabled.png	3852130	1257	16	16	cba5664048dfa1ebb1d7a80d57a5255ef8492ce0
images/images/undo-disabled@2x.png	SAMPLES/icons-VegesEffects/named_png/images/images/undo-disabled@2x.png	541625	1346	32	32	9a1e143ab78bd98276e9b5b6b201853b7530aa18
images/images/auto-disabled@2x.png	SAMPLES/icons-VegesEffects/named_png/images/images/auto-disabled@2x.png	473157	1560	76	32	4378368cebb67235f56711c8f394b63291886811
images/images/mask-inverted-hover@2x.png	SAMPLES/icons-VegesEffects/named_png/images/images/mask-inverted-hover@2x.png	4680901	1239	32	32	e454cb0a400f94e435d31b16704b408589a5c712
images/images/new-add-plus-checked@2x.png	SAMPLES/icons-VegesEffects/named_png/images/images/new-add-plus-checked@2x.png	2847902	1364	32	32	7c98858ca3ae83f2d58eed0073830af6bd77a178
images/images/timeline-details-disabled@2x.png	SAMPLES/icons-VegesEffects/named_png/images/images/timeline-details-disabled@2x.png	3095510	998	32	32	86b2726d3aacc533d6a34a51a7d444ab8259100d
images/images/key-frame-hover.png	SAMPLES/icons-VegesEffects/named_png/images/images/key-frame-hover.png	3060656	1016	16	16	78e40af65ecb15391eafb58c445a30a95b6c8ef9
images/images/proxy-complete-checked.png	SAMPLES/icons-VegesEffects/named_png/images/images/proxy-complete-checked.png	257182	1069	16	16	e421bfad4e9049ccdff950a727e595b5a2781000
images/images/zoom-max.png	SAMPLES/icons-VegesEffects/named_png/images/images/zoom-max.png	4252720	1060	16	16	37f73f66a3b485dcbe5c4c9a6ebd9793cacd3a07
images/images/decagon-outline-disabled@2x.png	SAMPLES/icons-VegesEffects/named_png/images/images/decagon-outline-disabled@2x.png	4503720	1353	32	32	21e4653da4fa09e3c8829ed48c9bb78c61603296
images/images/action-link-hover@2x.png	SAMPLES/icons-VegesEffects/named_png/images/images/action-link-hover@2x.png	3640617	1355	64	64	01ca9c1b2267a5faf9d80ccd559fbc73508d5f54
images/images/export-video-hover.png	SAMPLES/icons-VegesEffects/named_png/images/images/export-video-hover.png	4013945	1042	16	16	22ab5e23a39c5d94ae22e2b3698a6b604526cce5
images/images/text-gap-after-paragraph-hover@2x.png	SAMPLES/icons-VegesEffects/named_png/images/images/text-gap-after-paragraph-hover@2x.png	5031967	985	32	32	c4f0f738be4d1fc72e4ca84c848eaefd7577533f
images/images/text-left-indent-hover@2x.png	SAMPLES/icons-VegesEffects/named_png/images/images/text-left-indent-hover@2x.png	996732	1079	32	32	405a50d2fb08128ae1e907a6c28a6c05aeb73918
images/images/caret-left@2x.png	SAMPLES/icons-VegesEffects/named_png/images/images/caret-left@2x.png	940576	1127	32	32	5c7487793682eb272189c4c43c46ccf42c5fbc10
images/images/pan-and-zoom-checked@2x.png	SAMPLES/icons-VegesEffects/named_png/images/images/pan-and-zoom-checked@2x.png	2978266	1097	32	32	258085db922b8d058f2fa94e311707ab6c708ca3
images/images/cursor-slip@2x.png	SAMPLES/icons-VegesEffects/named_png/images/images/cursor-slip@2x.png	458970	1210	64	64	5300b826a14c79908e427e5032ac7a784f95d250
images/images/maximize-window-disabled.png	SAMPLES/icons-VegesEffects/named_png/images/images/maximize-window-disabled.png	932354	972	16	16	8c3253095ea72e9504bc991e7c165925de9ff199
images/images/hud-textbox-overflow-hover.png	SAMPLES/icons-VegesEffects/named_png/images/images/hud-textbox-overflow-hover.png	4155575	1117	16	16	fc03ada86427678a6809b09dbc04d7ef6137d854
images/images/file-3d-animation-preview@2x.png	SAMPLES/icons-VegesEffects/named_png/images/images/file-3d-animation-preview@2x.png	4723211	2932	212	120	ba829cc032f90e2a0acafaa29570a247810290ab
images/images/pen-checked.png	SAMPLES/icons-VegesEffects/named_png/images/images/pen-checked.png	5373983	1162	16	16	3b4a389fc64390c9f5083b6e8dbfc8e1eb44611b
images/images/pin-checked.png	SAMPLES/icons-VegesEffects/named_png/images/images/pin-checked.png	4302721	1257	16	16	ddb759187520e301ad1bf36ac18c57adc222ec39
images/images/track-select-forward-menu-hover.png	SAMPLES/icons-VegesEffects/named_png/images/images/track-select-forward-menu-hover.png	4394491	1078	16	16	347124e1e834755268221ee66b30f2ce98b9727b
images/images/browser-forward-checked@2x.png	SAMPLES/icons-VegesEffects/named_png/images/images/browser-forward-checked@2x.png	1126078	1122	32	32	a553000bc4623e3c10f1caedf5c3ef29d53b6d5e
images/images/mask-rounded-rect-menu@2x.png	SAMPLES/icons-VegesEffects/named_png/images/images/mask-rounded-rect-menu@2x.png	5414190	1236	32	32	b79342a3a20a28fa39795191e0be9126ecf06221
images/images/key-frame-void-checked.png	SAMPLES/icons-VegesEffects/named_png/images/images/key-frame-void-checked.png	3595431	981	16	16	da8d838d2e69825210b6dd28f34a6f5b02722802
images/images/white-disabled@2x.png	SAMPLES/icons-VegesEffects/named_png/images/images/white-disabled@2x.png	4360475	974	32	32	0d90a76761fc47d01e4186a3d60d77c85545b429
images/images/line-height-checked@2x.png	SAMPLES/icons-VegesEffects/named_png/images/images/line-height-checked@2x.png	3348541	1294	32	32	47431bbb28cc3d3ef41e10b691b70b55f4e9cc71
images/images/curves-straight-hover.png	SAMPLES/icons-VegesEffects/named_png/images/images/curves-straight-hover.png	1232200	1013	16	16	2471abf8f4892c24a931c53cd82e7db5a0cc2e8e
images/images/file-preset-preview.png	SAMPLES/icons-VegesEffects/named_png/images/images/file-preset-preview.png	4945842	1307	106	60	2351bee8e882918a5f84933f8f69459c76ce0b5c
images/images/effect-ofx-plugin-checked@2x.png	SAMPLES/icons-VegesEffects/named_png/images/images/effect-ofx-plugin-checked@2x.png	3824335	1431	32	32	9c48f44cfa0fff6082c2346be5d2ebb4338a125e
images/images/curves-straight-hover@2x.png	SAMPLES/icons-VegesEffects/named_png/images/images/curves-straight-hover@2x.png	4118290	1085	32	32	eaef13a0e216b6d27650c9db7414f5edf50d2c7a
images/images/add-container-south-hover.png	SAMPLES/icons-VegesEffects/named_png/images/images/add-container-south-hover.png	2795460	1074	32	64	feb6ba5a2ccdf436e3f72e0a76439f22a08a3967
images/images/key-frame-full-checked.png	SAMPLES/icons-VegesEffects/named_png/images/images/key-frame-full-checked.png	3354788	1118	16	16	97d9cdc56534a717ee818c8fc23a319c79fd725e
images/images/dodecagon-outline-disabled@2x.png	SAMPLES/icons-VegesEffects/named_png/images/images/dodecagon-outline-disabled@2x.png	3192203	1330	32	32	76634e05b4afd3be2fe3607bac1aecedddad5bc7
images/images/key-frame-hold-checked.png	SAMPLES/icons-VegesEffects/named_png/images/images/key-frame-hold-checked.png	5332172	965	16	16	196e95074088a2b9c6766c5b3cf26b1634e85b9e
images/images/cursor-rolling-disabled.png	SAMPLES/icons-VegesEffects/named_png/images/images/cursor-rolling-disabled.png	5569772	1095	32	32	9d141022d4e9aa71ac6f22c94082cb2ff51903b5
images/images/workspaces-checked@2x.png	SAMPLES/icons-VegesEffects/named_png/images/images/workspaces-checked@2x.png	5224585	987	32	32	fd4b5a409788f343d570a6df5564289fb1ab273e
images/images/preset-3d-hover.png	SAMPLES/icons-VegesEffects/named_png/images/images/preset-3d-hover.png	1190281	1189	16	16	ced8f905cfac3746bae9ec6c677f930e384a7152
images/images/margin-bottom-checked.png	SAMPLES/icons-VegesEffects/named_png/images/images/margin-bottom-checked.png	495267	969	16	16	d66da431ab8aefc2b3d915d40a15c175b504996f
images/images/mask-disconnected-handle-checked@2x.png	SAMPLES/icons-VegesEffects/named_png/images/images/mask-disconnected-handle-checked@2x.png	2819142	1263	32	32	429cca38be54314102d2c652e3f6357c46cb3cbb
images/images/camera-orbit-layer-hover.png	SAMPLES/icons-VegesEffects/named_png/images/images/camera-orbit-layer-hover.png	5508889	1111	16	16	503c38ec8ca49fc5922beb05329c0e554a7ece2a
images/images/key-frame-next-checked.png	SAMPLES/icons-VegesEffects/named_png/images/images/key-frame-next-checked.png	2792257	1011	16	16	52d230d2da4afc8f4bf2e026d7bd6f48264db3dd
images/images/new-composite-shot-from-clip@2x.png	SAMPLES/icons-VegesEffects/named_png/images/images/new-composite-shot-from-clip@2x.png	478062	1147	64	64	22105160157083011345e5d47e1e120bad5dd9f5
images/images/layout-canvas-bottom-checked.png	SAMPLES/icons-VegesEffects/named_png/images/images/layout-canvas-bottom-checked.png	1065668	984	16	16	28fab00c8b0a0384aa6838564a100320063dd153
images/images/smooth-in-hover.png	SAMPLES/icons-VegesEffects/named_png/images/images/smooth-in-hover.png	3415432	1023	16	16	bae4271b785b14fd30e65e79ac4271e61359c7af
images/images/list-sort-asc@2x.png	SAMPLES/icons-VegesEffects/named_png/images/images/list-sort-asc@2x.png	3374088	1359	32	32	655ff0657fe68b5b5ceeefddc7b96ab5466f6966
images/images/folder-locked-disabled@2x.png	SAMPLES/icons-VegesEffects/named_png/images/images/folder-locked-disabled@2x.png	3717388	1357	32	32	62d30e85c94a65ae5761a0f13c9fe100a4ebc7ac
images/images/notification.png	SAMPLES/icons-VegesEffects/named_png/images/images/notification.png	4168516	1112	16	16	693c053dc158f02b3d30fc6ddbeb4e2f218b8d08
images/images/effect-ae-plugin.png	SAMPLES/icons-VegesEffects/named_png/images/images/effect-ae-plugin.png	202930	1209	16	16	be93c3764f4f2c7274520dcb6c86b6c2b3216c5f
images/images/frame-in@2x.png	SAMPLES/icons-VegesEffects/named_png/images/images/frame-in@2x.png	4604503	1081	32	32	e478a3ad8aacf5a35f0968c4fdd7d4e879eea757
images/images/export-queue-layered.png	SAMPLES/icons-VegesEffects/named_png/images/images/export-queue-layered.png	419624	1372	16	16	2d1fed0c11da0311f5d03b5e6acf4aeb5f9b8912
images/images/zoom-min.png	SAMPLES/icons-VegesEffects/named_png/images/images/zoom-min.png	144625	1013	16	16	df9e1907cc88f08399e06980217b24239e7e934f
images/images/composite-shot-checked.png	SAMPLES/icons-VegesEffects/named_png/images/images/composite-shot-checked.png	3887973	1054	16	16	432fc9f479fb40d3344af4603ceba6c2afb17b3b
images/images/export-queue-tidy-hover@2x.png	SAMPLES/icons-VegesEffects/named_png/images/images/export-queue-tidy-hover@2x.png	1099	1171	32	32	959edf27be60e02dfa90884d91c324e47b294027
images/images/browser-forward-disabled@2x.png	SAMPLES/icons-VegesEffects/named_png/images/images/browser-forward-disabled@2x.png	5183561	1215	32	32	076a9365a5b6cc1dc28b678ab34e365988850666
images/images/line-height-checked.png	SAMPLES/icons-VegesEffects/named_png/images/images/line-height-checked.png	3624202	1154	16	16	44906af5356ceb4ee581cd1af1573190080cd1bc
images/images/gradient-stop-checked@2x.png	SAMPLES/icons-VegesEffects/named_png/images/images/gradient-stop-checked@2x.png	3639556	1057	32	32	5d157f904aac17fdb989ed9d933a4b8f69296f1f
images/images/key-frame-void@2x.png	SAMPLES/icons-VegesEffects/named_png/images/images/key-frame-void@2x.png	3275054	1047	32	32	1a096b638782443c279573a9ca4e39b15900acc8
images/images/slice-hover.png	SAMPLES/icons-VegesEffects/named_png/images/images/slice-hover.png	4901663	1148	16	16	530ed7bf66bccf2d14a64c2a69520ed24e74a40d
images/images/cursor-single-track-backward-disabled.png	SAMPLES/icons-VegesEffects/named_png/images/images/cursor-single-track-backward-disabled.png	2708780	1231	32	32	00a2c67f35a2d65f5da4b50750daf79e7e7fb21f
images/images/distribute-left-checked@2x.png	SAMPLES/icons-VegesEffects/named_png/images/images/distribute-left-checked@2x.png	1448265	986	32	32	b35a9b2d258f6d5a941d147a30d2f05c0d4a3def
images/images/proxy-complete-hover.png	SAMPLES/icons-VegesEffects/named_png/images/images/proxy-complete-hover.png	354949	1069	16	16	5482da000946279c7281ff1ab61957ef9733741d
images/images/black-hover.png	SAMPLES/icons-VegesEffects/named_png/images/images/black-hover.png	4207147	957	16	16	2dd4630232b48eaf8029dd32da11fae79f6353ad
images/images/preset-2d-hover.png	SAMPLES/icons-VegesEffects/named_png/images/images/preset-2d-hover.png	5328940	1044	16	16	14f60a6c31712dbe7d4dcadbb15974a4ae48a505
images/images/proxy-complete-disabled.png	SAMPLES/icons-VegesEffects/named_png/images/images/proxy-complete-disabled.png	127202	1169	16	16	f7b3c5477c715283109c49d0aff73c3d5acfddc8
images/images/cursor-ripple@2x.png	SAMPLES/icons-VegesEffects/named_png/images/images/cursor-ripple@2x.png	4343571	1655	64	64	ca861688c73a5c27cde6ed9744a63906d73dc6dd
images/images/key-frame-manual-bezier-disabled.png	SAMPLES/icons-VegesEffects/named_png/images/images/key-frame-manual-bezier-disabled.png	4928914	1065	16	16	8fb76e53fdb7c70774fc11ce203692bed983f50f
images/images/align-right-disabled.png	SAMPLES/icons-VegesEffects/named_png/images/images/align-right-disabled.png	37984	966	16	16	1f1f2637803085c544768e0d8c9d689a5cb73772
images/images/star-outline-hover@2x.png	SAMPLES/icons-VegesEffects/named_png/images/images/star-outline-hover@2x.png	3107594	1316	32	32	254db2dd19f05272e15289845edc78856278a16f
images/images/drop-container-arrows@2x.png	SAMPLES/icons-VegesEffects/named_png/images/images/drop-container-arrows@2x.png	5343745	2228	128	128	724c1cba77782878b31101f97fda562f3c38ab10
images/images/align-horizontally@2x.png	SAMPLES/icons-VegesEffects/named_png/images/images/align-horizontally@2x.png	149368	997	32	32	763fdb2523dc196be9ff0af8a67962c399928ce6
images/images/file-audio-preview-checked@2x.png	SAMPLES/icons-VegesEffects/named_png/images/images/file-audio-preview-checked@2x.png	5166101	1986	212	120	21aa5d4050d4fdb4a7416b13ffa957d4aeab869d
images/images/dial-background-disabled@2x.png	SAMPLES/icons-VegesEffects/named_png/images/images/dial-background-disabled@2x.png	2965626	1665	64	64	db17e61bf1ed26fc0aef9d6cf0b5b210ccfe05d3
images/images/folder-locked-checked.png	SAMPLES/icons-VegesEffects/named_png/images/images/folder-locked-checked.png	325281	1190	16	16	b3540cba973e574df45c01d100718cee42c84178
images/images/margin-bottom-disabled.png	SAMPLES/icons-VegesEffects/named_png/images/images/margin-bottom-disabled.png	3227610	992	16	16	81995e841e06dea8ef96dff89b682978206c2b7e
images/images/mask-polygon-menu.png	SAMPLES/icons-VegesEffects/named_png/images/images/mask-polygon-menu.png	3646826	1165	16	16	6b681cec0eba9dc232f897f8d20eae73c9cee731
images/images/panel-expander-checked.png	SAMPLES/icons-VegesEffects/named_png/images/images/panel-expander-checked.png	1134070	968	16	16	f7b762cdd5e461774bee892593a58fff276924a3
images/images/play-disabled.png	SAMPLES/icons-VegesEffects/named_png/images/images/play-disabled.png	1031885	1081	16	16	054750a81c00fb7181e2517ddfdedc7e49c1e4c4
images/images/mask-disconnected-handle-checked.png	SAMPLES/icons-VegesEffects/named_png/images/images/mask-disconnected-handle-checked.png	5305490	1132	16	16	f0ea7566ad7e91f3905c260b5dc86d32ab5a0b65
images/images/frame-previous-disabled@2x.png	SAMPLES/icons-VegesEffects/named_png/images/images/frame-previous-disabled@2x.png	1203606	1091	32	32	57dd2eff945eb19160241866ff59e8a6d73f5a46
images/images/font-outline-size-disabled@2x.png	SAMPLES/icons-VegesEffects/named_png/images/images/font-outline-size-disabled@2x.png	3040662	1422	32	32	c250925dbc0460729482a49411e9256574d2787a
images/images/hud-zoom-checked.png	SAMPLES/icons-VegesEffects/named_png/images/images/hud-zoom-checked.png	4794035	1352	16	16	42bbf99718ff643cf9fa55f4d4e10b3fad710e66
images/images/triangle-outline-hover@2x.png	SAMPLES/icons-VegesEffects/named_png/images/images/triangle-outline-hover@2x.png	3515799	1220	32	32	1c4a2b6dae9a2131339acdff7df146ed466910e0
images/images/make-composite-disabled.png	SAMPLES/icons-VegesEffects/named_png/images/images/make-composite-disabled.png	1043515	1008	16	16	287e9ce44427458dfd61ca0b022e4d7ec075d6e3
images/images/left-checked@2x.png	SAMPLES/icons-VegesEffects/named_png/images/images/left-checked@2x.png	4258890	995	32	32	507a64d3370060dcfa6dbece3d2c726a64bb9709
images/images/hud-move-checked.png	SAMPLES/icons-VegesEffects/named_png/images/images/hud-move-checked.png	5405073	1206	16	16	d2a48fc00a5f8abe92bb5f065fc9af4608dc6db3
images/images/distribute-left-hover.png	SAMPLES/icons-VegesEffects/named_png/images/images/distribute-left-hover.png	1245851	967	16	16	5f423477c95f5f5abcbc4bedc7ad8baa4e0990d0
images/images/folder-open.png	SAMPLES/icons-VegesEffects/named_png/images/images/folder-open.png	1096153	1118	16	16	6d3826b2b7ee0f1fa70beb0fbcebb81c7c0aea6f
images/images/mask-disabled.png	SAMPLES/icons-VegesEffects/named_png/images/images/mask-disabled.png	4021628	1144	16	16	197ec910c407937c2c2eca4b6d0140e33f7e34fb
images/images/text-left-justified@2x.png	SAMPLES/icons-VegesEffects/named_png/images/images/text-left-justified@2x.png	5331181	987	32	32	dd2291ccb9a4e9fd64cfac2ce5b9e2a670e4e9c8
images/images/menu-disabled.png	SAMPLES/icons-VegesEffects/named_png/images/images/menu-disabled.png	1400467	961	16	16	60e35c414d37b9ae4673e752ddcab1cd8f2efca4
images/images/lock-disabled.png	SAMPLES/icons-VegesEffects/named_png/images/images/lock-disabled.png	258255	1189	16	16	5ace3511015d91a25d6b12f5559881de6600b2d2
images/images/loop-disabled.png	SAMPLES/icons-VegesEffects/named_png/images/images/loop-disabled.png	4305195	1018	16	16	9b69555a774c4a5ab9127b221f30ea0fd6f777ca
images/images/template-disabled.png	SAMPLES/icons-VegesEffects/named_png/images/images/template-disabled.png	2976216	1092	16	16	9663cc87d4b28e723e9bb29884fea305966b86ed
images/images/left-disabled.png	SAMPLES/icons-VegesEffects/named_png/images/images/left-disabled.png	4824899	986	16	16	9705c7df1ec56998c59d5c55474d95b435462faa
images/images/solid-layer-checked.png	SAMPLES/icons-VegesEffects/named_png/images/images/solid-layer-checked.png	5568752	1016	16	16	64ed2177cc9f85eb20898d2020dba2143b65d1fb
images/images/effect-ofx-plugin@2x.png	SAMPLES/icons-VegesEffects/named_png/images/images/effect-ofx-plugin@2x.png	5275357	1431	32	32	044b1b2a370184344d575b4ccc2ebd6827ea4211
images/images/checkbox-unchecked-disabled.png	SAMPLES/icons-VegesEffects/named_png/images/images/checkbox-unchecked-disabled.png	535564	970	16	16	1c86df6d07528cc69df2b009b701ad4cd30d5414
images/images/file-video-hover@2x.png	SAMPLES/icons-VegesEffects/named_png/images/images/file-video-hover@2x.png	5347023	1192	32	32	4eace3bd98f61cb1ac2d6ecea35fd42fb48e123a
images/images/layout-1-disabled@2x.png	SAMPLES/icons-VegesEffects/named_png/images/images/layout-1-disabled@2x.png	152697	982	32	32	1d2b354f2e0e5761e6e81eccaffc8ffabee3f0cf
images/images/text-justified-hover@2x.png	SAMPLES/icons-VegesEffects/named_png/images/images/text-justified-hover@2x.png	4534467	975	32	32	fd39c8c3c6ed12a149968c027ba43bd7cfe5bedd
images/images/mask-mirrored-handle.png	SAMPLES/icons-VegesEffects/named_png/images/images/mask-mirrored-handle.png	2736344	1182	16	16	6c1b0f1903626bdf748ff650ba68e58c7dc2624f
images/images/radio-checked.png	SAMPLES/icons-VegesEffects/named_png/images/images/radio-checked.png	5255997	1228	16	16	7fdd1c98eba11a6fc87122f450af67ec7e80bb35
images/images/large-microphone-checked@2x.png	SAMPLES/icons-VegesEffects/named_png/images/images/large-microphone-checked@2x.png	4384904	1477	64	64	bb8dc49c802f77170e8246e0da6297114f1cf06d
images/images/edit-insert-hover.png	SAMPLES/icons-VegesEffects/named_png/images/images/edit-insert-hover.png	3951796	1004	16	16	c6f2ddc7664c29ffc8363a1c9572276d53803080
images/images/three-d-checked.png	SAMPLES/icons-VegesEffects/named_png/images/images/three-d-checked.png	3204670	1029	16	16	fb20e03847fcb1737a8bc2797a55217bf7dc1821
images/images/undo-disabled.png	SAMPLES/icons-VegesEffects/named_png/images/images/undo-disabled.png	4979390	1181	16	16	fcd27a51957d6f503dc80f330c0d5821b1feacb9
images/images/sound-off-disabled.png	SAMPLES/icons-VegesEffects/named_png/images/images/sound-off-disabled.png	506693	1184	16	16	409e1c79456a590664f0e59d77e780b6e92b16da
images/images/proxy-queue-disabled@2x.png	SAMPLES/icons-VegesEffects/named_png/images/images/proxy-queue-disabled@2x.png	3338607	1440	32	32	7c7fb3d80fff41618460f9a6dba8fc872c71b6ba
images/images/key-frame-next-disabled.png	SAMPLES/icons-VegesEffects/named_png/images/images/key-frame-next-disabled.png	5170241	1053	16	16	356e1a28757689a3aca906b2938efe47df4d558b
images/images/export-canvas-checked.png	SAMPLES/icons-VegesEffects/named_png/images/images/export-canvas-checked.png	2719841	1017	16	16	dbb2701f7aba22b74a3e741ecbdd3e0541ec0a0d
images/images/check-only-blue@2x.png	SAMPLES/icons-VegesEffects/named_png/images/images/check-only-blue@2x.png	247680	1123	32	32	6582931fde16bb519b6275514f41e87d408fc6c3
images/images/cursor-all-track-backward-disabled@2x.png	SAMPLES/icons-VegesEffects/named_png/images/images/cursor-all-track-backward-disabled@2x.png	5202035	1512	64	64	d33e6c80c3407b11ffb014adca4a89daf20b8de4
images/images/save-disabled.png	SAMPLES/icons-VegesEffects/named_png/images/images/save-disabled.png	3472623	1108	16	16	2e9bb26619ec328dc813a4ce8f096a1448e1425c
images/images/caret-left-hover@2x.png	SAMPLES/icons-VegesEffects/named_png/images/images/caret-left-hover@2x.png	3172923	1117	32	32	363d964d0748d5367e6b9bc436a7780e00038d65
images/images/mask-circle-disabled.png	SAMPLES/icons-VegesEffects/named_png/images/images/mask-circle-disabled.png	3589959	1153	16	16	88cf0aa2d00f19ed4e141e41f769ac39a4de696f
images/images/camera-move-disabled@2x.png	SAMPLES/icons-VegesEffects/named_png/images/images/camera-move-disabled@2x.png	2781181	1313	64	64	5c36c0610cdcb1d28c11f8eae377a160d58f8100
images/images/mask-square-checked@2x.png	SAMPLES/icons-VegesEffects/named_png/images/images/mask-square-checked@2x.png	26042	986	32	32	d87564c4da04b3875de29c0f41e1b4dbfde33c9e
images/images/layer-properties-checked.png	SAMPLES/icons-VegesEffects/named_png/images/images/layer-properties-checked.png	4079502	1441	16	16	2d1f8cddb72dccca20e3389b4182244bcf1b97da
images/images/roll-disabled.png	SAMPLES/icons-VegesEffects/named_png/images/images/roll-disabled.png	5413148	1038	16	16	38c4a010dd3e63c07a117719c1d9680866dc241c
images/images/redo-disabled.png	SAMPLES/icons-VegesEffects/named_png/images/images/redo-disabled.png	4971112	1193	16	16	e995b2f7e80683f8d19d41eb21559ffc686ea675
images/images/caret-right-hover.png	SAMPLES/icons-VegesEffects/named_png/images/images/caret-right-hover.png	1259423	1021	16	16	e095e921f1af86686d49006e1212ed3d2db08ecc
images/images/layout-2-disabled@2x.png	SAMPLES/icons-VegesEffects/named_png/images/images/layout-2-disabled@2x.png	3627646	998	32	32	4118ee41f446e6b3e90d7a28533c7d572d4a8d60
images/images/star-filled@2x.png	SAMPLES/icons-VegesEffects/named_png/images/images/star-filled@2x.png	4629421	1306	32	32	747d2626efa33c8b49a6de39b911ebb76d562c46
images/images/text-right-indent-checked@2x.png	SAMPLES/icons-VegesEffects/named_png/images/images/text-right-indent-checked@2x.png	3011469	1070	32	32	dd5a9b4d0b16d6802a175d90d4395bc303177fbe
images/images/key-frame@2x.png	SAMPLES/icons-VegesEffects/named_png/images/images/key-frame@2x.png	3302254	1135	32	32	75b846f65573c0515ee82823908340b249eb4ad1
images/images/cursor-slip-invalid@2x.png	SAMPLES/icons-VegesEffects/named_png/images/images/cursor-slip-invalid@2x.png	4323755	1187	64	64	e21b11502bdb999511b20d57159ebbb1137df0eb
images/images/cursor-slip-hover@2x.png	SAMPLES/icons-VegesEffects/named_png/images/images/cursor-slip-hover@2x.png	191222	1271	64	64	0f0feed0dee1f2022cd5ad6268a4ed0d8130aa84
images/images/mask-asymmetrical-handle-checked.png	SAMPLES/icons-VegesEffects/named_png/images/images/mask-asymmetrical-handle-checked.png	3306665	1120	16	16	64495ad562cd2c972d776ac02ef2ab08e9daf412
images/images/list-sort-desc@2x.png	SAMPLES/icons-VegesEffects/named_png/images/images/list-sort-desc@2x.png	2970072	1356	32	32	914c074f01c85b085179be8db2be138595cb0c40
images/images/effect-audio-hover@2x.png	SAMPLES/icons-VegesEffects/named_png/images/images/effect-audio-hover@2x.png	2973712	1199	32	32	f8c52c9f31b3e2758e78d92ea6c6a08cdb307117
images/images/vegas-effects-new-file-disabled@2x.png	SAMPLES/icons-VegesEffects/named_png/images/images/vegas-effects-new-file-disabled@2x.png	5380141	1200	32	32	dbbab8a8c9baf86d8679f25ca03019f618418997
images/images/layout-4-disabled@2x.png	SAMPLES/icons-VegesEffects/named_png/images/images/layout-4-disabled@2x.png	4137071	1000	32	32	6e1a316218fb2df39be05e72bab0f40253102ea4
images/images/slip-disabled.png	SAMPLES/icons-VegesEffects/named_png/images/images/slip-disabled.png	1365872	1060	16	16	b155fb959bbd31c072cce79b85122db3f860b621
images/images/snap-disabled.png	SAMPLES/icons-VegesEffects/named_png/images/images/snap-disabled.png	5529043	1135	16	16	028f60d5fa32cbcd7e493af7296839868cb8fd12
images/images/add-container-west-checked@2x.png	SAMPLES/icons-VegesEffects/named_png/images/images/add-container-west-checked@2x.png	1315168	1175	128	64	45d4d5969a804832b1807fb5e43897b1846fefde
images/images/text-left-align-checked.png	SAMPLES/icons-VegesEffects/named_png/images/images/text-left-align-checked.png	3460052	960	16	16	b8ee4b0930ea82c812593525931a13d8f66c7f63
images/images/mask-union-disabled.png	SAMPLES/icons-VegesEffects/named_png/images/images/mask-union-disabled.png	3909861	953	16	16	4f237106c5c521d78a5059ba1b44d3d2d0180020
images/images/stop-ram-checked.png	SAMPLES/icons-VegesEffects/named_png/images/images/stop-ram-checked.png	5296636	1075	16	16	edf354c3b5b272f715279ea526ba1bb76ff08aaf
images/images/pre-render-complete@2x.png	SAMPLES/icons-VegesEffects/named_png/images/images/pre-render-complete@2x.png	2870202	1300	32	32	07a58dcfda969770c372d4d64a7b57386af6d892
images/images/hud-select-disabled@2x.png	SAMPLES/icons-VegesEffects/named_png/images/images/hud-select-disabled@2x.png	5422207	1448	32	32	da8170e4672bf6df1847eccafaf8dd2a52ecd680
images/images/track-select-forward-disabled@2x.png	SAMPLES/icons-VegesEffects/named_png/images/images/track-select-forward-disabled@2x.png	3498847	1233	32	32	c04c9fea0229e27b965be2aed9b716fb26507613
images/images/gradient-stop.png	SAMPLES/icons-VegesEffects/named_png/images/images/gradient-stop.png	3470558	1026	16	16	13e9d0202bf17859eb8217b5b54cd208d939a074
images/images/restore-window.png	SAMPLES/icons-VegesEffects/named_png/images/images/restore-window.png	2786529	996	16	16	766f4b9d44f86c100c931dbc7840050f180adc91
images/images/file-3d-preview-disabled@2x.png	SAMPLES/icons-VegesEffects/named_png/images/images/file-3d-preview-disabled@2x.png	3994736	1700	212	120	31e26dfc4f4886198e1cf3d923400738a6925d51
images/images/layout-canvas-bottom-disabled.png	SAMPLES/icons-VegesEffects/named_png/images/images/layout-canvas-bottom-disabled.png	4036912	1083	16	16	b53223ae6ca32f50c35eb08a97518dadca215c64
images/images/graph-flat@2x.png	SAMPLES/icons-VegesEffects/named_png/images/images/graph-flat@2x.png	4082198	997	32	32	4b927fac4c2d87b4bd3a2e7fcbd21e361e262268
images/images/pan-and-zoom-disabled@2x.png	SAMPLES/icons-VegesEffects/named_png/images/images/pan-and-zoom-disabled@2x.png	3440110	1130	32	32	7b87ae9d6eb09376d96ef52dd724146bb7dd6159
images/images/folder-checked@2x.png	SAMPLES/icons-VegesEffects/named_png/images/images/folder-checked@2x.png	2926231	1162	32	32	0028b647558cff9409acb54b6c91ffcabb07139f
images/images/key-frame-ease-in-disabled.png	SAMPLES/icons-VegesEffects/named_png/images/images/key-frame-ease-in-disabled.png	3733737	1042	16	16	0198e0af5233db34c5e9aea20f1ad2d605264da0
images/images/maximize-window.png	SAMPLES/icons-VegesEffects/named_png/images/images/maximize-window.png	2942694	969	16	16	35a141102d17a113f5a918621bb4268c8b64fc40
images/images/file-disabled.png	SAMPLES/icons-VegesEffects/named_png/images/images/file-disabled.png	1333677	1037	16	16	8258827942e00a7297c180cdab1b0d38aa05f6a5
images/images/gradient-stop-hover.png	SAMPLES/icons-VegesEffects/named_png/images/images/gradient-stop-hover.png	4771954	1002	16	16	58b083d7c0420dd00ea034453522b2faf7c20793
images/images/font-disabled.png	SAMPLES/icons-VegesEffects/named_png/images/images/font-disabled.png	3458927	1121	16	16	ee1cfb908fc6ef3a845357485dcc5d23b0fd9942
images/images/layout-1-disabled.png	SAMPLES/icons-VegesEffects/named_png/images/images/layout-1-disabled.png	3768169	956	16	16	52225b2a5edaf6cf7a7f5cd336e1f06d74764744
images/images/layout-4-disabled.png	SAMPLES/icons-VegesEffects/named_png/images/images/layout-4-disabled.png	5289484	958	16	16	4278a78c72e01a2961f13a5825f2996fbab374f2
images/images/layout-2-disabled.png	SAMPLES/icons-VegesEffects/named_png/images/images/layout-2-disabled.png	3483754	960	16	16	579973a4a26f439011162f3902aa9792ed1d0b3d
images/images/hendecagon-outline-disabled.png	SAMPLES/icons-VegesEffects/named_png/images/images/hendecagon-outline-disabled.png	3179502	1190	16	16	e5c32948a15c53f44a4c93abc7e6c8f64b555bed
images/images/pipette-disabled.png	SAMPLES/icons-VegesEffects/named_png/images/images/pipette-disabled.png	32875	1225	16	16	61238b68387ef0c214e8ec6eafda6ddae9d877b1
images/images/text-center-justified-checked.png	SAMPLES/icons-VegesEffects/named_png/images/images/text-center-justified-checked.png	3507519	961	16	16	e93ccac49de1ce2146f18d80e49aebd07967bf76
images/images/top-hover@2x.png	SAMPLES/icons-VegesEffects/named_png/images/images/top-hover@2x.png	2807512	998	32	32	538eeefa2c1bfc809774cf7c2c6c3d995780ea4b
images/images/distribute-left.png	SAMPLES/icons-VegesEffects/named_png/images/images/distribute-left.png	2829389	1040	16	16	c126e5958c279d068755d8fd8e6aa9a775d9cb68
images/images/pin-hover@2x.png	SAMPLES/icons-VegesEffects/named_png/images/images/pin-hover@2x.png	164112	1454	32	32	800b1f3e3c3be8d8d0ca8851710c18c932a3d2a7
images/images/screenshot-checked@2x.png	SAMPLES/icons-VegesEffects/named_png/images/images/screenshot-checked@2x.png	4467182	1122	32	32	52337d5551fa030420921a9300825ddcb633f886
images/images/pen-hover@2x.png	SAMPLES/icons-VegesEffects/named_png/images/images/pen-hover@2x.png	404711	1297	32	32	3f38d5a44153930121c3b42599dff1b417d21cca
images/images/black-caret-checked.png	SAMPLES/icons-VegesEffects/named_png/images/images/black-caret-checked.png	3957218	1002	16	16	10be6ffe5566b2382d705b88ea11918160b5037e
images/images/home-disabled.png	SAMPLES/icons-VegesEffects/named_png/images/images/home-disabled.png	1068606	1040	16	16	faecf05f62b8e52e222a8c6bf2c7a05c189411da
images/images/grid-disabled.png	SAMPLES/icons-VegesEffects/named_png/images/images/grid-disabled.png	3527218	1072	16	16	ab0b8a6701e496540a17ed57fb8247be8ad1253e
images/images/gray-disabled.png	SAMPLES/icons-VegesEffects/named_png/images/images/gray-disabled.png	4948371	954	16	16	f71e5a6c789820ce565be25206982e0dd76f9be8
images/images/hand-disabled.png	SAMPLES/icons-VegesEffects/named_png/images/images/hand-disabled.png	507881	1191	16	16	e890e7d46e63ab4b567d83de6a24c2d24eb33ba8
images/images/help-disabled.png	SAMPLES/icons-VegesEffects/named_png/images/images/help-disabled.png	2770857	1300	16	16	2df60ba1e7f580f27a508165caa2e7cf8a9f3f4a
images/images/restore-window-hover.png	SAMPLES/icons-VegesEffects/named_png/images/images/restore-window-hover.png	108247	990	16	16	80b8d1da3750ff1e3f3b5f29b819420f51592a7a
images/images/add-hover@2x.png	SAMPLES/icons-VegesEffects/named_png/images/images/add-hover@2x.png	3206657	1465	32	32	034ae5b1d554a39ecf2c921a3e71398d71fe3d8c
images/images/mask-bend-path-disabled@2x.png	SAMPLES/icons-VegesEffects/named_png/images/images/mask-bend-path-disabled@2x.png	961068	1481	32	32	d8497c52e56ee966abffe1b13f7c20ffd568e8eb
images/images/radio-only-checked@2x.png	SAMPLES/icons-VegesEffects/named_png/images/images/radio-only-checked@2x.png	1428752	1087	32	32	e6cb7406d63de0c7a0f17852797b98893e39ebe5
images/images/graph-curve-down@2x.png	SAMPLES/icons-VegesEffects/named_png/images/images/graph-curve-down@2x.png	5113556	1168	32	32	4e008c045d1d978537f942eeb3afc9dc50a7dca4
images/images/bold-disabled.png	SAMPLES/icons-VegesEffects/named_png/images/images/bold-disabled.png	4470930	1122	16	16	d0f43f7cddeb07889d9910b07e816bae7957e1bd
images/images/menu-hover.png	SAMPLES/icons-VegesEffects/named_png/images/images/menu-hover.png	1359339	954	16	16	14462ebd2a47dcc6c0a4f35fe7af0bc797ecf3a7
images/images/auto-disabled.png	SAMPLES/icons-VegesEffects/named_png/images/images/auto-disabled.png	361585	1289	38	16	4d779ce5c878954c378528c26882496a6bbdf629
images/images/pointer-menu-hover@2x.png	SAMPLES/icons-VegesEffects/named_png/images/images/pointer-menu-hover@2x.png	4917863	1453	32	32	02432828a6625222f4ef6a5f36c767b9fd298916
images/images/maximize-window-hover.png	SAMPLES/icons-VegesEffects/named_png/images/images/maximize-window-hover.png	4288487	963	16	16	326dd462c954d8bef3b3fdc58bf68879b0ef90b5
images/images/auto-scale-disabled@2x.png	SAMPLES/icons-VegesEffects/named_png/images/images/auto-scale-disabled@2x.png	403252	1455	32	32	679a1b84747a6293ffc68f853771d964a359bf13
images/images/crop-disabled.png	SAMPLES/icons-VegesEffects/named_png/images/images/crop-disabled.png	428081	1119	16	16	20f4b53d569799e00e9a0cad799743eb312af2ad
images/images/pre-render-complete-checked@2x.png	SAMPLES/icons-VegesEffects/named_png/images/images/pre-render-complete-checked@2x.png	1420118	1230	32	32	1995ba6e6d609a15f536312e43ca1347886f4999
images/images/file-video-preview-checked@2x.png	SAMPLES/icons-VegesEffects/named_png/images/images/file-video-preview-checked@2x.png	5499052	1269	212	120	17bf3ba53eba55249d37aa4c2b35a424366edd89
images/images/presets-hover.png	SAMPLES/icons-VegesEffects/named_png/images/images/presets-hover.png	3906657	954	16	16	0e06de38b05626c59082827194ed0437f123db72
images/images/stretch@2x.png	SAMPLES/icons-VegesEffects/named_png/images/images/stretch@2x.png	3220846	1253	32	32	d5816b1e6c525588edf01b6fdf4ff014cd69c1a3
images/images/text-middle-align.png	SAMPLES/icons-VegesEffects/named_png/images/images/text-middle-align.png	2924132	1107	16	16	968e91ccb6734764252651ae1e0063ab8771ed00
images/images/list-sort-asc-hover@2x.png	SAMPLES/icons-VegesEffects/named_png/images/images/list-sort-asc-hover@2x.png	5251336	1302	32	32	674824eecfe04511fb4a54be3fa5617520e7b4b1
images/images/white-caret-checked@2x.png	SAMPLES/icons-VegesEffects/named_png/images/images/white-caret-checked@2x.png	3871633	1050	32	32	116491188d3c33a0d36c8462f680e349a6b3e185
images/images/effect-ofx-plugin.png	SAMPLES/icons-VegesEffects/named_png/images/images/effect-ofx-plugin.png	519577	1220	16	16	c8736a561caac882095ffd9cd0b0cc202796aae7
images/images/snap.png	SAMPLES/icons-VegesEffects/named_png/images/images/snap.png	4927721	1189	16	16	0696d22b16778ef2de596c7461997682f5a1c371
images/images/export-queue-batch-checked@2x.png	SAMPLES/icons-VegesEffects/named_png/images/images/export-queue-batch-checked@2x.png	4857914	1158	32	32	e28e9b902e5f963b9d9cd88bdaf061ee26b2e57a
images/images/transition-2d-disabled@2x.png	SAMPLES/icons-VegesEffects/named_png/images/images/transition-2d-disabled@2x.png	3751623	1320	32	32	c25db6afe8bfafeeb63a27450ec1cbc8d55d1c28
images/images/strikethrough-checked@2x.png	SAMPLES/icons-VegesEffects/named_png/images/images/strikethrough-checked@2x.png	3020588	1027	32	32	9a1a66cff0a1fc0a2d6c391cd70a1e54f7d2c3dc
images/images/screenshot-camera-disabled.png	SAMPLES/icons-VegesEffects/named_png/images/images/screenshot-camera-disabled.png	5246415	1179	16	16	3c94f064d782f6d5f622a68867f984019bd5f075
images/images/radio-checked-hover.png	SAMPLES/icons-VegesEffects/named_png/images/images/radio-checked-hover.png	6812	1122	16	16	c96dfb2e5f96a43f505ab735918f24c9c49357f5
images/images/file-list-small-hover@2x.png	SAMPLES/icons-VegesEffects/named_png/images/images/file-list-small-hover@2x.png	547263	1125	32	32	05e4b6dd56e7655c13c6807ccf1a7714af5cbb95
images/images/mask-mirrored-handle-hover.png	SAMPLES/icons-VegesEffects/named_png/images/images/mask-mirrored-handle-hover.png	1389908	1118	16	16	660f6540878f08ac1a0290225c36f38c161923e8
images/images/clipboard-cut-checked@2x.png	SAMPLES/icons-VegesEffects/named_png/images/images/clipboard-cut-checked@2x.png	4696056	1853	32	32	7a2066730d06d24679e8c95272325ff9dc96f4c4
images/images/mask-close@2x.png	SAMPLES/icons-VegesEffects/named_png/images/images/mask-close@2x.png	3356919	1228	32	32	7c6ecfa62a887553657f979998c9bac9a23b2ce0
images/images/frame-in-hover@2x.png	SAMPLES/icons-VegesEffects/named_png/images/images/frame-in-hover@2x.png	4143270	1053	32	32	38f97f387e781156300240b549ef83ca76f62cb0
images/images/vegas-image-new-file@2x.png	SAMPLES/icons-VegesEffects/named_png/images/images/vegas-image-new-file@2x.png	3296138	1261	32	32	59b8b407e7cc75b60a8b7bf40df8356c8efa4ec6
images/images/add-export-hover@2x.png	SAMPLES/icons-VegesEffects/named_png/images/images/add-export-hover@2x.png	556014	1199	32	32	4e11e7409063e1727249a154a8e7eff68c88caf9
images/images/text-gap-before-paragraph-hover@2x.png	SAMPLES/icons-VegesEffects/named_png/images/images/text-gap-before-paragraph-hover@2x.png	2960254	990	32	32	e9c4f47e6f5e281e149051b5c88105df094973e1
images/images/font-color@2x.png	SAMPLES/icons-VegesEffects/named_png/images/images/font-color@2x.png	4290498	1224	32	32	9bf319eec642ef1076b3c5d6b8ea2c2c96f920f9
images/images/proxy-queue-pause-checked@2x.png	SAMPLES/icons-VegesEffects/named_png/images/images/proxy-queue-pause-checked@2x.png	4222758	1295	32	32	11b1ec762a0c62f3689645176a80e058eb1727ff
images/images/unlock-disabled.png	SAMPLES/icons-VegesEffects/named_png/images/images/unlock-disabled.png	3508484	1186	16	16	329d6f579299bf3f02a02b886ac2839b2d32afe4
images/images/checkbox-active@2x.png	SAMPLES/icons-VegesEffects/named_png/images/images/checkbox-active@2x.png	4363731	1157	80	30	b588d4ce1da81c9da676ccd831eee9b711c7245b
images/images/cog-properties-information-disabled.png	SAMPLES/icons-VegesEffects/named_png/images/images/cog-properties-information-disabled.png	3783389	1353	16	16	66dbc2f8c92bf979ecd6b7965c1135e1c8714309
images/images/brush-add.png	SAMPLES/icons-VegesEffects/named_png/images/images/brush-add.png	1349872	1149	16	16	d63f5fbad5a951fc8c321a520c6f2314c5abea28
images/images/minimized-window-hover@2x.png	SAMPLES/icons-VegesEffects/named_png/images/images/minimized-window-hover@2x.png	3411073	973	32	32	402d506e12515f5e5dcbb9a786ba7e29d8028488
images/images/layout-distribute-between-vertical-hover.png	SAMPLES/icons-VegesEffects/named_png/images/images/layout-distribute-between-vertical-hover.png	3877213	969	16	16	c79229408d6c3fc9dda781c2bd3c99146ccb8c37
images/images/help-hover.png	SAMPLES/icons-VegesEffects/named_png/images/images/help-hover.png	255863	1315	16	16	6ca3e568da5db4b6f908fb5f1598e6a2d5cedf18
images/images/exclamation-hover.png	SAMPLES/icons-VegesEffects/named_png/images/images/exclamation-hover.png	4758683	1245	16	16	55a849044f10425f9e4bfe72b2e66789f374fb5d
images/images/layout-canvas-right@2x.png	SAMPLES/icons-VegesEffects/named_png/images/images/layout-canvas-right@2x.png	1391991	1042	32	32	4281fc91de0c401a26a79851e7e167e148eee503
images/images/checkbox-checked-hover@2x.png	SAMPLES/icons-VegesEffects/named_png/images/images/checkbox-checked-hover@2x.png	386507	1095	32	32	7b6a709b6ee11f60e06780ae3770bf63672015ec
images/images/browser-forward.png	SAMPLES/icons-VegesEffects/named_png/images/images/browser-forward.png	1478882	1084	16	16	bb0260cae454b37a0f101f0eb3fa54ec4720dd95
images/images/margin-right@2x.png	SAMPLES/icons-VegesEffects/named_png/images/images/margin-right@2x.png	188899	999	32	32	ee5182d3be9cc4128ae97f5a9070b025d93b7e54
images/images/key-frame-void-hover@2x.png	SAMPLES/icons-VegesEffects/named_png/images/images/key-frame-void-hover@2x.png	3922608	1047	32	32	d8781890237f6b9cd1a0139731b15cab608ccfeb
images/images/cog-properties-information-hover.png	SAMPLES/icons-VegesEffects/named_png/images/images/cog-properties-information-hover.png	440473	1423	16	16	d7b2b8c7cfd86f6c847c69185ee091a2b5725632
images/images/landscape-disabled@2x.png	SAMPLES/icons-VegesEffects/named_png/images/images/landscape-disabled@2x.png	197577	1146	32	32	7bb7bf46d1c3006773c863d942b25bdf3ae66473
images/images/color-wheel-handle-disabled.png	SAMPLES/icons-VegesEffects/named_png/images/images/color-wheel-handle-disabled.png	334988	1229	122	122	b2f040be743c75a48f124952ef95491d0ef5f3ce
images/images/file-picture-checked.png	SAMPLES/icons-VegesEffects/named_png/images/images/file-picture-checked.png	4926583	1134	16	16	8e9e24aea9c5b2c046e2094b47943ca3f0adca62
images/images/undo.png	SAMPLES/icons-VegesEffects/named_png/images/images/undo.png	3902263	1222	16	16	2205ee247ec9badcfddb1deb9dc2d3f542cc5f17
images/images/landscape@2x.png	SAMPLES/icons-VegesEffects/named_png/images/images/landscape@2x.png	4609789	1153	32	32	855e6a4c1c8846248f04c9766c110b81c1090784
images/images/file-audio-preview@2x.png	SAMPLES/icons-VegesEffects/named_png/images/images/file-audio-preview@2x.png	4551916	2063	212	120	4cfe4728d661debb15f11de568af3ce67228ba70
images/images/hand-menu-checked@2x.png	SAMPLES/icons-VegesEffects/named_png/images/images/hand-menu-checked@2x.png	5395254	1353	32	32	7fc2c1d78f2cd0b3967b4e2480524457fbf40d6f
images/images/crop-checked@2x.png	SAMPLES/icons-VegesEffects/named_png/images/images/crop-checked@2x.png	3636441	1105	32	32	dd64cd59f98a1d2599bb5ebad155eb184e0fe94b
images/images/cursor-ripple-hover@2x.png	SAMPLES/icons-VegesEffects/named_png/images/images/cursor-ripple-hover@2x.png	2898633	1715	64	64	ea0d9933d5abce0f7df875cb487ab890e51dfb60
images/images/frame-out@2x.png	SAMPLES/icons-VegesEffects/named_png/images/images/frame-out@2x.png	4951864	1090	32	32	ef4871860a18098a6697185196467bd1880e7d1a
images/images/mask-inverted-checked.png	SAMPLES/icons-VegesEffects/named_png/images/images/mask-inverted-checked.png	5105554	1090	16	16	db955b84b4afd031a1f86d27388fc941e1fc8a7a
images/images/top-left.png	SAMPLES/icons-VegesEffects/named_png/images/images/top-left.png	4587701	1027	16	16	d05c641c3e0093f734435ecac50f41cc536a6fbc
images/images/video-off-hover.png	SAMPLES/icons-VegesEffects/named_png/images/images/video-off-hover.png	542975	1543	16	16	8a1bd9ba7abf64719510e5d78c5e66dd26f7904a
images/images/cursor-stretch-left-disabled.png	SAMPLES/icons-VegesEffects/named_png/images/images/cursor-stretch-left-disabled.png	938041	1333	32	32	2b8a5d3e7b266534d5d1b5f7f5cf7b07b583fbb7
images/images/mask-select-point@2x.png	SAMPLES/icons-VegesEffects/named_png/images/images/mask-select-point@2x.png	4940449	1332	32	32	94cd006d28a41856375cd39ede3fbb140ed350cc
images/images/publish@2x.png	SAMPLES/icons-VegesEffects/named_png/images/images/publish@2x.png	2905040	1467	32	32	78383b65aca62472edab0d1d63fa98c22d6bc336
images/images/distribute-vertically-disabled@2x.png	SAMPLES/icons-VegesEffects/named_png/images/images/distribute-vertically-disabled@2x.png	3603483	1003	32	32	f0d6f63be9129d754231e3b66eb21f5039b56217
images/images/track-select-backward.png	SAMPLES/icons-VegesEffects/named_png/images/images/track-select-backward.png	4428989	1170	16	16	8cffe6e4ca186ba4a2396280161b02b2a30ab2d3
images/images/vegas-effects-new-file-disabled.png	SAMPLES/icons-VegesEffects/named_png/images/images/vegas-effects-new-file-disabled.png	919763	1131	16	16	25524194f7a33adac3d20380b7b534e642ac0e07
images/images/panel.png	SAMPLES/icons-VegesEffects/named_png/images/images/panel.png	5016459	997	16	16	8657ee05eda0de39f08b082b60faaf7ae48d9379
images/images/checkbox-unchecked-disabled@2x.png	SAMPLES/icons-VegesEffects/named_png/images/images/checkbox-unchecked-disabled@2x.png	5153273	1001	32	32	561b6eed50b8a284ca898cbca52569d5d71b27fa
images/images/key-frame-hold-disabled.png	SAMPLES/icons-VegesEffects/named_png/images/images/key-frame-hold-disabled.png	282757	969	16	16	672c30e5071878609ab3b7aa9d4a2d2a948eea16
images/images/file-video-checked.png	SAMPLES/icons-VegesEffects/named_png/images/images/file-video-checked.png	360459	1122	16	16	b0f59661cfc05357158035b53d2e472c0dd58abb
images/images/dial-handle.png	SAMPLES/icons-VegesEffects/named_png/images/images/dial-handle.png	5387992	988	32	32	b3342c64d8d30ca1e75701f76ac5366fbb181a4b
images/images/track-select-backward-menu.png	SAMPLES/icons-VegesEffects/named_png/images/images/track-select-backward-menu.png	421000	1195	16	16	ddb69949be5b37e98dd0f53e8bcd29579b66bc36
images/images/file-3d-animation-preview-hover@2x.png	SAMPLES/icons-VegesEffects/named_png/images/images/file-3d-animation-preview-hover@2x.png	1254263	2927	212	120	6ad26bbb536da5207aa79a57dcce27bf9bd76034
images/images/file-video-preview@2x.png	SAMPLES/icons-VegesEffects/named_png/images/images/file-video-preview@2x.png	3331065	1275	212	120	41376b4db6fecaca885deeb45f8c592b1706653b
images/images/file-list-small-disabled@2x.png	SAMPLES/icons-VegesEffects/named_png/images/images/file-list-small-disabled@2x.png	5191269	1123	32	32	dafada3d195c842f0c3dc2febf117b916dd7fbcd
images/images/key-frame-full-disabled.png	SAMPLES/icons-VegesEffects/named_png/images/images/key-frame-full-disabled.png	444122	1177	16	16	4dccd2a2697acdf5a42703902960bab12ca295e5
images/images/edit-overlay@2x.png	SAMPLES/icons-VegesEffects/named_png/images/images/edit-overlay@2x.png	5222256	1092	32	32	c6063b3b8939afdfe0c6b4e700a4ce17d76ce57f
images/images/magnet.png	SAMPLES/icons-VegesEffects/named_png/images/images/magnet.png	5329988	1189	16	16	38884d1241ad7b0b85e32ee6f2086180c1eb5c19
images/images/cursor-resize-hover.png	SAMPLES/icons-VegesEffects/named_png/images/images/cursor-resize-hover.png	5203551	1273	32	32	0656c2d85e1674f2fb876533b828974f0981ffcd
images/images/sound-on-disabled.png	SAMPLES/icons-VegesEffects/named_png/images/images/sound-on-disabled.png	563906	1275	16	16	43ec57b95ab0096f8131779522cafb51e63c48ca
images/images/video-off-hover@2x.png	SAMPLES/icons-VegesEffects/named_png/images/images/video-off-hover@2x.png	3237378	2277	32	32	5f49ab91b402b3759bc79e821a2e6950364c3711
images/images/smallcaps-hover.png	SAMPLES/icons-VegesEffects/named_png/images/images/smallcaps-hover.png	4523804	1004	16	16	ca077af8153c390800426b951a84ca7b565d4f7b
images/images/minimized-window-checked.png	SAMPLES/icons-VegesEffects/named_png/images/images/minimized-window-checked.png	5012231	951	16	16	5ddbfaa67e1993410f1110a12f223fcb61eca795
images/images/grid-checked@2x.png	SAMPLES/icons-VegesEffects/named_png/images/images/grid-checked@2x.png	1180307	1221	32	32	e97912e5e86b2762139285704a6452fa40e8db5d
images/images/gray-checked@2x.png	SAMPLES/icons-VegesEffects/named_png/images/images/gray-checked@2x.png	3263250	978	32	32	4728883c4b10ef873b96898f5b8e83bdc8a23209
images/images/mask-rounded-rect-menu-hover@2x.png	SAMPLES/icons-VegesEffects/named_png/images/images/mask-rounded-rect-menu-hover@2x.png	4868731	1172	32	32	91c789c3de6a9b4c486127404e31e03fc985919a
images/images/cursor-stretch-left-checked@2x.png	SAMPLES/icons-VegesEffects/named_png/images/images/cursor-stretch-left-checked@2x.png	3313059	1606	64	64	0d7dfdd8c454c46bb876766571c4330fafefac70
images/images/key-frame-previous-disabled@2x.png	SAMPLES/icons-VegesEffects/named_png/images/images/key-frame-previous-disabled@2x.png	84846	1171	32	32	927d6cb716dd39a307452179af39e42655f35e4f
images/images/mask-polygon-menu-hover.png	SAMPLES/icons-VegesEffects/named_png/images/images/mask-polygon-menu-hover.png	3565977	1095	16	16	d3466a42629c15ed3c77b8abf4e319c301229865
images/images/align-horizontally-disabled@2x.png	SAMPLES/icons-VegesEffects/named_png/images/images/align-horizontally-disabled@2x.png	224336	1008	32	32	7326b7f63e56ac0cef749a8777bbf2c1779fdcc6
images/images/text-bottom-align.png	SAMPLES/icons-VegesEffects/named_png/images/images/text-bottom-align.png	4761981	1040	16	16	1325a7444dd51cce5d8b6387568ea3d40dd950bc
images/images/key-frame-empty-hover@2x.png	SAMPLES/icons-VegesEffects/named_png/images/images/key-frame-empty-hover@2x.png	3387434	1239	32	32	992a8caac16dc5fb7bed4318680f6c003bca98b6
images/images/mask-polygon-menu@2x.png	SAMPLES/icons-VegesEffects/named_png/images/images/mask-polygon-menu@2x.png	93492	1334	32	32	8389860dfecf03b45594765db5c96ee0ba490ca6
images/images/cursor-rolling-invalid.png	SAMPLES/icons-VegesEffects/named_png/images/images/cursor-rolling-invalid.png	2743918	1086	32	32	dbe074f1237e4ae65dcdce6ca7a36da5e7f057c9
images/images/text-left-indent-disabled@2x.png	SAMPLES/icons-VegesEffects/named_png/images/images/text-left-indent-disabled@2x.png	5214823	1092	32	32	61633138743b9225b56a932fcbdad2e6f8b2bc96
images/images/effect-behavior-plugin-hover@2x.png	SAMPLES/icons-VegesEffects/named_png/images/images/effect-behavior-plugin-hover@2x.png	1223797	1382	32	32	13ad65e09d3e9b8782b7ff300969a683a05a3fc3
images/images/square-outline@2x.png	SAMPLES/icons-VegesEffects/named_png/images/images/square-outline@2x.png	2901397	1158	32	32	f8806c81c87e1b76724d3c4ebda370ccf0401ec4
images/images/file-picture-hover.png	SAMPLES/icons-VegesEffects/named_png/images/images/file-picture-hover.png	209846	1121	16	16	d67817accb2f9b543cffbe3bdebb8e0984982871
images/images/brush-remove@2x.png	SAMPLES/icons-VegesEffects/named_png/images/images/brush-remove@2x.png	559437	1292	32	32	5c750df8f48386f444dc1a3f28290292554fa518
images/images/workspaces.png	SAMPLES/icons-VegesEffects/named_png/images/images/workspaces.png	2759432	976	16	16	bef619a68f4539e36b3734b3132267b714901e61
images/images/text-right-align-checked@2x.png	SAMPLES/icons-VegesEffects/named_png/images/images/text-right-align-checked@2x.png	3033483	984	32	32	c664b66cccc027e63944008d36bc2787f56b227d
images/images/superscirpt.png	SAMPLES/icons-VegesEffects/named_png/images/images/superscirpt.png	5276792	1026	16	16	b2a9700a43561b623f1802cce357371fbccb4824
images/images/browser-forward@2x.png	SAMPLES/icons-VegesEffects/named_png/images/images/browser-forward@2x.png	4451828	1214	32	32	f9df450e965ba4f6e3c82563f57124bcd66165db
images/images/crop-disabled@2x.png	SAMPLES/icons-VegesEffects/named_png/images/images/crop-disabled@2x.png	3398924	1111	32	32	e7092d37c27d4cfcd97ba616c4e5265bd0479ef1
images/images/most-used-disabled@2x.png	SAMPLES/icons-VegesEffects/named_png/images/images/most-used-disabled@2x.png	2878867	1003	32	32	b5cb9dd026b62572bd9202b9fe459bd607e33eee
images/images/file-transition-disabled@2x.png	SAMPLES/icons-VegesEffects/named_png/images/images/file-transition-disabled@2x.png	1149702	1371	32	32	b1c35947d8499f9dbb9fa6e4ce905d147b6e3d37
images/images/mask-rounded-rect-disabled@2x.png	SAMPLES/icons-VegesEffects/named_png/images/images/mask-rounded-rect-disabled@2x.png	34104	1216	32	32	b84392f003c91b9dd92e06a8727cd957764685aa
images/images/hand-menu-disabled@2x.png	SAMPLES/icons-VegesEffects/named_png/images/images/hand-menu-disabled@2x.png	4799725	1354	32	32	b73de5129cc9467742ec15a6e90bf40419fef63e
images/images/white-caret-hover@2x.png	SAMPLES/icons-VegesEffects/named_png/images/images/white-caret-hover@2x.png	4526274	1022	32	32	e8f015f1d8670748afd40b3e4af02d0621b75d28
images/images/template-checked@2x.png	SAMPLES/icons-VegesEffects/named_png/images/images/template-checked@2x.png	180559	1062	32	32	63621d59a68a2006031cbc8c2f4aa2ab59fbfdcc
images/images/mask-point-handle-hover@2x.png	SAMPLES/icons-VegesEffects/named_png/images/images/mask-point-handle-hover@2x.png	1328607	719	32	32	c15f64b76b5c2f32d5f7dfe35a5a694f288abc82
images/images/line-height.png	SAMPLES/icons-VegesEffects/named_png/images/images/line-height.png	3297403	1216	16	16	a3556419662478d0f50c36244455e5ff54f33b91
images/images/auto-scale-disabled.png	SAMPLES/icons-VegesEffects/named_png/images/images/auto-scale-disabled.png	5026793	1234	16	16	6b164a3f32433e4c19b41e77bf214a8c63db165f
images/images/folder-open-hover.png	SAMPLES/icons-VegesEffects/named_png/images/images/folder-open-hover.png	4943257	1100	16	16	28d41072b60abd49c8571b73be3c4afb1439164e
images/images/cursor-resize-invalid-disabled.png	SAMPLES/icons-VegesEffects/named_png/images/images/cursor-resize-invalid-disabled.png	4135751	1316	32	32	bb812ee5e7afcf9fe392d59707c75805fcb01b12
images/images/text-right-align@2x.png	SAMPLES/icons-VegesEffects/named_png/images/images/text-right-align@2x.png	3427425	992	32	32	762bdf1e4c861a555aa5e890d2039c1045848545
images/images/new-composite-shot-from-clip-hover@2x.png	SAMPLES/icons-VegesEffects/named_png/images/images/new-composite-shot-from-clip-hover@2x.png	264003	1118	64	64	d326b3bcd9891da90dd42afbf386a51e8de2f5e3
images/images/octagon-outline-disabled@2x.png	SAMPLES/icons-VegesEffects/named_png/images/images/octagon-outline-disabled@2x.png	4186112	1410	32	32	1c3c5670c28e03551f26073a5b25c4715e9d1dc1
images/images/settings@2x.png	SAMPLES/icons-VegesEffects/named_png/images/images/settings@2x.png	1287546	1846	32	32	7eab5cf87a0dfab28584d1353da1eeba347ad375
images/images/key-frame-previous@2x.png	SAMPLES/icons-VegesEffects/named_png/images/images/key-frame-previous@2x.png	3671417	1156	32	32	5c4f44a4faa16c324a4960a0eabf8721a7c0244c
images/images/edit-overlay-hover.png	SAMPLES/icons-VegesEffects/named_png/images/images/edit-overlay-hover.png	3845752	1012	16	16	7a8d204a0abbc439ac2a6d165b98df8384b503b7
images/images/blank-checked@2x.png	SAMPLES/icons-VegesEffects/named_png/images/images/blank-checked@2x.png	5253863	994	32	32	8a6e22ea2a602c6fb0258706fe9997b8f9f8a4e6
images/images/baseline-shift-disabled@2x.png	SAMPLES/icons-VegesEffects/named_png/images/images/baseline-shift-disabled@2x.png	2930913	1439	32	32	d5b66d0be5d2d0707018921472304bd465278b0f
images/images/hand-checked@2x.png	SAMPLES/icons-VegesEffects/named_png/images/images/hand-checked@2x.png	1051125	1346	32	32	fc144f0eb87de9632eb04723439f7b0cea64795e
images/images/minimized-window-disabled.png	SAMPLES/icons-VegesEffects/named_png/images/images/minimized-window-disabled.png	4575601	958	16	16	36c90cb7579dee9e4a04981b78bb66e3b7e3a790
images/images/slip-menu@2x.png	SAMPLES/icons-VegesEffects/named_png/images/images/slip-menu@2x.png	1344404	1165	32	32	862afd7765817f3d018fc289fa6f13814a32d7d0
images/images/slice-checked@2x.png	SAMPLES/icons-VegesEffects/named_png/images/images/slice-checked@2x.png	141040	1324	32	32	21957de63708256db3322353ba1625264e4e3c97
images/images/mask-cutout.png	SAMPLES/icons-VegesEffects/named_png/images/images/mask-cutout.png	4417310	1152	16	16	c57a349881644620cbc48471e39c3998ad40e365
images/images/mask-circle-menu@2x.png	SAMPLES/icons-VegesEffects/named_png/images/images/mask-circle-menu@2x.png	1418618	1496	32	32	c3a4be82923fd7e3a06f7c8b31165c6b24725fac
images/images/workspaces-hover.png	SAMPLES/icons-VegesEffects/named_png/images/images/workspaces-hover.png	998985	958	16	16	7de3eb4964a20c41780fd5e0859eb2c360ce9880
images/images/subscript.png	SAMPLES/icons-VegesEffects/named_png/images/images/subscript.png	22700	1021	16	16	a775383f205f3b286e5acd21f10df65a559b476c
images/images/layout-canvas-center-checked@2x.png	SAMPLES/icons-VegesEffects/named_png/images/images/layout-canvas-center-checked@2x.png	2952571	1025	32	32	c202fd1e405b05155c94f438f512f2789159cc08
images/images/clockwise90@2x.png	SAMPLES/icons-VegesEffects/named_png/images/images/clockwise90@2x.png	1168909	1146	32	32	e754042626b63896e834ee91b906bac20c9898f8
images/images/checkbox-checked-disabled.png	SAMPLES/icons-VegesEffects/named_png/images/images/checkbox-checked-disabled.png	5309778	1035	16	16	b302ca7dfc6557afbe2994841581cade2467e2c5
images/images/slide-checked@2x.png	SAMPLES/icons-VegesEffects/named_png/images/images/slide-checked@2x.png	401159	1092	32	32	47c8e678ed58d6263fa9796edd502d847246e5ea
images/images/constant-disabled@2x.png	SAMPLES/icons-VegesEffects/named_png/images/images/constant-disabled@2x.png	4543906	994	32	32	755e79bbe78369b9ee30f2d2343e5c2e925c627b
images/images/key-frame-void-disabled.png	SAMPLES/icons-VegesEffects/named_png/images/images/key-frame-void-disabled.png	3309384	983	16	16	464621b260d95b64afead9941f7a7f1047fdfb7e
images/images/video-on-checked@2x.png	SAMPLES/icons-VegesEffects/named_png/images/images/video-on-checked@2x.png	2935384	1944	32	32	71fc753972bf27f482ddb6a882c6e9f9c0fc15e5
images/images/mask-add-point-checked@2x.png	SAMPLES/icons-VegesEffects/named_png/images/images/mask-add-point-checked@2x.png	56430	1320	32	32	6181444a41d8491c108f4e9551afd39e79091bfc
images/images/camera-orbit-layer-checked@2x.png	SAMPLES/icons-VegesEffects/named_png/images/images/camera-orbit-layer-checked@2x.png	319421	1255	32	32	c4a10b128b002ef1ecb420e5e9ad6a033a0d1b23
images/images/superscirpt-hover.png	SAMPLES/icons-VegesEffects/named_png/images/images/superscirpt-hover.png	3271375	1015	16	16	bf2cf078af281191d8fb5ae04e098817c62ae20f
images/images/color-wheel-handle-hover@2x.png	SAMPLES/icons-VegesEffects/named_png/images/images/color-wheel-handle-hover@2x.png	1278621	1578	244	244	a14d2a7d94eefa430ea0fd25afd4a29bd58a6946
images/images/gray-caret@2x.png	SAMPLES/icons-VegesEffects/named_png/images/images/gray-caret@2x.png	4457604	1054	32	32	d7ce06a98fe1c923549c20a126ee744c8190a8f9
images/images/file-audio-checked.png	SAMPLES/icons-VegesEffects/named_png/images/images/file-audio-checked.png	4232293	1120	16	16	434bb042f6c62c6d313b88ffdd230ef18e00ecb7
images/images/dial-handle-checked.png	SAMPLES/icons-VegesEffects/named_png/images/images/dial-handle-checked.png	5141979	988	32	32	a2b7e4b69301536f67f53fbeadb41b772200e276
images/images/three-d-unrolled.png	SAMPLES/icons-VegesEffects/named_png/images/images/three-d-unrolled.png	3660574	1171	16	16	0f15d727d14bed82cd730d3200414f243bd6b510
images/images/layout-distribute-between-vertical-checked.png	SAMPLES/icons-VegesEffects/named_png/images/images/layout-distribute-between-vertical-checked.png	5084286	969	16	16	b7ed2d81e5546354d8f607378b605441cc95cc3b
images/images/freehand-path.png	SAMPLES/icons-VegesEffects/named_png/images/images/freehand-path.png	110501	1198	16	16	daf256bd948b4b17b3d7b9c2013fb1acfda17d28
images/images/distribute-left@2x.png	SAMPLES/icons-VegesEffects/named_png/images/images/distribute-left@2x.png	4348409	995	32	32	5f9759a9eab5d983e3384c02732dfc760d1002f6
images/images/mask-mirrored-handle@2x.png	SAMPLES/icons-VegesEffects/named_png/images/images/mask-mirrored-handle@2x.png	3846768	1333	32	32	89166faddddd90fffd8436c46acf7b6755a4f296
images/images/hud-textbox-overflow-checked.png	SAMPLES/icons-VegesEffects/named_png/images/images/hud-textbox-overflow-checked.png	3876092	1117	16	16	9048856618ad93c364ea98879b6372c00ffc3f01
images/images/layout-canvas-left-checked.png	SAMPLES/icons-VegesEffects/named_png/images/images/layout-canvas-left-checked.png	3987005	980	16	16	8fe73af185c6bdfb952c19f57764a9b4560aa9db
images/images/cursor-ripple-disabled.png	SAMPLES/icons-VegesEffects/named_png/images/images/cursor-ripple-disabled.png	1071972	1389	32	32	939fa98c0330b79d361fbaa57893bc4273927403
images/images/cog-properties-information-checked@2x.png	SAMPLES/icons-VegesEffects/named_png/images/images/cog-properties-information-checked@2x.png	4963541	1846	32	32	4e295945f31006b1ecfe32ca503cfaded579fe67
images/images/mask-break-checked.png	SAMPLES/icons-VegesEffects/named_png/images/images/mask-break-checked.png	5287380	1030	16	16	f8ec6b241280f64bb54cda45606a13772e54d57b
images/images/help-checked@2x.png	SAMPLES/icons-VegesEffects/named_png/images/images/help-checked@2x.png	5574320	1714	32	32	c4c15ac1c0e46fc1e1cc87641efb7f406c1de260
images/images/cursor-stretch-left-hover@2x.png	SAMPLES/icons-VegesEffects/named_png/images/images/cursor-stretch-left-hover@2x.png	2766754	1561	64	64	ce973ef1bab116f04418ce2206d76fa183f8989c
images/images/vegas-effects-new-file-hover@2x.png	SAMPLES/icons-VegesEffects/named_png/images/images/vegas-effects-new-file-hover@2x.png	2753514	1215	32	32	6fcffee0432f2fd2e836e9ed594820a45a1313d2
images/images/top-left@2x.png	SAMPLES/icons-VegesEffects/named_png/images/images/top-left@2x.png	186886	1016	32	32	e4910f9a06e4d3b47f82b42aafe77f4bdc06020e
images/images/mask-inverted-hover.png	SAMPLES/icons-VegesEffects/named_png/images/images/mask-inverted-hover.png	4690410	1090	16	16	39a79f017dd7ae477859668fc1ce82dd51182085
images/images/three-d-unrolled-disabled@2x.png	SAMPLES/icons-VegesEffects/named_png/images/images/three-d-unrolled-disabled@2x.png	5226833	1358	32	32	45f365dc4dd0794f9b04539a1755933c27e76268
images/images/list-sort-asc-disabled.png	SAMPLES/icons-VegesEffects/named_png/images/images/list-sort-asc-disabled.png	4619864	1175	16	16	06277302f3029b8caf6f821953d255c5ad58f80d
images/images/notification@2x.png	SAMPLES/icons-VegesEffects/named_png/images/images/notification@2x.png	3777929	1153	32	32	be8bb36d8efec94c0b4e9377208e55bc7a459bce
images/images/line-height-hover.png	SAMPLES/icons-VegesEffects/named_png/images/images/line-height-hover.png	276962	1154	16	16	c4e5b3c1b7d192b600e799ddf001aa959bfd1142
images/images/play-backwards@2x.png	SAMPLES/icons-VegesEffects/named_png/images/images/play-backwards@2x.png	3618255	1160	32	32	c04a52f6d69161a36f7dd2222a20af79f9304a51
images/images/text-right-align-checked.png	SAMPLES/icons-VegesEffects/named_png/images/images/text-right-align-checked.png	4476939	963	16	16	affa8292a14c7ec95a1618819d6cab2a8cad1f72
images/images/camera-fov-disabled@2x.png	SAMPLES/icons-VegesEffects/named_png/images/images/camera-fov-disabled@2x.png	4236757	1857	64	64	33e4d3438874e60f05b3d13d3e0d4b451ba5aebf
images/images/screenshot-camera-hover@2x.png	SAMPLES/icons-VegesEffects/named_png/images/images/screenshot-camera-hover@2x.png	327703	1273	32	32	1afbd9ea5279f160766fb76c18dde8a2e593d9b8
images/images/text-top-indent-checked@2x.png	SAMPLES/icons-VegesEffects/named_png/images/images/text-top-indent-checked@2x.png	3126848	1073	32	32	31ef20d882c649a84e716cd7acc320baa4bbc55d
images/images/layout-distribute-between-vertical@2x.png	SAMPLES/icons-VegesEffects/named_png/images/images/layout-distribute-between-vertical@2x.png	4767275	996	32	32	cc7d3abde125eb60962b831044aae12a1bc97756
images/images/mask-polygon-menu-checked.png	SAMPLES/icons-VegesEffects/named_png/images/images/mask-polygon-menu-checked.png	3497748	1095	16	16	13186eb8afc636fe855cd0999c2c7d826a7812e6
images/images/file-list-small-disabled.png	SAMPLES/icons-VegesEffects/named_png/images/images/file-list-small-disabled.png	5457802	1031	16	16	2ef51205a32048debb6bbfbf50c4cc2d0e8d1159
images/images/locked@2x.png	SAMPLES/icons-VegesEffects/named_png/images/images/locked@2x.png	204143	1311	32	32	c4185cdf43597fd14818deb2cceba5063228dfba
images/images/new-add-plus.png	SAMPLES/icons-VegesEffects/named_png/images/images/new-add-plus.png	3710706	1166	16	16	b70c9a01bf5512a36893e7f090b17ecabd0463a2
images/images/dial-handle@2x.png	SAMPLES/icons-VegesEffects/named_png/images/images/dial-handle@2x.png	934441	1070	64	64	cf15ba950b30263049f1583043d7be82469f5cc9
images/images/sound-off-disabled@2x.png	SAMPLES/icons-VegesEffects/named_png/images/images/sound-off-disabled@2x.png	2877577	1286	32	32	9fc4878bb9444cadeaf6526f3c8c0fd293d41159
images/images/frame-in-disabled.png	SAMPLES/icons-VegesEffects/named_png/images/images/frame-in-disabled.png	3514775	1020	16	16	c8e8abb029b6563ac8a1419f245279cc744f418b
images/images/add-export-disabled.png	SAMPLES/icons-VegesEffects/named_png/images/images/add-export-disabled.png	5472860	1168	16	16	80c0eb8b157e13a171c2df73dc0bd4cb18b6bc02
images/images/file-audio@2x.png	SAMPLES/icons-VegesEffects/named_png/images/images/file-audio@2x.png	5427050	1206	32	32	8c16d7f554d99f60acd0a251696556fb37ba7b91
images/images/text-gap-before-paragraph-disabled.png	SAMPLES/icons-VegesEffects/named_png/images/images/text-gap-before-paragraph-disabled.png	1123528	973	16	16	fd621a2370ddde6cd27684c62aa10eb6fde304d1
images/images/mask-disconnected-handle.png	SAMPLES/icons-VegesEffects/named_png/images/images/mask-disconnected-handle.png	4441585	1170	16	16	4dc767072d4a0c12a6546337192725ed8b80efd6
images/images/unlock-hover@2x.png	SAMPLES/icons-VegesEffects/named_png/images/images/unlock-hover@2x.png	4140624	1293	32	32	5c217cf017f79dc6296257f4d6090de84f83687f
images/images/distribute-bottom.png	SAMPLES/icons-VegesEffects/named_png/images/images/distribute-bottom.png	5306626	1034	16	16	7c12770d4b197d0eb3e81d1dc236ab668ff074ca
images/images/magnify-search-checked@2x.png	SAMPLES/icons-VegesEffects/named_png/images/images/magnify-search-checked@2x.png	4608075	1710	32	32	c5ea0a9e58b6949776f658dbe9ef07861d193030
images/images/graph-flat-checked.png	SAMPLES/icons-VegesEffects/named_png/images/images/graph-flat-checked.png	5279969	965	16	16	f6a6210b2926dceeaaa8b4a3082e25cf0d1c4c15
images/images/cog-properties-information-hover@2x.png	SAMPLES/icons-VegesEffects/named_png/images/images/cog-properties-information-hover@2x.png	4413430	1771	32	32	457191b0852c75319be81c4aa3b96a9d4be0a9d1
images/images/freehand-path-disabled@2x.png	SAMPLES/icons-VegesEffects/named_png/images/images/freehand-path-disabled@2x.png	4339504	1445	32	32	0f4cf5e8d3728f977a5b8f3368f293466b56f3f5
images/images/control-point-checked@2x.png	SAMPLES/icons-VegesEffects/named_png/images/images/control-point-checked@2x.png	4844749	327	32	32	003bf65f1643a0c8d60033ead1930a54ea257258
images/images/minimized-window-hover.png	SAMPLES/icons-VegesEffects/named_png/images/images/minimized-window-hover.png	297964	951	16	16	b0c6b0597839c9c70d182a0e7b0cdb79606c68bf
images/images/mask-bend-path.png	SAMPLES/icons-VegesEffects/named_png/images/images/mask-bend-path.png	320680	1248	16	16	98b934d735a5e8360c7655afc2f7ad0700b1e417
images/images/dial-handle-hover.png	SAMPLES/icons-VegesEffects/named_png/images/images/dial-handle-hover.png	5506606	988	32	32	5bc825622915a61ce3eaeeb26878129d6fb4bcde
images/images/track-select-backward-menu-hover.png	SAMPLES/icons-VegesEffects/named_png/images/images/track-select-backward-menu-hover.png	3532451	1072	16	16	f530ebdbd3d0b4d8e25a46e71430cde4f90d4d42
images/images/camera-orbit@2x.png	SAMPLES/icons-VegesEffects/named_png/images/images/camera-orbit@2x.png	4219359	1369	32	32	cd0b485b55e4d3668fe744c5e54d57a23fc7f470
images/images/resize-disabled@2x.png	SAMPLES/icons-VegesEffects/named_png/images/images/resize-disabled@2x.png	1097275	1294	32	32	71ec1f43b322f442dac54b7c9081f1273a469aaf
images/images/white-caret-disabled.png	SAMPLES/icons-VegesEffects/named_png/images/images/white-caret-disabled.png	3899367	974	16	16	7d3b59fbf283df8d1a88f45bcf16a7d8ed424db2
images/images/nonagon-outline@2x.png	SAMPLES/icons-VegesEffects/named_png/images/images/nonagon-outline@2x.png	5467375	1401	32	32	ea1f4616b68736edf56d57a5f3911f23c36af39b
images/images/octagon-outline@2x.png	SAMPLES/icons-VegesEffects/named_png/images/images/octagon-outline@2x.png	4181082	1412	32	32	a029b55d3c82a042926c5a42b3e886a112f5ffe7
images/images/pan-and-zoom.png	SAMPLES/icons-VegesEffects/named_png/images/images/pan-and-zoom.png	4527300	1057	16	16	42f04748c77224bdfb467fa9e922292dbe06e855
images/images/file-3d-preview.png	SAMPLES/icons-VegesEffects/named_png/images/images/file-3d-preview.png	2710015	1746	106	60	f55c7c88e0079ba13ef64ab32aa260c224d372dc
images/images/mask-point-handle-disabled.png	SAMPLES/icons-VegesEffects/named_png/images/images/mask-point-handle-disabled.png	383841	325	16	16	e59c4214848b299d1ba1d169fad2030336ffda43
images/images/hexagon-outline@2x.png	SAMPLES/icons-VegesEffects/named_png/images/images/hexagon-outline@2x.png	527142	1282	32	32	bf8862dc53321639083b19ab89f3875f71a1250d
images/images/decagon-outline@2x.png	SAMPLES/icons-VegesEffects/named_png/images/images/decagon-outline@2x.png	916364	1337	32	32	a24b6a76d152258818594e292e1d4a44c49098e7
images/images/auto-scale-hover@2x.png	SAMPLES/icons-VegesEffects/named_png/images/images/auto-scale-hover@2x.png	86021	1325	32	32	6fda862d62840ec13c89efd3d3a05314dac2c98f
images/images/vegas-effects-new-file.png	SAMPLES/icons-VegesEffects/named_png/images/images/vegas-effects-new-file.png	3713954	1166	16	16	c4276e4e5e63e0c61c3bb626950a6f11644a97fd
images/images/cursor-resize-invalid-hover@2x.png	SAMPLES/icons-VegesEffects/named_png/images/images/cursor-resize-invalid-hover@2x.png	4805719	1612	64	64	ed14a4bf0864119876e82ca18f4d046b06f621c5
images/images/text-middle-align-checked.png	SAMPLES/icons-VegesEffects/named_png/images/images/text-middle-align-checked.png	279464	1030	16	16	c09b9323fa073e16a36cb29cc892c254ea27a87a
images/images/smooth-out-checked.png	SAMPLES/icons-VegesEffects/named_png/images/images/smooth-out-checked.png	5158328	1017	16	16	83aa568b3d7b6382fa74801ff3fa9ae16baf3cf0
images/images/magnet-hover.png	SAMPLES/icons-VegesEffects/named_png/images/images/magnet-hover.png	4980575	1150	16	16	f418134765fdf3c2bd362aefe2d8c4b16e37ab15
images/images/new-composite-shot-from-clip-disabled.png	SAMPLES/icons-VegesEffects/named_png/images/images/new-composite-shot-from-clip-disabled.png	5204828	1184	32	32	b370e830f722093285705753de6c1618772d2c45
images/images/frame-previous.png	SAMPLES/icons-VegesEffects/named_png/images/images/frame-previous.png	5040693	1006	16	16	8fd13c3b1b48f8a658d44096213a7d417f9560bc
images/images/mask-rounded-rect.png	SAMPLES/icons-VegesEffects/named_png/images/images/mask-rounded-rect.png	3153991	1069	16	16	12ab0eba648e98e228e0912b9729c06ed493b714
images/images/key-frame-hold-hover@2x.png	SAMPLES/icons-VegesEffects/named_png/images/images/key-frame-hold-hover@2x.png	1235962	984	32	32	7efd0a31ad3b6f6ed219b8b1ccac9e06441199ed
images/images/mask-break@2x.png	SAMPLES/icons-VegesEffects/named_png/images/images/mask-break@2x.png	3819898	1188	32	32	f9935f5f39c368a7296a36ce82261ded899a10ac
images/images/file-3d-animation-preview-disabled.png	SAMPLES/icons-VegesEffects/named_png/images/images/file-3d-animation-preview-disabled.png	298919	2513	106	60	da78758c244df4a93340118f50a32389563fc15c
images/images/baseline-shift.png	SAMPLES/icons-VegesEffects/named_png/images/images/baseline-shift.png	3732516	1217	16	16	f4eae46e8e9447f58a1699683adbccf1bbae7ba5
images/images/align-left-checked@2x.png	SAMPLES/icons-VegesEffects/named_png/images/images/align-left-checked@2x.png	5461065	982	32	32	73f4ec23b14d05ed2f3f1bc268dd679d03f167c0
images/images/magnet@2x.png	SAMPLES/icons-VegesEffects/named_png/images/images/magnet@2x.png	4407670	1332	32	32	e4193de28c25a82d00cf67846a64a1053c83945f
images/images/key-frame-full-hover@2x.png	SAMPLES/icons-VegesEffects/named_png/images/images/key-frame-full-hover@2x.png	1369180	1263	32	32	662119fa173c75134a100c80ae626b0a26a5e72c
images/images/sound-on-hover@2x.png	SAMPLES/icons-VegesEffects/named_png/images/images/sound-on-hover@2x.png	2716156	1763	32	32	b2df1b1a50de2554e8937cc390f890cacb472f28
images/images/video-off-disabled.png	SAMPLES/icons-VegesEffects/named_png/images/images/video-off-disabled.png	1442058	1445	16	16	7697d7db64a32a4f81899dcac442fc78a403739a
images/images/cursor-rolling-invalid-hover.png	SAMPLES/icons-VegesEffects/named_png/images/images/cursor-rolling-invalid-hover.png	5254861	1132	32	32	18f3008b3a4eb6b794611e19b23ae4b7b03351e2
images/images/mirror-vertical@2x.png	SAMPLES/icons-VegesEffects/named_png/images/images/mirror-vertical@2x.png	3370964	1207	32	32	6b4b953d0b5c49d373a4d94a89b3dc369d63c67f
images/images/file-list-small.png	SAMPLES/icons-VegesEffects/named_png/images/images/file-list-small.png	1296035	1037	16	16	6666ef30e431613ba8d033da1e19413e8eaa67ce
images/images/text-left-indent.png	SAMPLES/icons-VegesEffects/named_png/images/images/text-left-indent.png	1423437	1049	16	16	8bc103ca5bcbe47907325b1c18a2827d8824b8f4
images/images/text-bottom-align-hover.png	SAMPLES/icons-VegesEffects/named_png/images/images/text-bottom-align-hover.png	3711876	995	16	16	afd41e178493c0fa1729b38f4f5fe58f52b460e3
images/images/key-frame-void-disabled@2x.png	SAMPLES/icons-VegesEffects/named_png/images/images/key-frame-void-disabled@2x.png	525006	1051	32	32	bcb51c6a17e422417f767b139f6a6ecd07939790
images/images/mask-rounded-rect-menu-disabled.png	SAMPLES/icons-VegesEffects/named_png/images/images/mask-rounded-rect-menu-disabled.png	4204093	1079	16	16	d834a8819029e646c4bd624114199bd6d6a50352
images/images/mask-cutout-disabled@2x.png	SAMPLES/icons-VegesEffects/named_png/images/images/mask-cutout-disabled@2x.png	4558344	1357	32	32	4332ab87e3c3dff5341534c4a5d449326bd0b46b
images/images/export-content-disabled@2x.png	SAMPLES/icons-VegesEffects/named_png/images/images/export-content-disabled@2x.png	3848105	1023	32	32	7b3910a86930da529f34a22e3d353f4ffb308178
images/images/key-frame-empty-disabled.png	SAMPLES/icons-VegesEffects/named_png/images/images/key-frame-empty-disabled.png	2823974	1146	16	16	2bf4067d23da0c8d01732361a1d63c6a6837500c
images/images/distribute-vertically.png	SAMPLES/icons-VegesEffects/named_png/images/images/distribute-vertically.png	2932356	1077	16	16	66f29efaadd635a4a821f3a19599bd1b1345f373
images/images/mirror-horizontal-disabled@2x.png	SAMPLES/icons-VegesEffects/named_png/images/images/mirror-horizontal-disabled@2x.png	538068	1179	32	32	3e4c9ac8c394df9819d657535a0c1c031be51eac
images/images/layout-canvas-middle-checked.png	SAMPLES/icons-VegesEffects/named_png/images/images/layout-canvas-middle-checked.png	4623332	983	16	16	24be5eb3837718cf22977a076282e996147355b8
images/images/subscript-disabled@2x.png	SAMPLES/icons-VegesEffects/named_png/images/images/subscript-disabled@2x.png	957783	1068	32	32	79512f5f01a9483ccd4d1f05f8734a5afea7f4e5
images/images/transition-2d.png	SAMPLES/icons-VegesEffects/named_png/images/images/transition-2d.png	1028741	1212	16	16	6e7d3bc35f53ded886cb2de7590a98813b6fae5a
images/images/effect-behavior-plugin-disabled.png	SAMPLES/icons-VegesEffects/named_png/images/images/effect-behavior-plugin-disabled.png	271248	1182	16	16	b38711fe760c681a470705ec79e9406ce356dbfe
images/images/layout-canvas-left@2x.png	SAMPLES/icons-VegesEffects/named_png/images/images/layout-canvas-left@2x.png	382798	1039	32	32	45be1a6648121b2bebac847bc553fed7acbaf7bd
images/images/hud-textbox-overflow@2x.png	SAMPLES/icons-VegesEffects/named_png/images/images/hud-textbox-overflow@2x.png	3597478	1490	32	32	38103743eaa6ebced69f01ec878aadd2247b6aa2
images/images/file-video-disabled.png	SAMPLES/icons-VegesEffects/named_png/images/images/file-video-disabled.png	4719948	1111	16	16	d248715a81e6f9ed38015a9cfd157416b32dcebf
images/images/mask-disconnected-handle-disabled@2x.png	SAMPLES/icons-VegesEffects/named_png/images/images/mask-disconnected-handle-disabled@2x.png	3282138	1370	32	32	b6c1479ae6d96eb462ad7f34e346b7a575bc2f50
images/images/text-justified-disabled.png	SAMPLES/icons-VegesEffects/named_png/images/images/text-justified-disabled.png	3907615	960	16	16	b466990ea4372df3e74dc331c4d11832fc1306ca
images/images/distribute-bottom-disabled@2x.png	SAMPLES/icons-VegesEffects/named_png/images/images/distribute-bottom-disabled@2x.png	4938386	999	32	32	ae9df68dc3d4236f447c96958823013f566990ce
images/images/undo-hover@2x.png	SAMPLES/icons-VegesEffects/named_png/images/images/undo-hover@2x.png	31526	1345	32	32	41b87b0a64673f0a61905b11e8a653b968d483d4
images/images/browser-forward-hover.png	SAMPLES/icons-VegesEffects/named_png/images/images/browser-forward-hover.png	2916156	1042	16	16	9ff7fe168db6633e257785ffeeab05109a10e413
images/images/sound-off-hover@2x.png	SAMPLES/icons-VegesEffects/named_png/images/images/sound-off-hover@2x.png	1443507	1314	32	32	a26da4d32580fa7f448d39294d979bfe50517024
images/images/play-backwards.png	SAMPLES/icons-VegesEffects/named_png/images/images/play-backwards.png	272434	1066	16	16	384882a3861e1a457fc5ef09603a783951618bb4
images/images/export-queue-tidy.png	SAMPLES/icons-VegesEffects/named_png/images/images/export-queue-tidy.png	3712875	1075	16	16	54a1731cb2c4af83b02d8f85e6addc9dddcd34a6
images/images/key-frame-next-hover@2x.png	SAMPLES/icons-VegesEffects/named_png/images/images/key-frame-next-hover@2x.png	227298	1114	32	32	b7da95b6427adbe2b64fd35aa11988c3e54be922
images/images/unlinked@2x.png	SAMPLES/icons-VegesEffects/named_png/images/images/unlinked@2x.png	3542353	1777	32	32	4caedfdbb8dd9312cec408963b06139c203415de
images/images/caret-left-disabled.png	SAMPLES/icons-VegesEffects/named_png/images/images/caret-left-disabled.png	1363376	1047	16	16	39fc1b45dc9480545cd98fae74dcbd0a1596325b
images/images/save-hover@2x.png	SAMPLES/icons-VegesEffects/named_png/images/images/save-hover@2x.png	4101323	1214	32	32	809bed38eabf1a502b736385651bcdff22b063af
images/images/linked@2x.png	SAMPLES/icons-VegesEffects/named_png/images/images/linked@2x.png	242703	1650	32	32	9b83a8cc3b7c6e6acedf031cd8c16f0b27b3fe7a
images/images/mask-square-menu-disabled@2x.png	SAMPLES/icons-VegesEffects/named_png/images/images/mask-square-menu-disabled@2x.png	968245	1029	32	32	88b48e38e81ec759f1774b9774bc86a71788375a
images/images/mask-circle-hover@2x.png	SAMPLES/icons-VegesEffects/named_png/images/images/mask-circle-hover@2x.png	4235415	1338	32	32	6296c557e87793a3bb0702b9f5533e189fd32d20
images/images/linear@2x.png	SAMPLES/icons-VegesEffects/named_png/images/images/linear@2x.png	3043199	1135	32	32	8e52b1e6851885833b48abdebf56ea1851812c28
images/images/effect-audio-checked@2x.png	SAMPLES/icons-VegesEffects/named_png/images/images/effect-audio-checked@2x.png	4460712	1207	32	32	bb4554f8e66b87ac24b0579a039534be663dbeb9
images/images/dummy-transparent-checked@2x.png	SAMPLES/icons-VegesEffects/named_png/images/images/dummy-transparent-checked@2x.png	3727213	955	32	32	d0d27a0c782cd66a682104e742b3953f9233d213
images/images/export-in-out.png	SAMPLES/icons-VegesEffects/named_png/images/images/export-in-out.png	1406157	1073	16	16	253df29acba08f1c39ff5f59521fd76116829641
images/images/roll-hover@2x.png	SAMPLES/icons-VegesEffects/named_png/images/images/roll-hover@2x.png	490904	1083	32	32	0161da3270b5072333c07eb741afff1358d58c44
images/images/redo-hover@2x.png	SAMPLES/icons-VegesEffects/named_png/images/images/redo-hover@2x.png	17998	1359	32	32	8fbe03c63fbf3cebc2c18e0873e73d05ca6aea7f
images/images/key-frame-off@2x.png	SAMPLES/icons-VegesEffects/named_png/images/images/key-frame-off@2x.png	3094198	1308	32	32	b62ef4ab47797589e22d466ca63186f9a0ea9cd2
images/images/unlock.png	SAMPLES/icons-VegesEffects/named_png/images/images/unlock.png	5002128	1207	16	16	0e7ef7fe71b19a08cd23aabb6d19feb406cbc4f8
images/images/export-in-out@2x.png	SAMPLES/icons-VegesEffects/named_png/images/images/export-in-out@2x.png	1094966	1183	32	32	ea42dea50822f954d6251753394b74c0ae49d937
images/images/align-right-checked@2x.png	SAMPLES/icons-VegesEffects/named_png/images/images/align-right-checked@2x.png	4986173	984	32	32	71611a02b1ebeb8c34456aa4d2e92e4205396e21
images/images/cursor-slip-disabled.png	SAMPLES/icons-VegesEffects/named_png/images/images/cursor-slip-disabled.png	5107833	1089	32	32	e1e944628a400f6c9d2a4a4a156e5a7ee57d9e73
images/images/two-d-checked@2x.png	SAMPLES/icons-VegesEffects/named_png/images/images/two-d-checked@2x.png	4083199	994	32	32	591afb0c12eccb6aae7fbaac89cc42c34d92768d
images/images/straighten-checked@2x.png	SAMPLES/icons-VegesEffects/named_png/images/images/straighten-checked@2x.png	4817751	1258	32	32	3a93cc13a2c9ce46221d5439f52d31953c6b3666
images/images/effect-audio-disabled.png	SAMPLES/icons-VegesEffects/named_png/images/images/effect-audio-disabled.png	4066635	1106	16	16	f8a50d55753ef7e8b997b55be9e755d0b364ebe3
images/images/slip-hover@2x.png	SAMPLES/icons-VegesEffects/named_png/images/images/slip-hover@2x.png	3175350	1113	32	32	f17bb9be77cd03d57658ba3efe2148ee08a274b4
images/images/text-right-indent@2x.png	SAMPLES/icons-VegesEffects/named_png/images/images/text-right-indent@2x.png	195481	1104	32	32	81f5e152b4936c41bae711b7a4d23892ed64a683
images/images/lock.png	SAMPLES/icons-VegesEffects/named_png/images/images/lock.png	1218688	1200	16	16	6705f12fff762c170929b6a2b6a390958a05f502
images/images/clock.png	SAMPLES/icons-VegesEffects/named_png/images/images/clock.png	4977965	1421	16	16	7b0a7b26b8d46e749d77e8bfd1030d66aeb1f78f
images/images/close-circle-disabled@2x.png	SAMPLES/icons-VegesEffects/named_png/images/images/close-circle-disabled@2x.png	3719711	1539	32	32	2d84498381d064f663fd60940088dfea4ca2d9f2
images/images/snap-hover@2x.png	SAMPLES/icons-VegesEffects/named_png/images/images/snap-hover@2x.png	908824	1290	32	32	f5cced32aca0110cde8d6e8df8a1fbef2515fb73
images/images/auto-hover.png	SAMPLES/icons-VegesEffects/named_png/images/images/auto-hover.png	4498283	1028	38	16	ce7fd141b771f7ba7ff401640c1db1bc88514017
images/images/undo-hover.png	SAMPLES/icons-VegesEffects/named_png/images/images/undo-hover.png	3239659	1200	16	16	ca636057b308e81bd98f156444fe512ce2b597c5
images/images/constant-checked@2x.png	SAMPLES/icons-VegesEffects/named_png/images/images/constant-checked@2x.png	5510004	984	32	32	8118f14993ab4551f0ec0120f44be63576f966fa
images/images/margin-bottom-hover@2x.png	SAMPLES/icons-VegesEffects/named_png/images/images/margin-bottom-hover@2x.png	3834366	984	32	32	e65cc79e5c5c5927e3ef17d8f2b57a0d9e84c3ff
images/images/color-wheel-handle.png	SAMPLES/icons-VegesEffects/named_png/images/images/color-wheel-handle.png	4507626	1234	122	122	7fa9f709df5749f39b0c60288b0adbd29c5894ee
images/images/play-hover@2x.png	SAMPLES/icons-VegesEffects/named_png/images/images/play-hover@2x.png	2858981	1094	32	32	f3dde006bbf89a4ae7b9613d8ccbf6ee1dd31af3
images/images/portrait-checked.png	SAMPLES/icons-VegesEffects/named_png/images/images/portrait-checked.png	3979018	1045	16	16	5710454fa215333afb5504edd68637a6199b159d
images/images/add-container-south-checked.png	SAMPLES/icons-VegesEffects/named_png/images/images/add-container-south-checked.png	4568331	1074	32	64	98b722f53071ca017579f395de658362b43658e8
images/images/triangle-outline-disabled.png	SAMPLES/icons-VegesEffects/named_png/images/images/triangle-outline-disabled.png	2955870	1125	16	16	955a042fc5c3a8d6e953b6646045e3686c1782f8
images/images/make-composite-hover@2x.png	SAMPLES/icons-VegesEffects/named_png/images/images/make-composite-hover@2x.png	2876550	1023	32	32	f207b45bf6a070b8bd7976250df41848739ae507
images/images/transform-rotate-hover.png	SAMPLES/icons-VegesEffects/named_png/images/images/transform-rotate-hover.png	5119382	1444	16	16	671f52132d64de36b63b58aa705fb271cb090ffb
images/images/top-left-hover.png	SAMPLES/icons-VegesEffects/named_png/images/images/top-left-hover.png	4183894	979	16	16	3df9ac9a9725a67fbadb694ee4a2fe17a34b6905
images/images/text-right-justified-checked.png	SAMPLES/icons-VegesEffects/named_png/images/images/text-right-justified-checked.png	2765790	960	16	16	2566101ee3e299b9bc8f4265ed023b5eda09944b
images/images/brush-remove.png	SAMPLES/icons-VegesEffects/named_png/images/images/brush-remove.png	3113957	1145	16	16	c4805876f18af0d6b5951f3a88eb5306a2155b15
images/images/file-transition-checked@2x.png	SAMPLES/icons-VegesEffects/named_png/images/images/file-transition-checked@2x.png	4111777	1433	32	32	e8b556fc2e539ff6c09b9405abf9ebb71ccee443
images/images/mask-hover@2x.png	SAMPLES/icons-VegesEffects/named_png/images/images/mask-hover@2x.png	4669984	1210	32	32	744c4f8aa4595582339b08f78b3cf0aeb713c85b
images/images/mask-square-handle-disabled@2x.png	SAMPLES/icons-VegesEffects/named_png/images/images/mask-square-handle-disabled@2x.png	4636725	1222	32	32	00ec6e6c838dbbf4833556c8bdd745266fa31a74
images/images/track-select-backward-hover.png	SAMPLES/icons-VegesEffects/named_png/images/images/track-select-backward-hover.png	557217	1056	16	16	f94f2b4f2bd823a1291f52a2de03ec05d5bfe0e0
images/images/menu-hover@2x.png	SAMPLES/icons-VegesEffects/named_png/images/images/menu-hover@2x.png	3208126	977	32	32	ff217111be5bb4a43ed7588dc89c7f8116549d90
images/images/panel-hover.png	SAMPLES/icons-VegesEffects/named_png/images/images/panel-hover.png	5261196	974	16	16	ec9c760d24580e34d339202b9256d5b5e43dde86
images/images/loop-hover@2x.png	SAMPLES/icons-VegesEffects/named_png/images/images/loop-hover@2x.png	4972309	1074	32	32	b29ff468db3ba976e1312fb599f4f0c9487b2ccb
images/images/lock-hover@2x.png	SAMPLES/icons-VegesEffects/named_png/images/images/lock-hover@2x.png	1207438	1287	32	32	d4ebd745dfed0e8fc8a7898130f74f7d035edd67
images/images/left-hover@2x.png	SAMPLES/icons-VegesEffects/named_png/images/images/left-hover@2x.png	5450260	995	32	32	6ec1d95110d92a8ade79658ea758166d4a2bd1e9
images/images/template-hover@2x.png	SAMPLES/icons-VegesEffects/named_png/images/images/template-hover@2x.png	3523915	1062	32	32	7d61670cfaf52bb876ce438d31c7766badfbbfb6
images/images/bottom-left-hover.png	SAMPLES/icons-VegesEffects/named_png/images/images/bottom-left-hover.png	5244392	982	16	16	090b0b54731509e17ee4b351078382453cddb279
images/images/checkbox-unchecked-hover@2x.png	SAMPLES/icons-VegesEffects/named_png/images/images/checkbox-unchecked-hover@2x.png	1472508	984	32	32	a191e4ee069b7d466a7259260a1c934dea01ea6a
images/images/text-middle-align-hover.png	SAMPLES/icons-VegesEffects/named_png/images/images/text-middle-align-hover.png	4530502	1030	16	16	e9c5c8e08c352add50d67c5489e40242765718a8
images/images/file-hover@2x.png	SAMPLES/icons-VegesEffects/named_png/images/images/file-hover@2x.png	3143453	1063	32	32	ab907a4718c8f37b740fb5c920cb264c35bf3c1b
images/images/snap-hover.png	SAMPLES/icons-VegesEffects/named_png/images/images/snap-hover.png	5567598	1150	16	16	7ec6a06d5001f5741dd2ae4209c3571a9eb24b91
images/images/font-hover@2x.png	SAMPLES/icons-VegesEffects/named_png/images/images/font-hover@2x.png	4087986	1233	32	32	1409ab42d3a464b1cec37044b1fc4a4f8140847c
images/images/effect-ofx-plugin-hover.png	SAMPLES/icons-VegesEffects/named_png/images/images/effect-ofx-plugin-hover.png	4442759	1189	16	16	f2533ede3d582b7e79186caf7f65aeab06116539
images/images/pipette-hover@2x.png	SAMPLES/icons-VegesEffects/named_png/images/images/pipette-hover@2x.png	989918	1370	32	32	023df965bab227944816e224193e5a2c6de2aaa9
images/images/layout-2-hover@2x.png	SAMPLES/icons-VegesEffects/named_png/images/images/layout-2-hover@2x.png	4116309	978	32	32	4dcd57c51f88a5fb43e7378cd415751721b6859d
images/images/layout-4-hover@2x.png	SAMPLES/icons-VegesEffects/named_png/images/images/layout-4-hover@2x.png	368216	979	32	32	3529b92e1d4fa48200699f0476553ce621175437
images/images/layout-1-hover@2x.png	SAMPLES/icons-VegesEffects/named_png/images/images/layout-1-hover@2x.png	4397779	974	32	32	31a99be501115da0a7d0138bea124b32e38e4519
images/images/hendecagon-outline-hover@2x.png	SAMPLES/icons-VegesEffects/named_png/images/images/hendecagon-outline-hover@2x.png	544522	1359	32	32	cdc88142219274ece188853cbbb2fa5eb4625c48
images/images/top-disabled.png	SAMPLES/icons-VegesEffects/named_png/images/images/top-disabled.png	981483	1010	16	16	df4aa4aa918a6b252529d4d9ad0ea66999146837
images/images/motion-blur.png	SAMPLES/icons-VegesEffects/named_png/images/images/motion-blur.png	4682144	1194	16	16	fcc3e7ae5ed293dd0bb11d02f1b2427747bc2a01
images/images/transform-rotate@2x.png	SAMPLES/icons-VegesEffects/named_png/images/images/transform-rotate@2x.png	269725	1519	32	32	3629c7208e3999e32645edfa7515bc00655797ee
images/images/list-sort-desc-hover.png	SAMPLES/icons-VegesEffects/named_png/images/images/list-sort-desc-hover.png	3731378	1134	16	16	1223eda370f492f4e72df2c67538725b70ee73ba
images/images/home-hover@2x.png	SAMPLES/icons-VegesEffects/named_png/images/images/home-hover@2x.png	2897527	1102	32	32	4b7117da9b6bf3b66cc7c2dd579a62545461bad9
images/images/pin-disabled.png	SAMPLES/icons-VegesEffects/named_png/images/images/pin-disabled.png	5095204	1222	16	16	4f8c7a569951943f621196a4a008f9b55ecd7051
images/images/pen-disabled.png	SAMPLES/icons-VegesEffects/named_png/images/images/pen-disabled.png	5319993	1162	16	16	c52126026ff435ceb9184c443f700d2bea712f9b
images/images/hand-hover@2x.png	SAMPLES/icons-VegesEffects/named_png/images/images/hand-hover@2x.png	1445896	1308	32	32	9d5780fbb8ca2d116b141594366ad6895281860e
images/images/gray-hover@2x.png	SAMPLES/icons-VegesEffects/named_png/images/images/gray-hover@2x.png	5583084	978	32	32	e9799ed576dc67292bd83e30ba1ecf1abf20614e
images/images/grid-hover@2x.png	SAMPLES/icons-VegesEffects/named_png/images/images/grid-hover@2x.png	4174266	1221	32	32	5e318b765902fa11caab898c8a0c11bfa30a68a5
images/images/dialog-critical.png	SAMPLES/icons-VegesEffects/named_png/images/images/dialog-critical.png	49843	1389	32	32	f537050d76c19f192ac469b457600d415783e708
images/images/help-hover@2x.png	SAMPLES/icons-VegesEffects/named_png/images/images/help-hover@2x.png	3346855	1682	32	32	7f24546f3b7a7bd31a2d1e65fb25a91514ba26e5
images/images/camera-zoom.png	SAMPLES/icons-VegesEffects/named_png/images/images/camera-zoom.png	1049858	1263	32	32	db8411af28d49871af7fda0967da7f3e50cf1e30
images/images/add-disabled.png	SAMPLES/icons-VegesEffects/named_png/images/images/add-disabled.png	1399256	1207	16	16	3d120729309126c8b07a294b7087927bdf7e5c25
images/images/bold-hover@2x.png	SAMPLES/icons-VegesEffects/named_png/images/images/bold-hover@2x.png	5103157	1194	32	32	41d4e606fee089b926712ce89f46bfc7094ccc51
images/images/auto-hover@2x.png	SAMPLES/icons-VegesEffects/named_png/images/images/auto-hover@2x.png	4764073	1134	76	32	3850ecedce0d2bce8e600e04d9316e06a5b3fdf1
images/images/new-add-plus-disabled@2x.png	SAMPLES/icons-VegesEffects/named_png/images/images/new-add-plus-disabled@2x.png	2875232	1314	32	32	e63b5ebedbe9c6b69f1364e45dc80ea66f83edbf
images/images/smallcaps@2x.png	SAMPLES/icons-VegesEffects/named_png/images/images/smallcaps@2x.png	394800	1051	32	32	a877923869760f48bd9e3cc5fa6ef079205b8083
images/images/redo-checked.png	SAMPLES/icons-VegesEffects/named_png/images/images/redo-checked.png	4813277	1228	16	16	b92f3ddb405e25de2cabc92a15f8ba263a36646d
images/images/pointer-menu-disabled.png	SAMPLES/icons-VegesEffects/named_png/images/images/pointer-menu-disabled.png	4244618	1287	16	16	4afb93dfa073f51dad43be4afc90ffbe91de76bc
images/images/undo-checked.png	SAMPLES/icons-VegesEffects/named_png/images/images/undo-checked.png	3001970	1222	16	16	0ef03bf408fd005bedb548dbb5c8e19d8b087858
images/images/checkbox-checked-disabled@2x.png	SAMPLES/icons-VegesEffects/named_png/images/images/checkbox-checked-disabled@2x.png	3615039	1114	32	32	d1194516bf0317952534c11453691b5a33f5e858
images/images/crop-hover@2x.png	SAMPLES/icons-VegesEffects/named_png/images/images/crop-hover@2x.png	4819013	1089	32	32	ef16833d3c7d8e66e02ed1956c1100db320b8295
images/images/ripple-menu@2x.png	SAMPLES/icons-VegesEffects/named_png/images/images/ripple-menu@2x.png	112702	1160	32	32	0fc11189d23c0c3384d291d6b3b2803ecac998f3
images/images/mask-complete-path.png	SAMPLES/icons-VegesEffects/named_png/images/images/mask-complete-path.png	5138637	1283	16	16	d21ea86340c5c941de1061440259d6e9982084d8
images/images/auto-checked.png	SAMPLES/icons-VegesEffects/named_png/images/images/auto-checked.png	4349408	1028	38	16	57f401c9e67b1740cfe6ba5c3cf7b9666021aac8
images/images/layout-1-checked.png	SAMPLES/icons-VegesEffects/named_png/images/images/layout-1-checked.png	4756651	949	16	16	e04cdfbb2e4cba8f54cccbeeb94a4f508742eaf1
images/images/pipette-checked.png	SAMPLES/icons-VegesEffects/named_png/images/images/pipette-checked.png	3746748	1278	16	16	4afaeedaa20b3a4735d815bbc4f8ac8e2ae31f53
images/images/logo.png	SAMPLES/icons-VegesEffects/named_png/images/images/logo.png	549704	952	32	32	f5181e474293a0d7610c9eff15da581d0d2f1e28
images/images/cursor-ripple-left-hover.png	SAMPLES/icons-VegesEffects/named_png/images/images/cursor-ripple-left-hover.png	2922804	1324	32	32	77518b1e5b8641e5269f64e6b86304b545edad82
images/images/file-picture-checked@2x.png	SAMPLES/icons-VegesEffects/named_png/images/images/file-picture-checked@2x.png	5280938	1265	32	32	8d1a723298b08b967ef78244606ec4d42ab88361
images/images/distribute-horizontally-checked.png	SAMPLES/icons-VegesEffects/named_png/images/images/distribute-horizontally-checked.png	3998574	976	16	16	0d29f281c315208e2c0d066444359ad92e395007
images/images/mask-union-hover@2x.png	SAMPLES/icons-VegesEffects/named_png/images/images/mask-union-hover@2x.png	4536709	974	32	32	68912b37a676dd455fdeff8c44ec32fcae9fa99e
images/images/mask-star-menu.png	SAMPLES/icons-VegesEffects/named_png/images/images/mask-star-menu.png	5555253	1275	16	16	5ab4febca8785a8d6873a7142fe31f3da7a8ebac
images/images/caret-right-checked@2x.png	SAMPLES/icons-VegesEffects/named_png/images/images/caret-right-checked@2x.png	390215	1108	32	32	d34817bea66a57f957d4a2ff186ab5c36bffa3b6
images/images/camera-dolly-checked.png	SAMPLES/icons-VegesEffects/named_png/images/images/camera-dolly-checked.png	3324812	1111	32	32	9aac8be506adfa55b4c9505e3481c96a4294cfec
images/images/cursor-resize-checked@2x.png	SAMPLES/icons-VegesEffects/named_png/images/images/cursor-resize-checked@2x.png	408084	1538	64	64	e5f1ea1dea4c2f0804b7f66c9dac52097825c456
images/images/smallcaps-checked@2x.png	SAMPLES/icons-VegesEffects/named_png/images/images/smallcaps-checked@2x.png	4291726	1036	32	32	9ce91a094a7e5525880dd82a5f34db816e18e6d8
images/images/pause-hover.png	SAMPLES/icons-VegesEffects/named_png/images/images/pause-hover.png	253703	958	16	16	43cf673a9f8b3ded2fc40ea02dd1d497efddbc4f
images/images/layout-canvas-bottom-hover@2x.png	SAMPLES/icons-VegesEffects/named_png/images/images/layout-canvas-bottom-hover@2x.png	2938373	1029	32	32	c1a208d2f3dc55bb9446aef9909b23ec633f70dd
images/images/caret-up-checked.png	SAMPLES/icons-VegesEffects/named_png/images/images/caret-up-checked.png	1455343	1012	16	16	0768b9f70e137ffe1432b71e6461f32cd2e909da
images/images/brush-add-hover.png	SAMPLES/icons-VegesEffects/named_png/images/images/brush-add-hover.png	4075148	1104	16	16	ab794ccc1902c59cc071640de9f99bec4bdb7efb
images/images/cursor-resize-right.png	SAMPLES/icons-VegesEffects/named_png/images/images/cursor-resize-right.png	1202337	1265	32	32	230cd7ebe9de5c45e1b82aa037defa7e1ad0a7af
images/images/three-d-unrolled-checked.png	SAMPLES/icons-VegesEffects/named_png/images/images/three-d-unrolled-checked.png	19361	1161	16	16	df830a3248153c424a06c2474884f730d118c5fe
images/images/key-frame-ease-in-hover@2x.png	SAMPLES/icons-VegesEffects/named_png/images/images/key-frame-ease-in-hover@2x.png	1456359	1125	32	32	c08dd306789f6d6e1b1f1c3c5a68d924b1484537
images/images/underline-hover@2x.png	SAMPLES/icons-VegesEffects/named_png/images/images/underline-hover@2x.png	5503229	1036	32	32	d682f7d55e522a8d18f770d97671aef147a5cce2
images/images/check-only-checked.png	SAMPLES/icons-VegesEffects/named_png/images/images/check-only-checked.png	4345230	1048	16	16	8d5b62e625ee4b2a70cdbd6b4dd6014ca6c7de0b
images/images/export-queue-layered@2x.png	SAMPLES/icons-VegesEffects/named_png/images/images/export-queue-layered@2x.png	1112194	1717	32	32	480150fc5261260ec91a3bf73768739adf97e895
images/images/track-select-backward@2x.png	SAMPLES/icons-VegesEffects/named_png/images/images/track-select-backward@2x.png	46027	1222	32	32	ae3aadf516492ff5bdeee0f169f189fc7a9057fd
images/images/mask-rounded-rect-hover.png	SAMPLES/icons-VegesEffects/named_png/images/images/mask-rounded-rect-hover.png	4737589	1054	16	16	e40fd918936dd4a342d8a05c2daec1921e1027fc
images/images/file-transition-hover.png	SAMPLES/icons-VegesEffects/named_png/images/images/file-transition-hover.png	939378	1194	16	16	d7b2004a81592399c2e1c8d7de553c24defc5af1
images/images/add-container-west-hover@2x.png	SAMPLES/icons-VegesEffects/named_png/images/images/add-container-west-hover@2x.png	4785561	1175	128	64	678e3c5b61d48f45528b4f8d5e8b3acd03b98d0e
images/images/add-composite-shot-disabled@2x.png	SAMPLES/icons-VegesEffects/named_png/images/images/add-composite-shot-disabled@2x.png	3261035	1167	32	32	2805f6c3c45fac93526ed6a24a103922000bcc29
images/images/octagon-outline-hover.png	SAMPLES/icons-VegesEffects/named_png/images/images/octagon-outline-hover.png	4122341	1149	16	16	f349774a80163453bf0e82c63626452c61fdab67
images/images/effect-behavior-plugin.png	SAMPLES/icons-VegesEffects/named_png/images/images/effect-behavior-plugin.png	4314583	1213	16	16	5f4e1e9a9ea8e77dfa7132f58aeb862f28820e50
images/images/text-gap-after-paragraph-checked@2x.png	SAMPLES/icons-VegesEffects/named_png/images/images/text-gap-after-paragraph-checked@2x.png	1479970	985	32	32	ea7f6fbecb061f08402da1fb5dfebb9f534958c0
images/images/baseline-shift-hover.png	SAMPLES/icons-VegesEffects/named_png/images/images/baseline-shift-hover.png	5449064	1192	16	16	dcee1633418c24b8817e7540cb82bf2771f4bdd2
images/images/key-frame-ease-in-checked@2x.png	SAMPLES/icons-VegesEffects/named_png/images/images/key-frame-ease-in-checked@2x.png	5168091	1125	32	32	d7dffd6a88ef185b431c77b923c0d40a3df96297
images/images/action-ignore@2x.png	SAMPLES/icons-VegesEffects/named_png/images/images/action-ignore@2x.png	69397	1829	64	64	c6c190689d5c00bfe6d0d17a483743448d30b160
images/images/distribute-right.png	SAMPLES/icons-VegesEffects/named_png/images/images/distribute-right.png	982497	1029	16	16	7f395428111d82c7cd62f8793e64b72627654cef
images/images/file-list-small-hover.png	SAMPLES/icons-VegesEffects/named_png/images/images/file-list-small-hover.png	356022	1020	16	16	4b7aeb7adfe61fd307b7461a804947c87193bba2
images/images/mask-complete-path-disabled@2x.png	SAMPLES/icons-VegesEffects/named_png/images/images/mask-complete-path-disabled@2x.png	3969546	1546	32	32	8123bb928f74a568225f9ff6b24aecaeb84429fd
images/images/clipboard-cut-disabled@2x.png	SAMPLES/icons-VegesEffects/named_png/images/images/clipboard-cut-disabled@2x.png	5478498	1685	32	32	c2e0cc5cf837c46b98c37c16cb6169546eaea8cc
images/images/most-used-checked.png	SAMPLES/icons-VegesEffects/named_png/images/images/most-used-checked.png	4313617	962	16	16	77bf68e8a9a0312b785235540abd6ce93af719e8
images/images/gray-caret-disabled@2x.png	SAMPLES/icons-VegesEffects/named_png/images/images/gray-caret-disabled@2x.png	2988617	1054	32	32	e434d52bba2497b474f8771c6cc94833b5ceb823
images/images/render-timeline.png	SAMPLES/icons-VegesEffects/named_png/images/images/render-timeline.png	4124610	1243	16	16	e7a5e24fe6b9b8aef6a222889e0808b91559f4f0
images/images/effect-ae-plugin-checked@2x.png	SAMPLES/icons-VegesEffects/named_png/images/images/effect-ae-plugin-checked@2x.png	2941342	1348	32	32	b5fb76a053b65ca3a9c21efd878096be87c85f28
images/images/cursor-resize-right-checked.png	SAMPLES/icons-VegesEffects/named_png/images/images/cursor-resize-right-checked.png	4056204	1265	32	32	0ee769b6e5ea8bcdf17d5c8c452dfcb02a93aa42
images/images/margin-top-disabled.png	SAMPLES/icons-VegesEffects/named_png/images/images/margin-top-disabled.png	3958224	1002	16	16	e413b09fa311a5c296b5e6468b71c6ca73ec4a86
images/images/checkbox-mixed.png	SAMPLES/icons-VegesEffects/named_png/images/images/checkbox-mixed.png	1457488	1022	16	16	5fadd96d7b6826041347adba6b8710a5c7b2ce9c
images/images/proxy-queue-pause-hover@2x.png	SAMPLES/icons-VegesEffects/named_png/images/images/proxy-queue-pause-hover@2x.png	5356160	1295	32	32	c70c4a1343670ea299a763e9580ae753a2e8bdc8
images/images/text-left-indent-hover.png	SAMPLES/icons-VegesEffects/named_png/images/images/text-left-indent-hover.png	5525909	1011	16	16	57f7618aedbbebec99e778da4f9aed2d387ec3f0
images/images/video-on@2x.png	SAMPLES/icons-VegesEffects/named_png/images/images/video-on@2x.png	5196736	1944	32	32	d2064d542441bd0c1c76cbcc5d5c24095b39fb60
images/images/text-top-indent@2x.png	SAMPLES/icons-VegesEffects/named_png/images/images/text-top-indent@2x.png	4516414	1071	32	32	463e0b9be511a6413c8c278a4234ec67f13363c6
images/images/distribute-horizontally-disabled@2x.png	SAMPLES/icons-VegesEffects/named_png/images/images/distribute-horizontally-disabled@2x.png	5028031	1022	32	32	12f8915bf5f71bcaee7d12a12fce3a8578854112
images/images/dial-background-disabled.png	SAMPLES/icons-VegesEffects/named_png/images/images/dial-background-disabled.png	1409667	1272	32	32	4941577bae57ae88e39f408e856ab242aac709e1
images/images/layout-2-1-hover@2x.png	SAMPLES/icons-VegesEffects/named_png/images/images/layout-2-1-hover@2x.png	4553983	988	32	32	539e08411c603574b273d43c227f4114b3086387
images/images/layout-2-2-hover@2x.png	SAMPLES/icons-VegesEffects/named_png/images/images/layout-2-2-hover@2x.png	4273509	986	32	32	a4b9cd5f03ef091edf484af404c83ade450b839b
images/images/checkbox-mixed-checked.png	SAMPLES/icons-VegesEffects/named_png/images/images/checkbox-mixed-checked.png	1153373	973	16	16	09309dbadac4034374e84246fe5601090e61c466
images/images/bold.png	SAMPLES/icons-VegesEffects/named_png/images/images/bold.png	1183664	1113	16	16	c0f73169b73c1981e3cb5da77ce004ab6efdae76
images/images/landscape-hover.png	SAMPLES/icons-VegesEffects/named_png/images/images/landscape-hover.png	3328250	1053	16	16	a5cb49bc6ecc3307f96bd1b990f0d32d8b951cfa
images/images/mask-add-point-checked.png	SAMPLES/icons-VegesEffects/named_png/images/images/mask-add-point-checked.png	4446619	1216	16	16	06c6c2f28866f08c58ac9bc26b32ba103b62307d
images/images/gradient-stop-checked.png	SAMPLES/icons-VegesEffects/named_png/images/images/gradient-stop-checked.png	3424325	1002	16	16	c9c8e25ae85b502e597431d59538f781f6104687
images/images/text-layer.png	SAMPLES/icons-VegesEffects/named_png/images/images/text-layer.png	343200	1147	16	16	f6be520253bbeb79283ad4f5289f19c49dbe7a9a
images/images/dialog-warning-disabled.png	SAMPLES/icons-VegesEffects/named_png/images/images/dialog-warning-disabled.png	124531	1465	32	32	e0024739244c71f9f04c0464663046d49c538ab9
images/images/roll.png	SAMPLES/icons-VegesEffects/named_png/images/images/roll.png	3803873	1035	16	16	c6f2ad8a61e3b32166e583026a6252cada8faa21
images/images/distribute-vertically-hover.png	SAMPLES/icons-VegesEffects/named_png/images/images/distribute-vertically-hover.png	1070990	978	16	16	a837f96198bddeeaa5fd3b8f8e0d8544f4a4ccfa
images/images/dummy-transparent-disabled@2x.png	SAMPLES/icons-VegesEffects/named_png/images/images/dummy-transparent-disabled@2x.png	3167345	955	32	32	2398075db4ab5294224d1ea6023e1fc356a07d78
images/images/layout-distribute-between-horizontal-checked@2x.png	SAMPLES/icons-VegesEffects/named_png/images/images/layout-distribute-between-horizontal-checked@2x.png	2857990	987	32	32	b3fbe69dbe46755846c873138bf68737f1d87ff3
images/images/slip-checked@2x.png	SAMPLES/icons-VegesEffects/named_png/images/images/slip-checked@2x.png	4311498	1113	32	32	be21105713ffdec6092d3fa4aa53d04f5c64c151
images/images/frame-first-disabled@2x.png	SAMPLES/icons-VegesEffects/named_png/images/images/frame-first-disabled@2x.png	5366854	1078	32	32	e91db0bbc3cfb463d447cdc67ba61148c16b392f
images/images/transition-2d-hover.png	SAMPLES/icons-VegesEffects/named_png/images/images/transition-2d-hover.png	3404110	1186	16	16	013ff4ab6a4e98b0e74a71ca09620f2137f79d71
images/images/effect-audio-disabled@2x.png	SAMPLES/icons-VegesEffects/named_png/images/images/effect-audio-disabled@2x.png	5277822	1179	32	32	fee55d4419686305981eb8d79aab17b17eab7d9b
images/images/frame-out-disabled@2x.png	SAMPLES/icons-VegesEffects/named_png/images/images/frame-out-disabled@2x.png	168896	1101	32	32	3573522d2f51c3a53aba1574b6c91a340c680d9a
images/images/animation-graph-disabled.png	SAMPLES/icons-VegesEffects/named_png/images/images/animation-graph-disabled.png	5541486	1029	16	16	5941c07113f10ca0a3dcd5db1a9e50998e34b4fa
images/images/slide-menu-disabled.png	SAMPLES/icons-VegesEffects/named_png/images/images/slide-menu-disabled.png	3804912	1073	16	16	2917244e10da88b4d4997d554e18e77fe7dfcdd9
images/images/key-frame-auto-bezier-hover@2x.png	SAMPLES/icons-VegesEffects/named_png/images/images/key-frame-auto-bezier-hover@2x.png	3044338	1218	32	32	b44d75ebba6531e4eab01010cd4d0a1ebdaf35d9
images/images/distribute-bottom-hover@2x.png	SAMPLES/icons-VegesEffects/named_png/images/images/distribute-bottom-hover@2x.png	3333488	990	32	32	9930930ac56ff957baad394a5956594b719fa4f6
images/images/home.png	SAMPLES/icons-VegesEffects/named_png/images/images/home.png	1052475	1048	16	16	12a0534dc659bfb8e8e9d8edd6c7c32949ff0c0b
images/images/vector-path@2x.png	SAMPLES/icons-VegesEffects/named_png/images/images/vector-path@2x.png	4925404	1175	32	32	2020a38a3a3bee4d356d37d7227f7c349f04763a
images/images/capitalize@2x.png	SAMPLES/icons-VegesEffects/named_png/images/images/capitalize@2x.png	4247092	1126	32	32	de8ad09e001f931b8353b265ce42661f33b8dd20
images/images/folder-locked-open-disabled@2x.png	SAMPLES/icons-VegesEffects/named_png/images/images/folder-locked-open-disabled@2x.png	3379172	1420	32	32	a5eecffb26143acfbee095b44f951f9e22351d63
images/images/mask-square-disabled.png	SAMPLES/icons-VegesEffects/named_png/images/images/mask-square-disabled.png	312260	973	16	16	ac24ee4e48af800d9583d7b9c8ad591162110507
images/images/layout-distribute-between-horizontal-checked.png	SAMPLES/icons-VegesEffects/named_png/images/images/layout-distribute-between-horizontal-checked.png	4300500	968	16	16	dbd653f8e9044363e5ba80f42a2f576bef09bed9
images/images/pointer-checked.png	SAMPLES/icons-VegesEffects/named_png/images/images/pointer-checked.png	4475674	1261	16	16	e4797a543031a443fa81eebb72ac61bdc4201be7
images/images/mask-bend-path-hover.png	SAMPLES/icons-VegesEffects/named_png/images/images/mask-bend-path-hover.png	1122189	1335	16	16	4ecc529855aac0c373100172de33c0c25307a1da
images/images/motion-blur-disabled@2x.png	SAMPLES/icons-VegesEffects/named_png/images/images/motion-blur-disabled@2x.png	466093	1428	32	32	b382a327f84fccf330dfde9af30d537041f6b6ce
images/images/eraser-disabled@2x.png	SAMPLES/icons-VegesEffects/named_png/images/images/eraser-disabled@2x.png	3697083	955	32	32	c504e89a5bc59538c4730ea6c19c6440fa10d054
images/images/three-d-unrolled-disabled.png	SAMPLES/icons-VegesEffects/named_png/images/images/three-d-unrolled-disabled.png	5252642	1217	16	16	15f87b7e1af82961f89d97649e6dc2c637ede30f
images/images/camera-zoom-disabled@2x.png	SAMPLES/icons-VegesEffects/named_png/images/images/camera-zoom-disabled@2x.png	5117864	1514	64	64	572f23fca84400ef9bd804061b1ad4784d4401d0
images/images/straighten-disabled@2x.png	SAMPLES/icons-VegesEffects/named_png/images/images/straighten-disabled@2x.png	38954	1342	32	32	0fc48b9b3a69dc7cb879af376c07fc0d6d1187f6
images/images/crosshair-black-disabled@2x.png	SAMPLES/icons-VegesEffects/named_png/images/images/crosshair-black-disabled@2x.png	3008407	1794	32	32	6324987dc39fd4a3c76a9929511897eae052fa39
images/images/folder-locked-open@2x.png	SAMPLES/icons-VegesEffects/named_png/images/images/folder-locked-open@2x.png	4967541	1466	32	32	5667afa5df16786d761fe08a2f9a1cbe0d6cbd64
images/images/eraser-hover@2x.png	SAMPLES/icons-VegesEffects/named_png/images/images/eraser-hover@2x.png	4241884	955	32	32	5dee671eb5a3821fa4564e1b42c27e093f02365e
images/images/cursor-ripple-left-checked.png	SAMPLES/icons-VegesEffects/named_png/images/images/cursor-ripple-left-checked.png	4265274	1382	32	32	0b36763a304f9336496793f06d79d17ceec6300c
images/images/mask-point-handle.png	SAMPLES/icons-VegesEffects/named_png/images/images/mask-point-handle.png	3227279	327	16	16	6dbb1bbbf02da0d8c0f2438273f3b7a6e7c33bda
images/images/font.png	SAMPLES/icons-VegesEffects/named_png/images/images/font.png	3027270	1112	16	16	75ce01ecf6ca34f7c5eec5e8785c566899e8c3a5
images/images/cursor-resize-left.png	SAMPLES/icons-VegesEffects/named_png/images/images/cursor-resize-left.png	3715124	1282	32	32	a3ebf9b17e4d42d5c08cd2c6e923687f85203099
images/images/hud-select-hover.png	SAMPLES/icons-VegesEffects/named_png/images/images/hud-select-hover.png	4077213	1248	16	16	6d1fc64102dd4aec46578ee0d21a88a9d8db108a
images/images/file-3d-preview-hover.png	SAMPLES/icons-VegesEffects/named_png/images/images/file-3d-preview-hover.png	1229789	1438	106	60	df607ecf849295fdc0c939542e33276d914d9903
images/images/export-content-hover@2x.png	SAMPLES/icons-VegesEffects/named_png/images/images/export-content-hover@2x.png	213765	1003	32	32	332a7db9644f46c2d6b866cf3d1280dc6da6625c
images/images/dialog-critical-disabled@2x.png	SAMPLES/icons-VegesEffects/named_png/images/images/dialog-critical-disabled@2x.png	5051247	1721	64	64	a65c2fa54282d81611cd244c43ec81c944114dfb
images/images/pan-and-zoom-hover.png	SAMPLES/icons-VegesEffects/named_png/images/images/pan-and-zoom-hover.png	5015444	1011	16	16	f9b2af10cf44eff1d49377090d03b18838acff3d
images/images/distribute-horizontally-hover@2x.png	SAMPLES/icons-VegesEffects/named_png/images/images/distribute-horizontally-hover@2x.png	561786	994	32	32	c5ccbb30f124cc6fa070d2e1528e7c6f100a234f
images/images/track-select-backward-menu-checked.png	SAMPLES/icons-VegesEffects/named_png/images/images/track-select-backward-menu-checked.png	4294129	1072	16	16	9a8b778a45b8727d522687f30530b5947cb52794
images/images/star-filled-checked@2x.png	SAMPLES/icons-VegesEffects/named_png/images/images/star-filled-checked@2x.png	1352548	1240	32	32	aacf448ccae4c56eee03d91693e5705ef0cfb222
images/images/loop.png	SAMPLES/icons-VegesEffects/named_png/images/images/loop.png	4827051	1016	16	16	d52e248b83b837167ac3c6b957c7fcb4e1960319
images/images/mask-subtract-hover@2x.png	SAMPLES/icons-VegesEffects/named_png/images/images/mask-subtract-hover@2x.png	4624319	987	32	32	5fbd0d61a5e71cc6d92b8a69df875eb7c5bd6174
images/images/export-queue-hot-folder-checked.png	SAMPLES/icons-VegesEffects/named_png/images/images/export-queue-hot-folder-checked.png	2950287	1132	16	16	0038fadba38f935c3c6c0aef2c3fbcdc8dc19af9
images/images/batch-checked.png	SAMPLES/icons-VegesEffects/named_png/images/images/batch-checked.png	1130549	1098	16	16	fa2dbfe378392b3b608bbe4c1afbb1f593c74e6b
images/images/cursor-slice-invalid-checked.png	SAMPLES/icons-VegesEffects/named_png/images/images/cursor-slice-invalid-checked.png	4675996	1212	32	32	69c36f44c28e699ded8002418920bf6a98794687
images/images/lowercase-hover@2x.png	SAMPLES/icons-VegesEffects/named_png/images/images/lowercase-hover@2x.png	5466254	1117	32	32	9fe0b886c9248b42a1ca6ad864e55769edd68882
images/images/text-first-line-indent-checked@2x.png	SAMPLES/icons-VegesEffects/named_png/images/images/text-first-line-indent-checked@2x.png	3914125	1046	32	32	6ab731c3eab799a10dc21e13d5ef3acb90e2d89a
images/images/new-composite-shot-disabled@2x.png	SAMPLES/icons-VegesEffects/named_png/images/images/new-composite-shot-disabled@2x.png	437950	1350	64	64	c06bca98f9b7b98eedc6e03a7ce34190e4f0ccb7
images/images/delete-trash-disabled@2x.png	SAMPLES/icons-VegesEffects/named_png/images/images/delete-trash-disabled@2x.png	1258191	1228	32	32	901ace009af247b9fad19c19b4c5f2ed66b3d116
images/images/cursor-single-track-forward-checked.png	SAMPLES/icons-VegesEffects/named_png/images/images/cursor-single-track-forward-checked.png	3563719	1181	32	32	c354001fe64526544a5b8bc07c80c8256517e8dc
images/images/cursor-slide-invalid-checked.png	SAMPLES/icons-VegesEffects/named_png/images/images/cursor-slide-invalid-checked.png	1044527	1100	32	32	dba63814960d95f86700d21c4ecc5e6446b218fe
images/images/text-first-line-indent-hover@2x.png	SAMPLES/icons-VegesEffects/named_png/images/images/text-first-line-indent-hover@2x.png	5402067	1046	32	32	d4c0fcae90fd0989db005d45077a7436b9cc6864
images/images/uppercase-hover@2x.png	SAMPLES/icons-VegesEffects/named_png/images/images/uppercase-hover@2x.png	886495	1014	32	32	cf539e23e3ac19931772e72fd934dd30245f6257
images/images/vegas-effects-new-file-hover.png	SAMPLES/icons-VegesEffects/named_png/images/images/vegas-effects-new-file-hover.png	4717615	1139	16	16	f43e7a45930893b7570cece0174aaadc3c5c3f10
images/images/vector-path-disabled@2x.png	SAMPLES/icons-VegesEffects/named_png/images/images/vector-path-disabled@2x.png	1269271	1202	32	32	a652bd78fd96dc36e943ac5a01be0182b047da18
images/images/mask-move-point-disabled.png	SAMPLES/icons-VegesEffects/named_png/images/images/mask-move-point-disabled.png	3174044	1302	16	16	64f22a1d8c1c1b8103f48125d4acc5a890147ebf
images/images/top-right-hover@2x.png	SAMPLES/icons-VegesEffects/named_png/images/images/top-right-hover@2x.png	4209323	1002	32	32	0d3cfb229a52232bbd49d1f05172a1cf75c6b352
images/images/cursor-ripple-right-disabled.png	SAMPLES/icons-VegesEffects/named_png/images/images/cursor-ripple-right-disabled.png	295522	1312	32	32	3a8c4a4ccab725930771ed3e3286eff22405de9d
images/images/dialog-warning-checked@2x.png	SAMPLES/icons-VegesEffects/named_png/images/images/dialog-warning-checked@2x.png	1414364	1863	64	64	4f11554f1928185b8d7bf4aa06ba08c4c99ed9ea
images/images/add-container-east-disabled.png	SAMPLES/icons-VegesEffects/named_png/images/images/add-container-east-disabled.png	5534122	1104	64	32	f11770cf8ef3a00faf38132a4a6476e7b55b8eb7
images/images/frame-previous-hover.png	SAMPLES/icons-VegesEffects/named_png/images/images/frame-previous-hover.png	4180083	995	16	16	34f604de9c9cf93f4741592fca238e2d5126b16a
images/images/radio-only@2x.png	SAMPLES/icons-VegesEffects/named_png/images/images/radio-only@2x.png	3118993	1087	32	32	b5cc200c3e8e731126eb7ad0b43473d32a733044
images/images/reset-disabled@2x.png	SAMPLES/icons-VegesEffects/named_png/images/images/reset-disabled@2x.png	4147479	1518	32	32	ca957c3616143417faf9d3a5a6e551bdb4f78163
images/images/letter-scaling-horizontal-disabled@2x.png	SAMPLES/icons-VegesEffects/named_png/images/images/letter-scaling-horizontal-disabled@2x.png	3194701	1366	32	32	97726236e9941fdf79769a76e6fb3587390b3f52
images/images/mask-bend-path-hover@2x.png	SAMPLES/icons-VegesEffects/named_png/images/images/mask-bend-path-hover@2x.png	4004916	1500	32	32	181c374a4ce18fb40d6e76cafcb726fc197ce75f
images/images/checkbox-filled-disabled.png	SAMPLES/icons-VegesEffects/named_png/images/images/checkbox-filled-disabled.png	518592	981	16	16	54284b29c4ffe8fdd8e93581c14a35d22ea97781
images/images/layout-canvas-middle@2x.png	SAMPLES/icons-VegesEffects/named_png/images/images/layout-canvas-middle@2x.png	4814509	1049	32	32	4f2d82beddb7d2fa555328dccdf0230852e0a926
images/images/group-layer-checked@2x.png	SAMPLES/icons-VegesEffects/named_png/images/images/group-layer-checked@2x.png	1334718	1245	32	32	6044786965eecbe093606756dda75a80d9369bd9
images/images/key-frame-manual-bezier-disabled@2x.png	SAMPLES/icons-VegesEffects/named_png/images/images/key-frame-manual-bezier-disabled@2x.png	4228903	1194	32	32	2a1345a0bbedd8faed06c5ec7881cee4ba2f034d
images/images/print-canvas.png	SAMPLES/icons-VegesEffects/named_png/images/images/print-canvas.png	3583269	1270	16	16	3a611d0b9089d2d563c0f07f677d626b3cbc8018
images/images/cursor-resize-right-disabled@2x.png	SAMPLES/icons-VegesEffects/named_png/images/images/cursor-resize-right-disabled@2x.png	2740239	1423	64	64	27b604b6df8dc1e4906dd18752f26faede08ed31
images/images/font-outline-size@2x.png	SAMPLES/icons-VegesEffects/named_png/images/images/font-outline-size@2x.png	4038986	1425	32	32	5dff14de57dfd25584c5c788c45e97a641834df3
images/images/file-offline-preview-disabled.png	SAMPLES/icons-VegesEffects/named_png/images/images/file-offline-preview-disabled.png	5500325	1594	106	60	9df2db04dc7b1ecf2b1c40a9820ebafab01aaff6
images/images/mask-polygon-checked.png	SAMPLES/icons-VegesEffects/named_png/images/images/mask-polygon-checked.png	3474728	1085	16	16	d6897a6f481718844b6a6170a58db6a06d423ab8
images/images/align-vertically-disabled@2x.png	SAMPLES/icons-VegesEffects/named_png/images/images/align-vertically-disabled@2x.png	3270359	1012	32	32	6b6d996be9121bf566938823d365b7e747036a1e
images/images/pen-menu.png	SAMPLES/icons-VegesEffects/named_png/images/images/pen-menu.png	3838696	1200	16	16	e13be391dd2512ab32b608188bbe1e506b388605
images/images/cursor-ripple-invalid@2x.png	SAMPLES/icons-VegesEffects/named_png/images/images/cursor-ripple-invalid@2x.png	3428421	1656	64	64	4616cbdad47d916061eae9fa6eee70477c3d2326
images/images/adjustment-layer-disabled.png	SAMPLES/icons-VegesEffects/named_png/images/images/adjustment-layer-disabled.png	332655	1185	16	16	61deaabc7906e12e573ce2b7081be2820094f1e3
images/images/margin-right-checked@2x.png	SAMPLES/icons-VegesEffects/named_png/images/images/margin-right-checked@2x.png	980495	984	32	32	f276fa0a932d82ffc01272bd7ca6a2ea4ffd79f7
images/images/bezier-disabled.png	SAMPLES/icons-VegesEffects/named_png/images/images/bezier-disabled.png	3967367	1065	16	16	9d206bfe298990001f8111c536cf5aa80be4eeb4
images/images/file-transition@2x.png	SAMPLES/icons-VegesEffects/named_png/images/images/file-transition@2x.png	4770517	1433	32	32	af768bde0d6e2d75daa4f0f7be654e913bd98682
images/images/distribute-right-disabled.png	SAMPLES/icons-VegesEffects/named_png/images/images/distribute-right-disabled.png	3184038	1037	16	16	08e95a3b2df9cd901704a0d0c283b07f53de2481
images/images/close.png	SAMPLES/icons-VegesEffects/named_png/images/images/close.png	4759932	1050	16	16	615c0a9adbd800a319cc187d5b6a2754edb1f780
images/images/new-add-plus-hover.png	SAMPLES/icons-VegesEffects/named_png/images/images/new-add-plus-hover.png	3455058	1163	16	16	988f93cdf3a8a5f99b60440535fe9db72c60e9f2
images/images/checkbox-checked-hover.png	SAMPLES/icons-VegesEffects/named_png/images/images/checkbox-checked-hover.png	5486948	1024	16	16	9a0e904a189877bae479992dac72ef6a739014e0
images/images/play-ram.png	SAMPLES/icons-VegesEffects/named_png/images/images/play-ram.png	4812136	1137	16	16	a03b4f4daabfde1aea501654cbdecd8858d7fb99
images/images/key-frame-manual-bezier-checked@2x.png	SAMPLES/icons-VegesEffects/named_png/images/images/key-frame-manual-bezier-checked@2x.png	1200203	1164	32	32	cc1816095456357c8052380adba898358ec028e6
images/images/mask-cutout-hover@2x.png	SAMPLES/icons-VegesEffects/named_png/images/images/mask-cutout-hover@2x.png	5451259	1239	32	32	a6dd2377717ac05f68bea8f5c230cfbbf5e6e939
images/images/camera-dolly-hover@2x.png	SAMPLES/icons-VegesEffects/named_png/images/images/camera-dolly-hover@2x.png	3342128	1284	64	64	db1d06e2b40b0135157d5426fdcac2eea72474bd
images/images/layout-canvas-right.png	SAMPLES/icons-VegesEffects/named_png/images/images/layout-canvas-right.png	4100270	1049	16	16	5db7ae3e2c46d7cb7ce49227a42f954429f43e0b
images/images/caret-up-disabled@2x.png	SAMPLES/icons-VegesEffects/named_png/images/images/caret-up-disabled@2x.png	3139957	1110	32	32	f6c06311d3b994c3140314cc9ba5c078684cb57f
images/images/file-list-large-hover@2x.png	SAMPLES/icons-VegesEffects/named_png/images/images/file-list-large-hover@2x.png	4783125	1291	32	32	6db7416387a2a7b52fe88ca0f6c09a658fe5c886
images/images/mask-square-menu-disabled.png	SAMPLES/icons-VegesEffects/named_png/images/images/mask-square-menu-disabled.png	2852500	985	16	16	b9a3e49c8d510b116c460c557a2a7b337738c84c
images/images/text-layer-disabled.png	SAMPLES/icons-VegesEffects/named_png/images/images/text-layer-disabled.png	3724697	1165	16	16	494955776aae2ecdbb4e0498efd15bd75eb8618c
images/images/smooth.png	SAMPLES/icons-VegesEffects/named_png/images/images/smooth.png	5283982	1041	16	16	b0469f9558917ecfc633b009df61594ac755cb4c
images/images/frame-next-disabled@2x.png	SAMPLES/icons-VegesEffects/named_png/images/images/frame-next-disabled@2x.png	3835354	1080	32	32	f103f5f54d25809cc4c2e180fc0dd59eba6556b0
images/images/checkbox-unchecked-checked@2x.png	SAMPLES/icons-VegesEffects/named_png/images/images/checkbox-unchecked-checked@2x.png	1039537	984	32	32	603fb165fac0e1d50ba8b37adba95de036eaf6e7
images/images/keyframe-track-object-hover@2x.png	SAMPLES/icons-VegesEffects/named_png/images/images/keyframe-track-object-hover@2x.png	5234941	1121	32	32	dadc46aedd096f798ed1cd93801e273603ad8c97
images/images/line-height-disabled.png	SAMPLES/icons-VegesEffects/named_png/images/images/line-height-disabled.png	126000	1198	16	16	7720c19c86338a87882c18b07c98e943945711b0
images/images/strikethrough-hover@2x.png	SAMPLES/icons-VegesEffects/named_png/images/images/strikethrough-hover@2x.png	4856883	1027	32	32	40a2d6a914c07234f05d8304ec80d67c82a2241c
images/images/resize-checked@2x.png	SAMPLES/icons-VegesEffects/named_png/images/images/resize-checked@2x.png	3402895	1211	32	32	7d84578722789f592ffeec4529cc1afdb9a1b3a6
images/images/workspaces@2x.png	SAMPLES/icons-VegesEffects/named_png/images/images/workspaces@2x.png	3401906	985	32	32	55796917e5cc5ec1b986a468489c24bb2473ec2c
images/images/constant-checked.png	SAMPLES/icons-VegesEffects/named_png/images/images/constant-checked.png	4994092	965	16	16	c7bd647299edc496594ac76fc70b7a5e9f0ed1a8
images/images/export-content-checked@2x.png	SAMPLES/icons-VegesEffects/named_png/images/images/export-content-checked@2x.png	3314669	1003	32	32	8616c1915be28db577a5494df4e8afb0e78a57c8
images/images/mask-disconnected-handle-hover.png	SAMPLES/icons-VegesEffects/named_png/images/images/mask-disconnected-handle-hover.png	3575602	1132	16	16	522b8707e87b80aa8c8c31e953281d060449d319
images/images/distribute-bottom-hover.png	SAMPLES/icons-VegesEffects/named_png/images/images/distribute-bottom-hover.png	3600209	969	16	16	6592ea5ea88bd11acae7dc27979def3fc0b7f381
images/images/align-vertically-hover@2x.png	SAMPLES/icons-VegesEffects/named_png/images/images/align-vertically-hover@2x.png	4864324	994	32	32	de9b4c5e28f43911b75fcb992744e86ec7bb8934
images/images/ripple-menu.png	SAMPLES/icons-VegesEffects/named_png/images/images/ripple-menu.png	3823222	1109	16	16	b1f0c0d68db26a44b5ef1bebe112aa665f77af90
images/images/right-disabled@2x.png	SAMPLES/icons-VegesEffects/named_png/images/images/right-disabled@2x.png	4494023	1004	32	32	8950e3450f0398d8813cc4ee1e1a7067e76266fc
images/images/light-disabled@2x.png	SAMPLES/icons-VegesEffects/named_png/images/images/light-disabled@2x.png	1397384	1868	32	32	697edc717785bc3a677b6d870ae085060e8a8c61
images/images/most-used-checked@2x.png	SAMPLES/icons-VegesEffects/named_png/images/images/most-used-checked@2x.png	3110458	986	32	32	8bae87b74685e65d769f2dcf40b82fc500c4f714
images/images/hexagon-outline-disabled@2x.png	SAMPLES/icons-VegesEffects/named_png/images/images/hexagon-outline-disabled@2x.png	5510992	1326	32	32	b9d5d6f3f8abca72b26b1cd1b71e61f876505c78
images/images/locked-checked@2x.png	SAMPLES/icons-VegesEffects/named_png/images/images/locked-checked@2x.png	3326935	1311	32	32	a936a158e2aba34c24eae66a2e03b96b96cab64e
images/images/action-link-checked.png	SAMPLES/icons-VegesEffects/named_png/images/images/action-link-checked.png	3276105	1194	32	32	d6a05213ddd70e9c93f747e7f78ab7c50955c542
images/images/layout@2x.png	SAMPLES/icons-VegesEffects/named_png/images/images/layout@2x.png	5371585	1087	32	32	c3fafeb0a70738e176f4c5465848ce08bab7237f
images/images/close-circle-hover.png	SAMPLES/icons-VegesEffects/named_png/images/images/close-circle-hover.png	5228195	1288	16	16	5deae2b5191a8c6b21299b7b94efa3857d818ccd
images/images/font-outline-color.png	SAMPLES/icons-VegesEffects/named_png/images/images/font-outline-color.png	2737530	1150	16	16	95bf56668f3cf33a1109694e190da5f9d05fd1ba
images/images/pen.png	SAMPLES/icons-VegesEffects/named_png/images/images/pen.png	2778771	1172	16	16	b3f744fabb608d1bc62e6cc1444cc06e9432eff7
images/images/file-3d-preview-disabled.png	SAMPLES/icons-VegesEffects/named_png/images/images/file-3d-preview-disabled.png	3329307	1754	106	60	5a8702ad7fa1ca452bfebcbd596f6c0282213af5
images/images/key-frame-auto-bezier.png	SAMPLES/icons-VegesEffects/named_png/images/images/key-frame-auto-bezier.png	3345745	1106	16	16	b2060c7a722318df73aeb88d8a02c52d9cfa2a22
images/images/camera-orbit-point@2x.png	SAMPLES/icons-VegesEffects/named_png/images/images/camera-orbit-point@2x.png	4820106	1399	32	32	71bf30981b4fd41bba802d6298a28e4aea4fa976
images/images/graph-decline@2x.png	SAMPLES/icons-VegesEffects/named_png/images/images/graph-decline@2x.png	4995061	1102	32	32	ef5d31e17962cd3fb11afee36959535f3a19d5a3
images/images/mask-cutout-hover.png	SAMPLES/icons-VegesEffects/named_png/images/images/mask-cutout-hover.png	3281044	1090	16	16	2590b4fad2471e9ffda232e5ad60c2782fba1834
images/images/file-comp-preview-disabled.png	SAMPLES/icons-VegesEffects/named_png/images/images/file-comp-preview-disabled.png	3990262	1431	106	60	0793e304e2c8a5b19cd05331efc138b01dd85f12
images/images/about.png	SAMPLES/icons-VegesEffects/named_png/images/images/about.png	970628	7295	502	78	7d5fbb4b231898abd94463964a27011a4b77f21d
images/images/play-ram-disabled.png	SAMPLES/icons-VegesEffects/named_png/images/images/play-ram-disabled.png	4381483	1131	16	16	a9fd005f0d76d1719f47f65feb1811425d3dd06b
images/images/caret-up-disabled.png	SAMPLES/icons-VegesEffects/named_png/images/images/caret-up-disabled.png	4722175	1032	16	16	2f29b4b418b2ee953bc9c8c7a6abefa25adf1a7b
images/images/large-stop-hover@2x.png	SAMPLES/icons-VegesEffects/named_png/images/images/large-stop-hover@2x.png	439304	1165	64	64	bec3d2eab88cf043dade55d7f76916b4d23460f7
images/images/mask-rounded-rect-menu-checked@2x.png	SAMPLES/icons-VegesEffects/named_png/images/images/mask-rounded-rect-menu-checked@2x.png	3933934	1172	32	32	c6a25cc0ea89835d1ad2e2d725006d52eee58bbb
images/images/layout.png	SAMPLES/icons-VegesEffects/named_png/images/images/layout.png	1317478	1070	16	16	611dd51558b9ab77e47c360f14d67c09763aa104
images/images/file-list-small-checked.png	SAMPLES/icons-VegesEffects/named_png/images/images/file-list-small-checked.png	4411306	1037	16	16	7ed77689a6f5ed860abc041821d6963faaf970e8
images/images/margin-right-disabled@2x.png	SAMPLES/icons-VegesEffects/named_png/images/images/margin-right-disabled@2x.png	5258213	1004	32	32	ed7e951c77028073f2ca0b22cbb1eecc07a08ce2
images/images/capitalize-disabled@2x.png	SAMPLES/icons-VegesEffects/named_png/images/images/capitalize-disabled@2x.png	3607814	1118	32	32	f64ddc9d0a499152dfcce29a8ffdb11cc0499286
images/images/file-audio-filter-checked@2x.png	SAMPLES/icons-VegesEffects/named_png/images/images/file-audio-filter-checked@2x.png	1402473	1409	32	32	0f67c2a21b3d432dd7b1d9fb6185a2c6d7ae2de5
images/images/subscript-hover.png	SAMPLES/icons-VegesEffects/named_png/images/images/subscript-hover.png	4919320	1013	16	16	26bce6ea70b7983f9c89b67fe241eb5cd39a84e2
images/images/composite-shot-disabled@2x.png	SAMPLES/icons-VegesEffects/named_png/images/images/composite-shot-disabled@2x.png	558277	1156	32	32	3921a2b7ce266f11b93ddfc2ea01279fc66768e0
images/images/frame-previous-disabled.png	SAMPLES/icons-VegesEffects/named_png/images/images/frame-previous-disabled.png	5465250	1000	16	16	724ba4990c44807103e5b77cc842879314d0f683
images/images/italic-hover@2x.png	SAMPLES/icons-VegesEffects/named_png/images/images/italic-hover@2x.png	3672577	1103	32	32	fff4b39bf78d83e9da51384a8c70623d1eb799f6
images/images/star-outline.png	SAMPLES/icons-VegesEffects/named_png/images/images/star-outline.png	1225183	1185	16	16	bb8391a3961a890738d33580a8d295f5e8e0bbc3
images/images/restore-window-hover@2x.png	SAMPLES/icons-VegesEffects/named_png/images/images/restore-window-hover@2x.png	2840508	1007	32	32	7f4292174ba6681b966374aca43b69a31f05657a
images/images/timeline-details-disabled.png	SAMPLES/icons-VegesEffects/named_png/images/images/timeline-details-disabled.png	3886020	961	16	16	f1cc7fd29d329a6bbfc0b459c16ca4665e429ef9
images/images/mask-square-handle-checked@2x.png	SAMPLES/icons-VegesEffects/named_png/images/images/mask-square-handle-checked@2x.png	3152860	1127	32	32	01b555f7e2518932e375fe954e2a86dcfc64489f
images/images/key-frame-ease-in-checked.png	SAMPLES/icons-VegesEffects/named_png/images/images/key-frame-ease-in-checked.png	4250473	1023	16	16	145f002e50a34651acbd0504adb4b4f26026b340
images/images/screenshot-hover@2x.png	SAMPLES/icons-VegesEffects/named_png/images/images/screenshot-hover@2x.png	5416534	1122	32	32	cae883868412093594452c24ae75478a9c0be729
images/images/control-point-disabled.png	SAMPLES/icons-VegesEffects/named_png/images/images/control-point-disabled.png	4280476	225	16	16	3d54546ce080f9035a8453f479ad7e7d05da296c
images/images/check-only-blue-checked@2x.png	SAMPLES/icons-VegesEffects/named_png/images/images/check-only-blue-checked@2x.png	260708	1123	32	32	5add762fc9de3fc80bdc3623be0a8f9576952b7c
images/images/folder-open-hover@2x.png	SAMPLES/icons-VegesEffects/named_png/images/images/folder-open-hover@2x.png	5325530	1207	32	32	9a0ad04026fcf698bc13bd27fafd5f0e4cbc5163
images/images/distribute-bottom-checked.png	SAMPLES/icons-VegesEffects/named_png/images/images/distribute-bottom-checked.png	4299527	969	16	16	9e84d14529aee2471e4cd03cbb419d95410c5d83
images/images/three-d-unrolled-hover.png	SAMPLES/icons-VegesEffects/named_png/images/images/three-d-unrolled-hover.png	412053	1161	16	16	60567fffa3d5ceb7e81dd60e38a27f53d86fe233
images/images/composite-shot-hover@2x.png	SAMPLES/icons-VegesEffects/named_png/images/images/composite-shot-hover@2x.png	385348	1155	32	32	8dc8813cfdd242eb86ef3b060024e5761882da15
images/images/camera-fov-hover.png	SAMPLES/icons-VegesEffects/named_png/images/images/camera-fov-hover.png	2728346	1395	32	32	b99db0c451affa488c162be3dfebb75608f1dbec
images/images/mask-circle-disabled@2x.png	SAMPLES/icons-VegesEffects/named_png/images/images/mask-circle-disabled@2x.png	5099551	1475	32	32	75e9f2c36d9aecd1e56212143d29744dcee91a40
images/images/uppercase-checked@2x.png	SAMPLES/icons-VegesEffects/named_png/images/images/uppercase-checked@2x.png	1253245	1014	32	32	5c00cd9d278c315f6392f88de429c02482b460f6
images/images/keyframe-track-object-checked.png	SAMPLES/icons-VegesEffects/named_png/images/images/keyframe-track-object-checked.png	2954810	1056	16	16	b34181ac238325c0a7a3ab73a3ea30a6309e7d84
images/images/image-layer-checked@2x.png	SAMPLES/icons-VegesEffects/named_png/images/images/image-layer-checked@2x.png	5520963	1678	32	32	359b190ce90fd1df46201da7918f58b236f8da8d
images/images/layout-canvas-center-disabled.png	SAMPLES/icons-VegesEffects/named_png/images/images/layout-canvas-center-disabled.png	3911795	1068	16	16	476992aba759c87ed6da66b13d4410a4d0747a6e
images/images/vegas-image-new-file.png	SAMPLES/icons-VegesEffects/named_png/images/images/vegas-image-new-file.png	424583	1133	16	16	783f40768c22f9094837359714d8c732400f6496
images/images/freehand-path-hover.png	SAMPLES/icons-VegesEffects/named_png/images/images/freehand-path-hover.png	5397597	1215	16	16	cbce7cc1b698cc24df6c088052eb10b80046cf85
images/images/key-frame-next-checked@2x.png	SAMPLES/icons-VegesEffects/named_png/images/images/key-frame-next-checked@2x.png	3028386	1114	32	32	03db1dbe6aa3a539d4cf40658a6a0e68719bbb74
images/images/slider-alpha-tile-hover@2x.png	SAMPLES/icons-VegesEffects/named_png/images/images/slider-alpha-tile-hover@2x.png	3809819	954	20	20	6789aa8e276697379ef80c6e7d2293cb81005be0
images/images/presets-disabled.png	SAMPLES/icons-VegesEffects/named_png/images/images/presets-disabled.png	3960582	961	16	16	5c79ef8de0b816d36b80b9f86406b8b3b676525d
images/images/constant-hover.png	SAMPLES/icons-VegesEffects/named_png/images/images/constant-hover.png	1231231	965	16	16	51c17c035d74bdb844227d226aed167b975e858d
images/images/mask-star-menu-disabled@2x.png	SAMPLES/icons-VegesEffects/named_png/images/images/mask-star-menu-disabled@2x.png	3081363	1547	32	32	41209dced660076fac5b9ce49edf813c12ec0fec
images/images/text-layer-checked.png	SAMPLES/icons-VegesEffects/named_png/images/images/text-layer-checked.png	5295508	1124	16	16	163649af65996b9cff623b3d36421e381293c684
images/images/layout-canvas-top@2x.png	SAMPLES/icons-VegesEffects/named_png/images/images/layout-canvas-top@2x.png	5172342	1043	32	32	6310061949e6a5a8da72708e334e8380d62095b3
images/images/resize-disabled.png	SAMPLES/icons-VegesEffects/named_png/images/images/resize-disabled.png	3158110	1113	16	16	8823a595638f221272f9721a5fbadf1ec14d063f
images/images/cursor-ripple-right-checked.png	SAMPLES/icons-VegesEffects/named_png/images/images/cursor-ripple-right-checked.png	2831420	1370	32	32	c6953ee4c64de50bd273543033884be4ee5cccf2
images/images/black-checked@2x.png	SAMPLES/icons-VegesEffects/named_png/images/images/black-checked@2x.png	3468366	976	32	32	223ad0a37ce36e47d6cd0a72d381d859fe85d0be
images/images/camera-dolly-disabled.png	SAMPLES/icons-VegesEffects/named_png/images/images/camera-dolly-disabled.png	4497140	1139	32	32	776dd0ddd5f4c1d81d6c3327d784030dd57d3ac6
images/images/file-list-large-disabled.png	SAMPLES/icons-VegesEffects/named_png/images/images/file-list-large-disabled.png	4108566	1203	16	16	f27a5ef60e1c34b71c8ab8171ea2b67c60f339a3
images/images/pin.png	SAMPLES/icons-VegesEffects/named_png/images/images/pin.png	5570871	1257	16	16	fac5a5c2dc49a4ac8530744d7658382bccfe1fa8
images/images/mask-square-menu-hover@2x.png	SAMPLES/icons-VegesEffects/named_png/images/images/mask-square-menu-hover@2x.png	3413200	1012	32	32	e3774665901e005a379dd37876e3f057c9dcaf62
images/images/mask-circle-hover.png	SAMPLES/icons-VegesEffects/named_png/images/images/mask-circle-hover.png	3120084	1125	16	16	f514b3733591408a1783633cd0a9a521c6386322
images/images/text-layer-hover@2x.png	SAMPLES/icons-VegesEffects/named_png/images/images/text-layer-hover@2x.png	4355175	1283	32	32	1e2f8521c92536f6a79e31b0f0502888409f1d09
images/images/export-in-out-checked.png	SAMPLES/icons-VegesEffects/named_png/images/images/export-in-out-checked.png	4839827	1048	16	16	d6924cf3018fab728099b9d0f1bdc15d8bd871ed
images/images/linear-checked.png	SAMPLES/icons-VegesEffects/named_png/images/images/linear-checked.png	4390948	1016	16	16	6705f977242c8f3d1612830fedc4a0df066f521c
images/images/add-checked@2x.png	SAMPLES/icons-VegesEffects/named_png/images/images/add-checked@2x.png	4531536	1500	32	32	ad3448d8e23d92e4cbf143bae706772a057bdd7d
images/images/text-center-align-checked@2x.png	SAMPLES/icons-VegesEffects/named_png/images/images/text-center-align-checked@2x.png	4206157	986	32	32	117501992810c6cb0e3c9887b16422cf19faf7e6
images/images/layout-2-2.png	SAMPLES/icons-VegesEffects/named_png/images/images/layout-2-2.png	5116885	975	16	16	22090fd60eb93c8d092a4ce720379d75e3b18742
images/images/mask-star-menu-hover.png	SAMPLES/icons-VegesEffects/named_png/images/images/mask-star-menu-hover.png	3322569	1158	16	16	6f373688498cf1af860a4228b4a5397f0070b743
images/images/smooth-out@2x.png	SAMPLES/icons-VegesEffects/named_png/images/images/smooth-out@2x.png	3644538	1135	32	32	52e2f7f5bb71e59d2f233e382cf34cc237aa82d7
images/images/keyframe-track-object-disabled.png	SAMPLES/icons-VegesEffects/named_png/images/images/keyframe-track-object-disabled.png	4603425	1074	16	16	80443bc0207f65a27802dc3b3af71871ec37e195
images/images/line-height-hover@2x.png	SAMPLES/icons-VegesEffects/named_png/images/images/line-height-hover@2x.png	1082827	1294	32	32	eeed1c133e699af06c9fc99d60dfed91c6e4b757
images/images/strikethrough-disabled.png	SAMPLES/icons-VegesEffects/named_png/images/images/strikethrough-disabled.png	4195128	996	16	16	7058493fc1a3054c0b1e724dfecc1200c9d002ee
images/images/transform-rotate-checked.png	SAMPLES/icons-VegesEffects/named_png/images/images/transform-rotate-checked.png	35324	1305	16	16	d23b6d24248517190a5325e470181cc9a1aa8ae4
images/images/layout-2-1.png	SAMPLES/icons-VegesEffects/named_png/images/images/layout-2-1.png	3875119	969	16	16	21e058a6e68b17de77629952bc8c868a968dc6a8
images/images/lock-disabled@2x.png	SAMPLES/icons-VegesEffects/named_png/images/images/lock-disabled@2x.png	512651	1293	32	32	cc36138e18f7f8ab4f67c633a6be2ac56bcf0020
images/images/align-vertically-disabled.png	SAMPLES/icons-VegesEffects/named_png/images/images/align-vertically-disabled.png	4198289	1045	16	16	d10d8ff753cbf24bf29f9fa2975024df43429ce8
images/images/text-top-align-checked@2x.png	SAMPLES/icons-VegesEffects/named_png/images/images/text-top-align-checked@2x.png	516501	1059	32	32	649744530775ce8adfdd6f664fa71eba3c1281ae
images/images/clock-disabled@2x.png	SAMPLES/icons-VegesEffects/named_png/images/images/clock-disabled@2x.png	4093959	1699	32	32	6fd31bbb52d9ecc4431b57919db4012a83d99811
images/images/notification-checked.png	SAMPLES/icons-VegesEffects/named_png/images/images/notification-checked.png	4454124	1112	16	16	5e8b1aba4cebf428ecb3ebc294448bc3a235fc7e
images/images/text-middle-align@2x.png	SAMPLES/icons-VegesEffects/named_png/images/images/text-middle-align@2x.png	5229487	1125	32	32	05fcdc4a05969107ffa29a353b36bab6005e25e1
images/images/top-left-checked.png	SAMPLES/icons-VegesEffects/named_png/images/images/top-left-checked.png	3127925	979	16	16	67f8d2f8c8a180dadb44c4bf53badf2b25a283b9
images/images/smooth@2x.png	SAMPLES/icons-VegesEffects/named_png/images/images/smooth@2x.png	3141285	1143	32	32	203c4fb8a02890124dac5d45807ba672d75db350
images/images/mask-union-disabled@2x.png	SAMPLES/icons-VegesEffects/named_png/images/images/mask-union-disabled@2x.png	5260216	976	32	32	c7985174dbfd09bdbb890857ce59086ee4510e82
images/images/export-in-out-disabled@2x.png	SAMPLES/icons-VegesEffects/named_png/images/images/export-in-out-disabled@2x.png	2801360	1198	32	32	86feae62187f7af600d5eb23d2149ae9343e89eb
images/images/material-toggle@2x.png	SAMPLES/icons-VegesEffects/named_png/images/images/material-toggle@2x.png	248807	1378	32	32	8054872721148aa96e794bfd40f66ee97b773ae0
images/images/font-color-checked.png	SAMPLES/icons-VegesEffects/named_png/images/images/font-color-checked.png	2972635	1073	16	16	408647a05daa402001ed2de1fb780ed0d7936af4
images/images/frame-next-hover.png	SAMPLES/icons-VegesEffects/named_png/images/images/frame-next-hover.png	2914143	992	16	16	70be30125c9430576c76abff32f885faa12ee305
images/images/export-queue-batch-disabled@2x.png	SAMPLES/icons-VegesEffects/named_png/images/images/export-queue-batch-disabled@2x.png	4042912	1141	32	32	388643ccb6ed838eafbd4b9f9bc227e6a81a7eea
images/images/file-offline-preview-hover@2x.png	SAMPLES/icons-VegesEffects/named_png/images/images/file-offline-preview-hover@2x.png	894212	2233	212	120	095444885d4b5816c16ab78c384f121e59638762
images/images/stop-ram.png	SAMPLES/icons-VegesEffects/named_png/images/images/stop-ram.png	991292	1096	16	16	3e11c20c1c1f62077fa16d078c5f498e97ffdd1b
images/images/right-hover.png	SAMPLES/icons-VegesEffects/named_png/images/images/right-hover.png	4205176	977	16	16	21b10f0103c4762f9d2c0126838d016ecae57930
images/images/light-hover.png	SAMPLES/icons-VegesEffects/named_png/images/images/light-hover.png	1120808	1377	16	16	a087d7193c0fd28c8cbd48edfc05d65d9405b9f0
images/images/ripple.png	SAMPLES/icons-VegesEffects/named_png/images/images/ripple.png	1325383	1053	16	16	d18196b0b88dbfc29c0387f29d48f9e6080c416f
images/images/square-outline-checked.png	SAMPLES/icons-VegesEffects/named_png/images/images/square-outline-checked.png	2773143	1035	16	16	97fff81b9d77bb32837c1a092dd31bd1debaa323
images/images/cursor-slip-invalid-checked.png	SAMPLES/icons-VegesEffects/named_png/images/images/cursor-slip-invalid-checked.png	4361453	1076	32	32	ca0cd5ff63cb7354151264b573ad13a0cb620627
images/images/adjustment-layer-hover@2x.png	SAMPLES/icons-VegesEffects/named_png/images/images/adjustment-layer-hover@2x.png	1272618	1280	32	32	628d0c61aca6a199f60f94b3e9556a0119cc9846
images/images/mask-star-disabled@2x.png	SAMPLES/icons-VegesEffects/named_png/images/images/mask-star-disabled@2x.png	3162449	1523	32	32	e2bb34aa76cd56cbb71859ff4d9bdbbeb49f73bb
images/images/cursor-resize-right-hover.png	SAMPLES/icons-VegesEffects/named_png/images/images/cursor-resize-right-hover.png	3360958	1219	32	32	0c7140f188fe8acd65a8e973a223a41f657d8f32
images/images/white-caret-disabled@2x.png	SAMPLES/icons-VegesEffects/named_png/images/images/white-caret-disabled@2x.png	4173217	1045	32	32	af56933a770affaacf72a0c59527653979ae6917
images/images/effect-ofx-plugin-checked.png	SAMPLES/icons-VegesEffects/named_png/images/images/effect-ofx-plugin-checked.png	1106633	1220	16	16	04d95834d19b99a3e7f452afdc26c7a6f60d4226
images/images/text-left-justified-checked.png	SAMPLES/icons-VegesEffects/named_png/images/images/text-left-justified-checked.png	391327	957	16	16	b364ec7383014850710f44d962dcf082ec156aed
images/images/bezier-hover@2x.png	SAMPLES/icons-VegesEffects/named_png/images/images/bezier-hover@2x.png	4594966	1164	32	32	34de19b971b3b1216a0e0e54ed58cdab77388316
images/images/list-sort-asc-disabled@2x.png	SAMPLES/icons-VegesEffects/named_png/images/images/list-sort-asc-disabled@2x.png	4545893	1360	32	32	c9652a072e396819d4492d6822464982c8fdbfc0
images/images/distribute-right-hover@2x.png	SAMPLES/icons-VegesEffects/named_png/images/images/distribute-right-hover@2x.png	3782396	989	32	32	3e49f6152804d34a808fa69b272d53170ab734c3
images/images/graph-curve-down-checked.png	SAMPLES/icons-VegesEffects/named_png/images/images/graph-curve-down-checked.png	5165051	1046	16	16	5d89c359d5811aab0b91c4680c63c7f60ba8cdf9
images/images/key-frame-checked@2x.png	SAMPLES/icons-VegesEffects/named_png/images/images/key-frame-checked@2x.png	4055082	1118	32	32	5e952ac788ba2f191d6c9aeff14291d86f84b71c
images/images/file-list-large-disabled@2x.png	SAMPLES/icons-VegesEffects/named_png/images/images/file-list-large-disabled@2x.png	2788875	1265	32	32	51973d677db78010f679b324a288ac6d71d6ec31
images/images/pan-and-zoom@2x.png	SAMPLES/icons-VegesEffects/named_png/images/images/pan-and-zoom@2x.png	3307789	1126	32	32	a7d719063cbb8b17a41e2327374b2b7403b14f6f
images/images/mask-cutout-disabled.png	SAMPLES/icons-VegesEffects/named_png/images/images/mask-cutout-disabled.png	4825889	1158	16	16	4f4d89b97fd3a4d465b03eabf4d4a46d87bc722e
images/images/unlock-disabled@2x.png	SAMPLES/icons-VegesEffects/named_png/images/images/unlock-disabled@2x.png	159627	1300	32	32	11c262f589731d61a0821aca71bae079a6663154
images/images/align-left-checked.png	SAMPLES/icons-VegesEffects/named_png/images/images/align-left-checked.png	4375736	961	16	16	bcb63acbba0f5c6bfa55ef57fa648c398edb40cf
images/images/composite-shot-disabled.png	SAMPLES/icons-VegesEffects/named_png/images/images/composite-shot-disabled.png	5308681	1093	16	16	49f1361e1e2c25468e2f9d508a19b67c261a7567
images/images/new-composite-shot-hover.png	SAMPLES/icons-VegesEffects/named_png/images/images/new-composite-shot-hover.png	4886675	1153	32	32	3f7a7f2eb896d2e2cc60c2d77dee1b367b4c34c9
images/images/smooth-checked@2x.png	SAMPLES/icons-VegesEffects/named_png/images/images/smooth-checked@2x.png	5454492	1131	32	32	d680f77482a5b604d07ba1157a55b959eec2cc6c
images/images/point-white-checked.png	SAMPLES/icons-VegesEffects/named_png/images/images/point-white-checked.png	4823937	958	16	16	b33f860e1d9f97e424fbc617832eafdb9716146b
images/images/vector-path-hover.png	SAMPLES/icons-VegesEffects/named_png/images/images/vector-path-hover.png	5310817	1060	16	16	ca74a21654a6a840fd1389ebd6c3edf35666210e
images/images/letter-scaling-vertical-disabled@2x.png	SAMPLES/icons-VegesEffects/named_png/images/images/letter-scaling-vertical-disabled@2x.png	5408635	1368	32	32	b3b6076fc56c4f22af4f36a65c13db58a533cba4
images/images/layout-canvas-center-hover@2x.png	SAMPLES/icons-VegesEffects/named_png/images/images/layout-canvas-center-hover@2x.png	4541352	1025	32	32	0359fe32170e13d545c1e243931ff37b2d5e0777
images/images/mask-break-path-checked.png	SAMPLES/icons-VegesEffects/named_png/images/images/mask-break-path-checked.png	3288795	1203	16	16	c6f4924e0fbe2c67e8f395439509ae47d58bee87
images/images/slider-alpha-tile-disabled.png	SAMPLES/icons-VegesEffects/named_png/images/images/slider-alpha-tile-disabled.png	3205703	950	10	10	ccb892bee2418177b90cd06c676a4cc58d711681
images/images/presets-hover@2x.png	SAMPLES/icons-VegesEffects/named_png/images/images/presets-hover@2x.png	4588732	976	32	32	61bb5cdb6cefde72a17f1c2a72835ce71d5c71a8
images/images/star-outline-checked@2x.png	SAMPLES/icons-VegesEffects/named_png/images/images/star-outline-checked@2x.png	4739681	1316	32	32	56e0981d8b342cb96539cadea20e13a7cce2e9aa
images/images/motion-blur-hover.png	SAMPLES/icons-VegesEffects/named_png/images/images/motion-blur-hover.png	3023886	1195	16	16	d39a2a3c89231ad17cdc034279d76130b4f97d3d
images/images/play-backwards-disabled@2x.png	SAMPLES/icons-VegesEffects/named_png/images/images/play-backwards-disabled@2x.png	4328652	1156	32	32	c1a1f579eb58b7133542efad36d76ae62a5888f3
images/images/crosshair-black-hover.png	SAMPLES/icons-VegesEffects/named_png/images/images/crosshair-black-hover.png	3844989	759	16	16	12c061199595a51b8a6f4f57091ca2e3b782007d
images/images/straighten-hover.png	SAMPLES/icons-VegesEffects/named_png/images/images/straighten-hover.png	4264129	1141	16	16	36fc245f455e72340c344b01fa9dfaac96ad7c4e
images/images/camera-zoom-hover.png	SAMPLES/icons-VegesEffects/named_png/images/images/camera-zoom-hover.png	3014227	1204	32	32	e6460679a9d1958e314935262063f3fd7ac519f1
images/images/export-queue-tidy-disabled@2x.png	SAMPLES/icons-VegesEffects/named_png/images/images/export-queue-tidy-disabled@2x.png	3682904	1193	32	32	3787388c899b80ddfc7e1cceb22e9c8ee5f9ba15
images/images/resize-hover@2x.png	SAMPLES/icons-VegesEffects/named_png/images/images/resize-hover@2x.png	3738064	1211	32	32	cdb31fc4808242a0aa3bf52dc3329effbe9e66ba
images/images/dialog-critical-hover.png	SAMPLES/icons-VegesEffects/named_png/images/images/dialog-critical-hover.png	3486784	1374	32	32	c47c9660a8c10f114d027c3b5334c8823910b3a8
images/images/font-outline-color-checked@2x.png	SAMPLES/icons-VegesEffects/named_png/images/images/font-outline-color-checked@2x.png	3090360	1268	32	32	00dc01837dc94f15a64bf7bc76f7e5a536933048
images/images/distribute-horizontally-hover.png	SAMPLES/icons-VegesEffects/named_png/images/images/distribute-horizontally-hover.png	3099819	976	16	16	1ae972a524461841befe5b8b1a2ad4421ee52af8
images/images/checkbox-mixed-checked@2x.png	SAMPLES/icons-VegesEffects/named_png/images/images/checkbox-mixed-checked@2x.png	1046818	987	32	32	ead8e2b455960f0445c6aec6e99feb60e5942b8a
images/images/mask-bezier-handle@2x.png	SAMPLES/icons-VegesEffects/named_png/images/images/mask-bezier-handle@2x.png	485065	1113	32	32	6fa6fe032e467613b5e9f6d7a1e51dc4c1e83b47
images/images/workspaces-checked.png	SAMPLES/icons-VegesEffects/named_png/images/images/workspaces-checked.png	3718749	958	16	16	2010bafc3cedff420f4bddb002259e74b21f5bfa
images/images/render-timeline-checked@2x.png	SAMPLES/icons-VegesEffects/named_png/images/images/render-timeline-checked@2x.png	3104248	1344	32	32	1aadc44c89a8669cd08936a349d1f8dab538615f
images/images/file-3d-preview-hover@2x.png	SAMPLES/icons-VegesEffects/named_png/images/images/file-3d-preview-hover@2x.png	3947613	1655	212	120	eccd617863b1b5165c9aae2143c1bedf1cf74c37
images/images/align-bottom.png	SAMPLES/icons-VegesEffects/named_png/images/images/align-bottom.png	3233879	1006	16	16	c7ce385b5dbb7216b60edcddec10d2c49eb8cc9f
images/images/cursor-ripple-invalid-checked.png	SAMPLES/icons-VegesEffects/named_png/images/images/cursor-ripple-invalid-checked.png	5248994	1374	32	32	eda184da203cb4f8512fe5589a658f0a80713dd0
images/images/file-comp-preview-hover@2x.png	SAMPLES/icons-VegesEffects/named_png/images/images/file-comp-preview-hover@2x.png	2894883	1485	212	120	b32215181d6fe8cac800c751adfb0e695af4015b
images/images/dummy-transparent-hover.png	SAMPLES/icons-VegesEffects/named_png/images/images/dummy-transparent-hover.png	413218	940	16	16	9eebfdbdf3d566184d35d8019c134fc71530927c
images/images/play-ram-hover@2x.png	SAMPLES/icons-VegesEffects/named_png/images/images/play-ram-hover@2x.png	5048088	1229	32	32	e9ea9d0c7f8535d2593254a540857a436b05f475
images/images/effect-audio-hover.png	SAMPLES/icons-VegesEffects/named_png/images/images/effect-audio-hover.png	4334518	1106	16	16	72c6a8cd0acb99013f709b9fc75848d61e093a38
images/images/caret-up-hover@2x.png	SAMPLES/icons-VegesEffects/named_png/images/images/caret-up-hover@2x.png	5350502	1096	32	32	46f6f791224f7b8c722c945109c9d7eb922e5a81
images/images/large-stop-disabled.png	SAMPLES/icons-VegesEffects/named_png/images/images/large-stop-disabled.png	5354062	1044	32	32	ed1bee4dc2f3e22add3374363552bdd9e93071cb
images/images/proxy-queue@2x.png	SAMPLES/icons-VegesEffects/named_png/images/images/proxy-queue@2x.png	1025967	1428	32	32	dc80fa66392e8c86463b18d1e0b8c7d59befb7be
images/images/frame-out-hover.png	SAMPLES/icons-VegesEffects/named_png/images/images/frame-out-hover.png	5058457	987	16	16	74e7ef3b02cb4b2d162e3a1ff3ea5ad248ea0aa6
images/images/graph-decline-checked.png	SAMPLES/icons-VegesEffects/named_png/images/images/graph-decline-checked.png	4645542	1034	16	16	db5e2121ed9debe53f1d3dc3a81b82eb357be038
images/images/effect-2d-plugin@2x.png	SAMPLES/icons-VegesEffects/named_png/images/images/effect-2d-plugin@2x.png	4791691	1207	32	32	ce1f22e850e6c7d829115f1e1fcaf274d790aff0
images/images/mask-point-handle-checked@2x.png	SAMPLES/icons-VegesEffects/named_png/images/images/mask-point-handle-checked@2x.png	501899	732	32	32	7f7d73fae06dd43d46150e33cd213a2d7a4e370c
images/images/frame-previous-hover@2x.png	SAMPLES/icons-VegesEffects/named_png/images/images/frame-previous-hover@2x.png	551646	1067	32	32	b12f7d6a803f074c03764c061aa7b18d1a266a98
images/images/italic-disabled.png	SAMPLES/icons-VegesEffects/named_png/images/images/italic-disabled.png	4873010	1039	16	16	e87224b32550ec890949ff79a4adbde0fb47348d
images/images/restore-window-disabled.png	SAMPLES/icons-VegesEffects/named_png/images/images/restore-window-disabled.png	1015964	1000	16	16	0d2dac48c3c1490c715eec9714bdcedc7534b083
images/images/export-queue-layered-checked.png	SAMPLES/icons-VegesEffects/named_png/images/images/export-queue-layered-checked.png	4456408	1192	16	16	5ea70d735faabc556580e530b92c0e355707e5fa
images/images/add-composite-shot-hover.png	SAMPLES/icons-VegesEffects/named_png/images/images/add-composite-shot-hover.png	5323373	1049	16	16	cafd87c980335dc25953e31e59087ee40fd3b222
images/images/mask-complete-path-hover.png	SAMPLES/icons-VegesEffects/named_png/images/images/mask-complete-path-hover.png	3829767	1367	16	16	5271d8f6ad7ec475bc408eb8a15cebf834a2e47b
images/images/timeline-details-hover@2x.png	SAMPLES/icons-VegesEffects/named_png/images/images/timeline-details-hover@2x.png	4512103	977	32	32	8844e5935e5d2bf663a34e08af04239631f3382f
images/images/screenshot-disabled.png	SAMPLES/icons-VegesEffects/named_png/images/images/screenshot-disabled.png	4787843	1141	16	16	c13874f7f184d276c38bbe27300ac519ed6cded7
images/images/control-point-hover@2x.png	SAMPLES/icons-VegesEffects/named_png/images/images/control-point-hover@2x.png	4951547	313	32	32	4e6a73556cb6841a65d9f59ed7c3ad20c0f93084
images/images/splash@2x.png	SAMPLES/icons-VegesEffects/named_png/images/images/splash@2x.png	1487803	1217756	1240	795	38c8ec5674da2d5cc0828276630e14e0fb904717
images/images/effect-ae-plugin@2x.png	SAMPLES/icons-VegesEffects/named_png/images/images/effect-ae-plugin@2x.png	950513	1348	32	32	9251ddde32581a6c3599790d464476841ad05758
images/images/folder-open-disabled.png	SAMPLES/icons-VegesEffects/named_png/images/images/folder-open-disabled.png	4698974	1110	16	16	46a60d93cb189fb995440fc02dd55005e6b154b0
images/images/camera-rotate-checked.png	SAMPLES/icons-VegesEffects/named_png/images/images/camera-rotate-checked.png	4468633	1274	32	32	7839f0b4bfad0984b87508a1fc67e173403f1529
images/images/hud-textbox-overflow.png	SAMPLES/icons-VegesEffects/named_png/images/images/hud-textbox-overflow.png	3456225	1309	16	16	0fe9b654b73c297393ad1b4dd0b3526b23276d9a
images/images/dial-background-hover@2x.png	SAMPLES/icons-VegesEffects/named_png/images/images/dial-background-hover@2x.png	3213967	1545	64	64	6694d89cacee74614135ee3b2dc56c736ba26df4
images/images/layout-2-2-disabled.png	SAMPLES/icons-VegesEffects/named_png/images/images/layout-2-2-disabled.png	3637550	962	16	16	d1f3ddca01d274db88fe52233cdccd3d5d30de26
images/images/layout-2-1-disabled.png	SAMPLES/icons-VegesEffects/named_png/images/images/layout-2-1-disabled.png	3925894	967	16	16	3fe8295a3aac7d178e394f8873278fc7eac00a06
images/images/color-wheel-handle-checked@2x.png	SAMPLES/icons-VegesEffects/named_png/images/images/color-wheel-handle-checked@2x.png	1221228	1578	244	244	811e1d05ce50e78d1d20846bb8bbb860ae13606b
images/images/ripple-checked.png	SAMPLES/icons-VegesEffects/named_png/images/images/ripple-checked.png	5307664	1013	16	16	572b19adc321a3cfad16aaaf03819b5c78da15be
images/images/cursor-ripple-right-disabled@2x.png	SAMPLES/icons-VegesEffects/named_png/images/images/cursor-ripple-right-disabled@2x.png	3666645	1531	64	64	dfb7b999e79599fa0b39200daa2bdab3766a48d5
images/images/cursor-resize-right-checked@2x.png	SAMPLES/icons-VegesEffects/named_png/images/images/cursor-resize-right-checked@2x.png	965600	1450	64	64	ad612c30ef848f23068f68d66a1fc36a51044d46
images/images/crosshairs-checked.png	SAMPLES/icons-VegesEffects/named_png/images/images/crosshairs-checked.png	4353375	666	16	16	e3e8c5ad1363087b117b9d16013ba1f30f251a0b
images/images/export-queue-tidy-checked@2x.png	SAMPLES/icons-VegesEffects/named_png/images/images/export-queue-tidy-checked@2x.png	4576563	1171	32	32	60c9f652fc652b39f69295c7fd42d0f82e9f6367
images/images/locked-disabled@2x.png	SAMPLES/icons-VegesEffects/named_png/images/images/locked-disabled@2x.png	3796607	1293	32	32	be7e9acb8b326ec88b3ebabc47bba2f78b5cdee8
images/images/linked-disabled@2x.png	SAMPLES/icons-VegesEffects/named_png/images/images/linked-disabled@2x.png	3867709	1574	32	32	67c2fcf1b8370e8418fb0e9e06ce23abc81b2cb3
images/images/play-backwards-checked@2x.png	SAMPLES/icons-VegesEffects/named_png/images/images/play-backwards-checked@2x.png	3619419	1117	32	32	fe5761a40c450950ab71316ad1266f66ff096e96
images/images/smooth-in.png	SAMPLES/icons-VegesEffects/named_png/images/images/smooth-in.png	76675	1038	16	16	2cb42f43ebe9f5a502ee16c788d6d80c4a12491c
images/images/dialog-warning-hover@2x.png	SAMPLES/icons-VegesEffects/named_png/images/images/dialog-warning-hover@2x.png	1073365	1862	64	64	427b22c8fb3aed5813060248f10e0b13197355d4
images/images/cursor-single-track-forward-hover.png	SAMPLES/icons-VegesEffects/named_png/images/images/cursor-single-track-forward-hover.png	4790450	1237	32	32	8860e51d0c6e71ee30440cf8841720d0f2cff064
images/images/dialog-question@2x.png	SAMPLES/icons-VegesEffects/named_png/images/images/dialog-question@2x.png	3900345	1914	64	64	d92010c47a40801465551ab5a98eecfa2813002e
images/images/clipboard-paste-checked.png	SAMPLES/icons-VegesEffects/named_png/images/images/clipboard-paste-checked.png	3745503	1241	16	16	fa32952fe6cbcfeddf17888a0054ad74e6a4c854
images/images/animation-graph-hover@2x.png	SAMPLES/icons-VegesEffects/named_png/images/images/animation-graph-hover@2x.png	920898	1090	32	32	223824b0aaabc6bb84191d1d930e2d5b83cfbf99
images/images/color-wheel-handle-hover.png	SAMPLES/icons-VegesEffects/named_png/images/images/color-wheel-handle-hover.png	3675417	1219	122	122	f238506fa96911daa31ba857bcf28f03112ab7bc
images/images/slide-menu-hover@2x.png	SAMPLES/icons-VegesEffects/named_png/images/images/slide-menu-hover@2x.png	4437778	1119	32	32	b9ff9c076c62ca1cee2cfde9673794f22176ffa6
images/images/distribute-bottom-disabled.png	SAMPLES/icons-VegesEffects/named_png/images/images/distribute-bottom-disabled.png	2754733	1038	16	16	21c1b0b72c918e0957e62066704fcebeba8dea82
images/images/key-frame-auto-bezier-disabled.png	SAMPLES/icons-VegesEffects/named_png/images/images/key-frame-auto-bezier-disabled.png	4145315	1083	16	16	2843d25e29a4fe3e78c1ef1ae8df6d2914ffa990
images/images/septagon-outline@2x.png	SAMPLES/icons-VegesEffects/named_png/images/images/septagon-outline@2x.png	3068700	1352	32	32	6745afa3d4a7a5b68580a511b249daecce572edf
images/images/text-bottom-indent@2x.png	SAMPLES/icons-VegesEffects/named_png/images/images/text-bottom-indent@2x.png	2860079	1077	32	32	61a6059cb61833a27b990832b687d0418e07fbf3
images/images/proxy-complete.png	SAMPLES/icons-VegesEffects/named_png/images/images/proxy-complete.png	4716423	1188	16	16	2fd8bc49cdfbbad8b3981cfa83c9770f9807114b
images/images/mask-square-hover@2x.png	SAMPLES/icons-VegesEffects/named_png/images/images/mask-square-hover@2x.png	4715433	986	32	32	38525628a7feb4d99a811a9a5f4565c4d2245d1a
images/images/transition-2d-checked.png	SAMPLES/icons-VegesEffects/named_png/images/images/transition-2d-checked.png	1233217	1212	16	16	5c671089a84ce44ecd26d07e509212ee6cc9f037
images/images/black.png	SAMPLES/icons-VegesEffects/named_png/images/images/black.png	3046678	956	16	16	b1c6b993b92d087e382ebab6bf7672d686325a87
images/images/underline-disabled.png	SAMPLES/icons-VegesEffects/named_png/images/images/underline-disabled.png	1424490	1005	16	16	040efb6865e7968dda4c0f8bab06d5a3dbf41f55
images/images/exclamation-double-checked.png	SAMPLES/icons-VegesEffects/named_png/images/images/exclamation-double-checked.png	3921032	1572	32	32	7b6af4721aeab8a8ed728d45fee949002350289d
images/images/three-d-unrolled-checked@2x.png	SAMPLES/icons-VegesEffects/named_png/images/images/three-d-unrolled-checked@2x.png	979249	1242	32	32	458b075d1ec01cf22e4c3f518a7792ab122fc3ff
images/images/cursor-rolling-checked.png	SAMPLES/icons-VegesEffects/named_png/images/images/cursor-rolling-checked.png	4389869	1075	32	32	6d0d6f921636844a4d4342d7b555d260d0f83b63
images/images/text-center-align.png	SAMPLES/icons-VegesEffects/named_png/images/images/text-center-align.png	5552138	976	16	16	756f3b9246bce9c357f0131d8b75286e842635fd
images/images/add.png	SAMPLES/icons-VegesEffects/named_png/images/images/add.png	4342327	1240	16	16	7cdc13d04a0781e7ffb2710536fe0b5c8f4785b0
images/images/transition-2d-checked@2x.png	SAMPLES/icons-VegesEffects/named_png/images/images/transition-2d-checked@2x.png	4095662	1385	32	32	7e2c731f1293eccfd16641d5aa580358f890696d
images/images/distribute-vertically-checked@2x.png	SAMPLES/icons-VegesEffects/named_png/images/images/distribute-vertically-checked@2x.png	4488878	996	32	32	db6c498db821947de57afc9ffd6528a3bc1b54ec
images/images/brush-remove-hover.png	SAMPLES/icons-VegesEffects/named_png/images/images/brush-remove-hover.png	4275808	1098	16	16	4b4b8b3972fa65455afac13b77122cd3f10aaed7
images/images/mask-close.png	SAMPLES/icons-VegesEffects/named_png/images/images/mask-close.png	2928612	1108	16	16	5e368ebd7ad511be7fa226b9d7bfb0b9787bbc74
images/images/add-container-west-disabled.png	SAMPLES/icons-VegesEffects/named_png/images/images/add-container-west-disabled.png	4113214	1110	64	32	8b5ca6a0bafe881620748417c454e8ad13fb1730
images/images/checkbox-normal-disabled@2x.png	SAMPLES/icons-VegesEffects/named_png/images/images/checkbox-normal-disabled@2x.png	2705563	1159	80	30	fe1f238e068757effe1dd8c1e58c3ef1b9a61236
images/images/subscript-checked@2x.png	SAMPLES/icons-VegesEffects/named_png/images/images/subscript-checked@2x.png	3203609	1057	32	32	475dfd516dab6299f16a38088382196acbf0ce09
images/images/mask-cutout-checked@2x.png	SAMPLES/icons-VegesEffects/named_png/images/images/mask-cutout-checked@2x.png	5494773	1239	32	32	6d5160fd037a59192e9042c3a7120e3e9af66858
images/images/key-frame.png	SAMPLES/icons-VegesEffects/named_png/images/images/key-frame.png	63597	1030	16	16	2d192c1dd90265ef260f9a0491e7d68a7e5bf936
images/images/checkbox-disabled-checked.png	SAMPLES/icons-VegesEffects/named_png/images/images/checkbox-disabled-checked.png	4777336	1046	40	15	1956f49095e9aa5c66d49bc94a547066fb6049ff
images/images/vegas-effects-new-file-checked@2x.png	SAMPLES/icons-VegesEffects/named_png/images/images/vegas-effects-new-file-checked@2x.png	2863656	1235	32	32	d7331073fa6c42524079ff06e7d1cfca7ba885cc
images/images/brush-remove-disabled@2x.png	SAMPLES/icons-VegesEffects/named_png/images/images/brush-remove-disabled@2x.png	10115	1301	32	32	c1dfa07d2202b5910946f29d93a3c4c7b5e5ae49
images/images/text-left-indent-checked@2x.png	SAMPLES/icons-VegesEffects/named_png/images/images/text-left-indent-checked@2x.png	4412347	1079	32	32	abb28aae7c02e6ad5570766685bb5766db35e740
images/images/file-list-small-checked@2x.png	SAMPLES/icons-VegesEffects/named_png/images/images/file-list-small-checked@2x.png	5566455	1139	32	32	9553cdbdedc6777c8938af0ea4981d14be3e9e39
images/images/baseline-shift-checked@2x.png	SAMPLES/icons-VegesEffects/named_png/images/images/baseline-shift-checked@2x.png	1104869	1326	32	32	2d35556a5f08385f0b7fe35239cd5ca8c7a55577
images/images/mask-rounded-rect-checked@2x.png	SAMPLES/icons-VegesEffects/named_png/images/images/mask-rounded-rect-checked@2x.png	3362181	1153	32	32	9031ba58cf0a2548c0b68fba3ed496bae3f98ea5
images/images/export-video.png	SAMPLES/icons-VegesEffects/named_png/images/images/export-video.png	3212866	1097	16	16	7f724e93cfaf52064d52d5a397f28cae150fbdf2
images/images/margin-top-hover@2x.png	SAMPLES/icons-VegesEffects/named_png/images/images/margin-top-hover@2x.png	2856009	984	32	32	cbe317bb655744c9bf4adb50764b70dbe2891a26
images/images/proxy-queue-pause-disabled.png	SAMPLES/icons-VegesEffects/named_png/images/images/proxy-queue-pause-disabled.png	4742074	1179	16	16	c9d9138296648517920da966e3342c011a81bdc8
images/images/align-left@2x.png	SAMPLES/icons-VegesEffects/named_png/images/images/align-left@2x.png	2794463	993	32	32	22b26a1ff94aec8d33b56db8e953b287ac831e04
images/images/brush-add-checked@2x.png	SAMPLES/icons-VegesEffects/named_png/images/images/brush-add-checked@2x.png	4127928	1226	32	32	998362736dbef0287147fccd54cd2786dad2d7e2
images/images/distribute-horizontally-disabled.png	SAMPLES/icons-VegesEffects/named_png/images/images/distribute-horizontally-disabled.png	5477513	981	16	16	707e03af4fcf099350d282120bbe3504b410d87d
images/images/top-checked.png	SAMPLES/icons-VegesEffects/named_png/images/images/top-checked.png	199746	978	16	16	bd744956a3a696f5ff7c988e1f2818f7b63f9566
images/images/mask-subtract-disabled.png	SAMPLES/icons-VegesEffects/named_png/images/images/mask-subtract-disabled.png	3982898	964	16	16	42836c2dc8990fa43e71e5926d2234664581981b
images/images/cursor-single-track-forward-disabled@2x.png	SAMPLES/icons-VegesEffects/named_png/images/images/cursor-single-track-forward-disabled@2x.png	129551	1365	64	64	c33728bb9e0910703b9a4b098e38748e9187d5c6
images/images/mask-break-path@2x.png	SAMPLES/icons-VegesEffects/named_png/images/images/mask-break-path@2x.png	3112643	1310	32	32	8c2ad0e4bc2415c7c4e289cb82920e479996a9bf
images/images/lowercase-disabled.png	SAMPLES/icons-VegesEffects/named_png/images/images/lowercase-disabled.png	4836315	1061	16	16	161bb6044ba53383976b1aa9336905b253d77cdc
images/images/cursor-all-track-forward@2x.png	SAMPLES/icons-VegesEffects/named_png/images/images/cursor-all-track-forward@2x.png	328980	1392	64	64	55c9280ee4bb931b24454dfe71f7d6326250b1f7
images/images/uppercase-disabled.png	SAMPLES/icons-VegesEffects/named_png/images/images/uppercase-disabled.png	5496016	1022	16	16	96dd85204132b317e7105bda2c640f7ca0868f81
images/images/text-first-line-indent-disabled.png	SAMPLES/icons-VegesEffects/named_png/images/images/text-first-line-indent-disabled.png	4775382	994	16	16	0b080ccda1282e5faf61d5c91eadaed99fe96940
images/images/snap-checked@2x.png	SAMPLES/icons-VegesEffects/named_png/images/images/snap-checked@2x.png	3409737	1332	32	32	f3e150daf9381798dfdd23c803c6d23a1acb160f
images/images/color-wheel-handle-disabled@2x.png	SAMPLES/icons-VegesEffects/named_png/images/images/color-wheel-handle-disabled@2x.png	3973840	1602	244	244	d42bd46cc7e1846e247a4ae5286c1ae6b5d5f234
images/images/pentagon-outline@2x.png	SAMPLES/icons-VegesEffects/named_png/images/images/pentagon-outline@2x.png	2774182	1347	32	32	fafa5d2d699f12f175750f61dc88d409cf53ebd8
images/images/mask-move-point-hover@2x.png	SAMPLES/icons-VegesEffects/named_png/images/images/mask-move-point-hover@2x.png	536538	1526	32	32	5695660fbd8cdbf7bbc03e060bef85b4a697fb95
images/images/text-bottom-align-checked@2x.png	SAMPLES/icons-VegesEffects/named_png/images/images/text-bottom-align-checked@2x.png	949460	1049	32	32	1eb04cd5f859d1ee7d3ff9a9e760b9e5232bb4c5
images/images/cursor-ripple-right-hover@2x.png	SAMPLES/icons-VegesEffects/named_png/images/images/cursor-ripple-right-hover@2x.png	1251701	1540	64	64	3d0b852a9dce772416139f2c53c1c4d57385b37a
images/images/top-right-disabled.png	SAMPLES/icons-VegesEffects/named_png/images/images/top-right-disabled.png	3562733	982	16	16	f77845ee100ae8123c14135b382f6ad4b0a45635
images/images/text-top-align.png	SAMPLES/icons-VegesEffects/named_png/images/images/text-top-align.png	3461016	1065	16	16	aeaa67e92fc26516d111313c9ebfddc4e2a8cea9
images/images/add-container-east-hover@2x.png	SAMPLES/icons-VegesEffects/named_png/images/images/add-container-east-hover@2x.png	913029	1162	128	64	48f3afb9d1e0293c56287519976e25235cc69e06
images/images/mask-bend-path-disabled.png	SAMPLES/icons-VegesEffects/named_png/images/images/mask-bend-path-disabled.png	3385119	1313	16	16	4e39b02622d9b46fbff4c243015572ce8f49d5d7
images/images/loop-checked.png	SAMPLES/icons-VegesEffects/named_png/images/images/loop-checked.png	3073086	1011	16	16	0e663a631a53dc33b773c6a326ba39e205529522
images/images/checkbox-filled-hover@2x.png	SAMPLES/icons-VegesEffects/named_png/images/images/checkbox-filled-hover@2x.png	4914353	990	32	32	c0fb8135084cf4a5b98414675b73b3087f490191
images/images/slip-checked.png	SAMPLES/icons-VegesEffects/named_png/images/images/slip-checked.png	4435415	1033	16	16	5fc91e3183fcac6a324d08889bb29695666ddaa6
images/images/snap-checked.png	SAMPLES/icons-VegesEffects/named_png/images/images/snap-checked.png	4092766	1189	16	16	dc0e8fe83fc26797abb28ac168fb630b8f90bc81
images/images/mask-circle-checked.png	SAMPLES/icons-VegesEffects/named_png/images/images/mask-circle-checked.png	1061701	1125	16	16	437e76baba9918c501110f947f652434a39bf619
images/images/export-queue-tidy-hover.png	SAMPLES/icons-VegesEffects/named_png/images/images/export-queue-tidy-hover.png	5460000	1061	16	16	7cec0bdc948bdb7c1b5c46b8126450832423a847
images/images/magnet-checked@2x.png	SAMPLES/icons-VegesEffects/named_png/images/images/magnet-checked@2x.png	1219892	1332	32	32	d08a0b77c84284076fec85e9bfe44c65c87076be
images/images/play-backwards-hover.png	SAMPLES/icons-VegesEffects/named_png/images/images/play-backwards-hover.png	494214	1049	16	16	a2d8efd81520d2b601d96e8307aea697ad86506d
images/images/crop-checked.png	SAMPLES/icons-VegesEffects/named_png/images/images/crop-checked.png	1316347	1127	16	16	19aae6530b8513bfbb645dfc0ac6eaedbcc6aa8b
images/images/help-checked.png	SAMPLES/icons-VegesEffects/named_png/images/images/help-checked.png	1261716	1347	16	16	b41ca94120f593d930886796af4b19f9661adcd6
images/images/track-select-backward-menu-checked@2x.png	SAMPLES/icons-VegesEffects/named_png/images/images/track-select-backward-menu-checked@2x.png	4103643	1214	32	32	1d09a4f841e58a24b837493f9b118f08ecc46558
images/images/hendecagon-outline-checked.png	SAMPLES/icons-VegesEffects/named_png/images/images/hendecagon-outline-checked.png	533104	1175	16	16	7c62a802aeeb6699da6025b462403af86b34b83f
images/images/dial-handle-checked@2x.png	SAMPLES/icons-VegesEffects/named_png/images/images/dial-handle-checked@2x.png	200728	1070	64	64	4b10a9088d5f27cf59b8413c5ef4cb599ec0733a
images/images/key-frame-auto-bezier-checked.png	SAMPLES/icons-VegesEffects/named_png/images/images/key-frame-auto-bezier-checked.png	5140908	1067	16	16	06f13732a3ee75e299f301ab9712df817908de57
images/images/effect-geometry-plugin@2x.png	SAMPLES/icons-VegesEffects/named_png/images/images/effect-geometry-plugin@2x.png	1236950	1189	32	32	fe5967aa5a3e4e1a403fc2bdaa7f2fe8e8ea5596
images/images/folder-open-checked@2x.png	SAMPLES/icons-VegesEffects/named_png/images/images/folder-open-checked@2x.png	4301472	1245	32	32	516bba4311aa51e470a782f9b66feaa94447093b
images/images/mask-break-path.png	SAMPLES/icons-VegesEffects/named_png/images/images/mask-break-path.png	4693871	1203	16	16	6d813f653414f0bfe27c8e032c37212a124709f8
images/images/export-in-out-hover.png	SAMPLES/icons-VegesEffects/named_png/images/images/export-in-out-hover.png	4175491	1048	16	16	02d23c576bc9fed1108447692a446d8412ca9489
images/images/radio-checked-checked@2x.png	SAMPLES/icons-VegesEffects/named_png/images/images/radio-checked-checked@2x.png	1267955	1312	32	32	fc8107d06a355deb761652151064307eeb17ba8b
images/images/mask-mirrored-handle-checked@2x.png	SAMPLES/icons-VegesEffects/named_png/images/images/mask-mirrored-handle-checked@2x.png	5225576	1253	32	32	9fe4f05c6ddec9cbd8dbf9b82b189c0171fc0928
images/images/clipboard-copy.png	SAMPLES/icons-VegesEffects/named_png/images/images/clipboard-copy.png	4829180	1257	16	16	8661e91fa3a9fe738ed83b053f48bcd67eee4b63
images/images/mask-star-hover.png	SAMPLES/icons-VegesEffects/named_png/images/images/mask-star-hover.png	2908613	1150	16	16	9ddd863b999697c8ed07be3459dca487e048d1fc
images/images/frame-last-disabled@2x.png	SAMPLES/icons-VegesEffects/named_png/images/images/frame-last-disabled@2x.png	358205	1078	32	32	99c0d29071ac1f0e8dc3a6bd86676cb3fd2d5044
images/images/file-list-large-hover.png	SAMPLES/icons-VegesEffects/named_png/images/images/file-list-large-hover.png	3230216	1179	16	16	05e54add57fbc3a61385cce9ddd088ab4f89085a
images/images/slider-alpha-tile-checked.png	SAMPLES/icons-VegesEffects/named_png/images/images/slider-alpha-tile-checked.png	2893934	945	10	10	9bb24bb9596bb6981fbfd692b7cf0f5232ae8c7d
images/images/add-composite-shot@2x.png	SAMPLES/icons-VegesEffects/named_png/images/images/add-composite-shot@2x.png	1462894	1166	32	32	255d359c826301a530e951853faddf8ea0af63e2
images/images/mask-polygon-menu-checked@2x.png	SAMPLES/icons-VegesEffects/named_png/images/images/mask-polygon-menu-checked@2x.png	4259889	1246	32	32	5b6be920d83caff4edc270f66dd2984498908322
images/images/unlock-hover.png	SAMPLES/icons-VegesEffects/named_png/images/images/unlock-hover.png	2896372	1151	16	16	bce8c900134ab52367246a4add7bc981b083f918
images/images/three-d-unrolled-hover@2x.png	SAMPLES/icons-VegesEffects/named_png/images/images/three-d-unrolled-hover@2x.png	330376	1242	32	32	ba4acf4171bda1902c0e7a976bb1a9d3fafe3ed4
images/images/maximize-window-checked@2x.png	SAMPLES/icons-VegesEffects/named_png/images/images/maximize-window-checked@2x.png	5396611	982	32	32	1fc130e5c4b7b610e1c9b2e2bf74147f83a707d5
images/images/file-offline-preview-checked.png	SAMPLES/icons-VegesEffects/named_png/images/images/file-offline-preview-checked.png	3284546	1720	106	60	2399b303a9c232fd575525be39d338e20282bb82
images/images/eraser-disabled.png	SAMPLES/icons-VegesEffects/named_png/images/images/eraser-disabled.png	3601182	940	16	16	33da3f0748cb8e98ace321d3c7c7139e6c9eed39
images/images/timeline-details-checked.png	SAMPLES/icons-VegesEffects/named_png/images/images/timeline-details-checked.png	5157370	954	16	16	070c656dfe14ef32dea1190fe58c4c9b9c4040d0
images/images/file-comp-preview-checked.png	SAMPLES/icons-VegesEffects/named_png/images/images/file-comp-preview-checked.png	1142228	1260	106	60	f7f37944a0a40bd757d0f61e1646980ffda1d59a
images/images/resize-checked.png	SAMPLES/icons-VegesEffects/named_png/images/images/resize-checked.png	3807584	1059	16	16	ee6d3f7f8be79f94fa70c1af6bf4399d7b951b6b
images/images/clock-hover.png	SAMPLES/icons-VegesEffects/named_png/images/images/clock-hover.png	988543	1371	16	16	8cc6c737589ec9b6f6e647e3189b1a114423e9a3
images/images/lock-hover.png	SAMPLES/icons-VegesEffects/named_png/images/images/lock-hover.png	4965391	1155	16	16	449a722af23bc26c0d64727f130cd62c4b7fd21f
images/images/caret-down.png	SAMPLES/icons-VegesEffects/named_png/images/images/caret-down.png	1360297	1034	16	16	d497d33abf594c01936770a5481cdcfa168fe937
images/images/top-left-checked@2x.png	SAMPLES/icons-VegesEffects/named_png/images/images/top-left-checked@2x.png	3594426	1001	32	32	ac44c27c3b8b4132e36f808e893e9f99af6d5ded
images/images/strikethrough-disabled@2x.png	SAMPLES/icons-VegesEffects/named_png/images/images/strikethrough-disabled@2x.png	3927967	1034	32	32	c0362b3ae7ecf40f20af165b2766f62569c89f7d
images/images/black-caret.png	SAMPLES/icons-VegesEffects/named_png/images/images/black-caret.png	157654	1002	16	16	dcfe5e5f43ab19d9cc86c8cd6eaef97759f9c2b4
images/images/dial-background-checked.png	SAMPLES/icons-VegesEffects/named_png/images/images/dial-background-checked.png	14167	1303	32	32	2be5b473a7b0ca25c9acbcbce10921d111e4d3db
images/images/point-white@2x.png	SAMPLES/icons-VegesEffects/named_png/images/images/point-white@2x.png	3574625	973	32	32	0d25b75bc486339098701e0f624fcb9c8b12dbd5
images/images/slide-menu-disabled@2x.png	SAMPLES/icons-VegesEffects/named_png/images/images/slide-menu-disabled@2x.png	5539131	1141	32	32	ceb3306da45d149570f0cfba15886f8bf31879fc
images/images/export-content-disabled.png	SAMPLES/icons-VegesEffects/named_png/images/images/export-content-disabled.png	5149274	995	16	16	8cd206bc10804fbe5855d39fe821836afd6edd0d
images/images/drop-container-arrows-checked@2x.png	SAMPLES/icons-VegesEffects/named_png/images/images/drop-container-arrows-checked@2x.png	3592407	2015	128	128	fb50b1272a4ebda8484636e17d62b6a0c79a513e
images/images/template.png	SAMPLES/icons-VegesEffects/named_png/images/images/template.png	4851516	1095	16	16	fbceab581818d8b3417c9cf47631b6ff9d183b7b
images/images/cursor-rolling-invalid@2x.png	SAMPLES/icons-VegesEffects/named_png/images/images/cursor-rolling-invalid@2x.png	4689197	1209	64	64	e729945a951a3fefe3d50fd77dabd050fb10c531
images/images/mask-asymmetrical-handle-disabled@2x.png	SAMPLES/icons-VegesEffects/named_png/images/images/mask-asymmetrical-handle-disabled@2x.png	52846	1367	32	32	33677a20b860dd18227724b0952cc620aeb3bb02
images/images/action-copy@2x.png	SAMPLES/icons-VegesEffects/named_png/images/images/action-copy@2x.png	3265352	1533	64	64	84b759b54e9d605c79bafcf0802d636d3bf69ead
images/images/hud-zoom-checked@2x.png	SAMPLES/icons-VegesEffects/named_png/images/images/hud-zoom-checked@2x.png	3825770	1666	32	32	48522abdf89c3956d9a7712560f5b0f33512c37d
images/images/text-bottom-align-checked.png	SAMPLES/icons-VegesEffects/named_png/images/images/text-bottom-align-checked.png	3085099	995	16	16	cc29f98c5c787b35eac5f20ba55b29e6dda3ce45
images/images/check-only-hover@2x.png	SAMPLES/icons-VegesEffects/named_png/images/images/check-only-hover@2x.png	3984831	1098	32	32	6ba516305e147d456e7482b2ca701bf17f200589
images/images/checkbox-active-disabled-checked@2x.png	SAMPLES/icons-VegesEffects/named_png/images/images/checkbox-active-disabled-checked@2x.png	285018	1132	80	30	80d856625ea4150b27a9efc06917c55b4780e7cc
images/images/text-right-align.png	SAMPLES/icons-VegesEffects/named_png/images/images/text-right-align.png	3781416	976	16	16	085a82ca71d03c82f2b3c8fc2b0cc8632bf5b351
images/images/layout-canvas-top-hover.png	SAMPLES/icons-VegesEffects/named_png/images/images/layout-canvas-top-hover.png	3425331	979	16	16	5e7ddcdcb41a75f039dac3d5750fd1cbfcbdfc9b
images/images/animation-graph-hover.png	SAMPLES/icons-VegesEffects/named_png/images/images/animation-graph-hover.png	3097672	1021	16	16	b82b710d8af20337b9e0a15618afd916e7e957fa
images/images/radio-only-disabled@2x.png	SAMPLES/icons-VegesEffects/named_png/images/images/radio-only-disabled@2x.png	4134672	1075	32	32	0c5702802bb6bcbc100e29eb780b3a3ee32227b4
images/images/layout-canvas-left-disabled.png	SAMPLES/icons-VegesEffects/named_png/images/images/layout-canvas-left-disabled.png	4063005	1059	16	16	e18c1d871117952d85175a0dccee58988b604086
images/images/margin-left-disabled.png	SAMPLES/icons-VegesEffects/named_png/images/images/margin-left-disabled.png	3272394	997	16	16	898b1e4376b8c24e8c687e1d94055c22ddb55bac
images/images/stretch-hover.png	SAMPLES/icons-VegesEffects/named_png/images/images/stretch-hover.png	4610946	1087	16	16	f6030f7c3d6a60e789b4381635be3d3dfe65e69a
images/images/dialog-warning-hover.png	SAMPLES/icons-VegesEffects/named_png/images/images/dialog-warning-hover.png	345532	1551	32	32	4dc05843fa495622e948994de62b51c8da59e2a2
images/images/hud-textbox-overflow-disabled.png	SAMPLES/icons-VegesEffects/named_png/images/images/hud-textbox-overflow-disabled.png	4419825	1302	16	16	d9192611e396186a38328bc52b44c153764dd898
images/images/anticlockwise90-hover.png	SAMPLES/icons-VegesEffects/named_png/images/images/anticlockwise90-hover.png	4379116	1065	16	16	18e963fb697120d44cd60f91997cd6e874edfa91
images/images/cursor-resize-right-disabled.png	SAMPLES/icons-VegesEffects/named_png/images/images/cursor-resize-right-disabled.png	3251977	1236	32	32	590ff243669af5597335b414cf1c0b0b145e0c8a
images/images/baseline-shift-hover@2x.png	SAMPLES/icons-VegesEffects/named_png/images/images/baseline-shift-hover@2x.png	3349839	1326	32	32	21eeada1720efc955c417f7183ec6c90ab9c9257
images/images/file-video-checked@2x.png	SAMPLES/icons-VegesEffects/named_png/images/images/file-video-checked@2x.png	4909888	1191	32	32	31071d7661734c23d11d402e9e09a05f684679aa
images/images/screenshot-hover.png	SAMPLES/icons-VegesEffects/named_png/images/images/screenshot-hover.png	915301	1059	16	16	4914e13c3fd567fd4d566d5ca23284de35024201
images/images/add-export-hover.png	SAMPLES/icons-VegesEffects/named_png/images/images/add-export-hover.png	4102541	1098	16	16	9181620a4f42460990183b1e3aa8a008856c8918
images/images/letter-spacing-hover.png	SAMPLES/icons-VegesEffects/named_png/images/images/letter-spacing-hover.png	3786880	1147	16	16	e97edc1c539a1ae4703634f41df5f6560a7202a8
images/images/mask-break-disabled.png	SAMPLES/icons-VegesEffects/named_png/images/images/mask-break-disabled.png	1358250	1085	16	16	1f2262b0d41e6b979c0bee40b46b3f6547c4bc47
images/images/cursor-slide-checked@2x.png	SAMPLES/icons-VegesEffects/named_png/images/images/cursor-slide-checked@2x.png	1143492	1217	64	64	02e48d9060ec08e963d112bab682dc5123e0c236
images/images/clock-menu-hover@2x.png	SAMPLES/icons-VegesEffects/named_png/images/images/clock-menu-hover@2x.png	3839900	1785	32	32	ecc4228a1cd2bc9d57f1cdcc424b121157d51c48
images/images/large-microphone-checked.png	SAMPLES/icons-VegesEffects/named_png/images/images/large-microphone-checked.png	1045631	1183	32	32	fe9b20e68af5f0a1302b1bc67e431a5ca84ba9ef
images/images/text-first-line-indent-hover.png	SAMPLES/icons-VegesEffects/named_png/images/images/text-first-line-indent-hover.png	3905663	990	16	16	73143dd61fcfda19c4e5b0444d7b2ed3be79f903
images/images/magnet-disabled.png	SAMPLES/icons-VegesEffects/named_png/images/images/magnet-disabled.png	500760	1135	16	16	551f54a2aada0954cb668cf83a88a8db3e6f5cbf
images/images/checkbox-disabled-checked@2x.png	SAMPLES/icons-VegesEffects/named_png/images/images/checkbox-disabled-checked@2x.png	21554	1142	80	30	fcbc09d1573aeb219ecce3802ac7d688a91dcca9
images/images/large-stop-hover.png	SAMPLES/icons-VegesEffects/named_png/images/images/large-stop-hover.png	3668180	1044	32	32	26042263e41697fea46b063aeaec2d9954a7e86c
images/images/font-disabled@2x.png	SAMPLES/icons-VegesEffects/named_png/images/images/font-disabled@2x.png	4080947	1247	32	32	45f9179dc85e3d996c66af722c91938934c260fd
images/images/mirror-vertical-disabled.png	SAMPLES/icons-VegesEffects/named_png/images/images/mirror-vertical-disabled.png	4721063	1108	16	16	d3cfd255dc0130a2349372e1729e6e500cbc4be1
images/images/cursor-resize-left-disabled@2x.png	SAMPLES/icons-VegesEffects/named_png/images/images/cursor-resize-left-disabled@2x.png	4627984	1433	64	64	b6331b10a337be351a643faf5279ab3f584b59c1
images/images/name.png	SAMPLES/icons-VegesEffects/named_png/images/images/name.png	4920337	2711	206	32	ccc6a1f93f9e5ba92bd4ad7349733ca054cc593a
images/images/graph-curve-up.png	SAMPLES/icons-VegesEffects/named_png/images/images/graph-curve-up.png	3343416	1119	16	16	2eb291a8aa679440522fed0f0b09dfee0e2f6cb3
images/images/margin-top-hover.png	SAMPLES/icons-VegesEffects/named_png/images/images/margin-top-hover.png	4547257	969	16	16	3d73cd48e266cf1fb1e39279648478fbaae3c63c
images/images/cursor-slice-checked@2x.png	SAMPLES/icons-VegesEffects/named_png/images/images/cursor-slice-checked@2x.png	907330	1490	64	64	ff9951a54540e7569532a72ba8932bed396d62ff
images/images/action-ignore-checked@2x.png	SAMPLES/icons-VegesEffects/named_png/images/images/action-ignore-checked@2x.png	1234433	1525	64	64	871f674f70b5fdb5c39ecc56dc1ac0ef98253e68
images/images/mask-point-handle-disabled@2x.png	SAMPLES/icons-VegesEffects/named_png/images/images/mask-point-handle-disabled@2x.png	3191480	719	32	32	6fed5622d18e248aa4aecf6be356b3dff1c12571
images/images/hexagon-outline-disabled.png	SAMPLES/icons-VegesEffects/named_png/images/images/hexagon-outline-disabled.png	3086098	1146	16	16	aa76ecb485d5be0b2e19d204c27da7beac3f48c1
images/images/export-preset-checked@2x.png	SAMPLES/icons-VegesEffects/named_png/images/images/export-preset-checked@2x.png	3651337	1117	32	32	446705be64695ba2921903e2bff5b0c6ecac3c5f
images/images/layout-canvas-middle-disabled@2x.png	SAMPLES/icons-VegesEffects/named_png/images/images/layout-canvas-middle-disabled@2x.png	68343	1050	32	32	cf5d1d6e6217fba4898a78cb6a25b9d84c8c96fa
images/images/mask-break-hover.png	SAMPLES/icons-VegesEffects/named_png/images/images/mask-break-hover.png	4738647	1030	16	16	8ae079eae207921336b0fdeed9a457d38ff2da06
images/images/action-link-hover.png	SAMPLES/icons-VegesEffects/named_png/images/images/action-link-hover.png	376955	1194	32	32	4c8a2f89d9df85258ed41590c26476b497ae80e1
images/images/export-queue-hot-folder-hover.png	SAMPLES/icons-VegesEffects/named_png/images/images/export-queue-hot-folder-hover.png	1354991	1132	16	16	cb16be1afa45e80048387d7d1383a5080804bb28
images/images/align-top-checked.png	SAMPLES/icons-VegesEffects/named_png/images/images/align-top-checked.png	4263164	961	16	16	3f1cbf169b9ed028b80263a236e00a3a01ceacf2
images/images/crosshairs-hover.png	SAMPLES/icons-VegesEffects/named_png/images/images/crosshairs-hover.png	341507	631	16	16	73e6137c4a208cf591bd80d71541a8efb955df4e
images/images/decagon-outline-disabled.png	SAMPLES/icons-VegesEffects/named_png/images/images/decagon-outline-disabled.png	4631809	1167	16	16	d269355823cb2f0bd59466afe67ea4b5b7d96759
images/images/solid-layer-disabled.png	SAMPLES/icons-VegesEffects/named_png/images/images/solid-layer-disabled.png	4999780	1030	16	16	eed9a9279b9ef980dabac19a2ecd9560483b1a1f
images/images/hand.png	SAMPLES/icons-VegesEffects/named_png/images/images/hand.png	4410096	1206	16	16	42e462d2a308e31e6b3e0447bd37157321778a83
images/images/folder-locked-hover@2x.png	SAMPLES/icons-VegesEffects/named_png/images/images/folder-locked-hover@2x.png	4298174	1349	32	32	798cfbe741e58e4e4a1455951e3f0c80068b557b
images/images/crosshair-white-checked@2x.png	SAMPLES/icons-VegesEffects/named_png/images/images/crosshair-white-checked@2x.png	1115025	2133	32	32	af7c5e373198e34888036aaae88ce7d27b502e31
images/images/freehand-path-menu-checked@2x.png	SAMPLES/icons-VegesEffects/named_png/images/images/freehand-path-menu-checked@2x.png	3774708	1425	32	32	6ebc937032ce2799331ee6944986f41d1168b9fc
images/images/slider-alpha-tile.png	SAMPLES/icons-VegesEffects/named_png/images/images/slider-alpha-tile.png	1089212	945	10	10	8021e124105b31ee77f7cbca9ee8e3a691373d09
images/images/check-only.png	SAMPLES/icons-VegesEffects/named_png/images/images/check-only.png	3432850	1048	16	16	d19da15b19a06e873e6d7a76d657211a8b62e744
images/images/file-video-preview-hover.png	SAMPLES/icons-VegesEffects/named_png/images/images/file-video-preview-hover.png	5240979	1108	106	60	3b318e4ef1b14bd5f1cf7fe2e9349c48fc25a6aa
images/images/blank.png	SAMPLES/icons-VegesEffects/named_png/images/images/blank.png	137618	979	16	16	1cba2482841b918b4b27c6d5e1cd7ee0bec8c237
images/images/image-layer-checked.png	SAMPLES/icons-VegesEffects/named_png/images/images/image-layer-checked.png	3908579	1278	16	16	7173a0f2b83cf9771238a1bb27da1fa2110c8714
images/images/pre-render-complete-disabled@2x.png	SAMPLES/icons-VegesEffects/named_png/images/images/pre-render-complete-disabled@2x.png	4795391	1312	32	32	97e3477b5e9c3bd6ac7553a703b9f838555cd9d7
images/images/import-preset-disabled.png	SAMPLES/icons-VegesEffects/named_png/images/images/import-preset-disabled.png	5376421	1054	16	16	d2517aa8d0406c495458fa86ac8b828dd315e880
images/images/key-frame-hold-checked@2x.png	SAMPLES/icons-VegesEffects/named_png/images/images/key-frame-hold-checked@2x.png	4646580	984	32	32	cadb6d104edb30179020838e4a777bf7e6504c6f
images/images/file-audio-checked@2x.png	SAMPLES/icons-VegesEffects/named_png/images/images/file-audio-checked@2x.png	900302	1206	32	32	127b84dfd11e9a64603faee1b0f0539045ab42e4
images/images/import-preset-checked@2x.png	SAMPLES/icons-VegesEffects/named_png/images/images/import-preset-checked@2x.png	4240731	1149	32	32	8c12e315df4d67b3b3090df2a1c3a150b190d5cd
images/images/transition-audio.png	SAMPLES/icons-VegesEffects/named_png/images/images/transition-audio.png	4707436	1212	16	16	2a528d905f365fd37ff4fd351c37d2ee405551cb
images/images/lowercase-disabled@2x.png	SAMPLES/icons-VegesEffects/named_png/images/images/lowercase-disabled@2x.png	523851	1151	32	32	65de1ffbfe99f116019d547345a3378bdb743cec
images/images/export-queue-tidy@2x.png	SAMPLES/icons-VegesEffects/named_png/images/images/export-queue-tidy@2x.png	2929724	1185	32	32	840b6b8528b2b971107d6a0d1cc9394809cdf31a
images/images/align-top-checked@2x.png	SAMPLES/icons-VegesEffects/named_png/images/images/align-top-checked@2x.png	5155278	985	32	32	fffc3fb8ba212c0442f735ca7f2d4f9b1679773d
images/images/pre-render-complete-hover.png	SAMPLES/icons-VegesEffects/named_png/images/images/pre-render-complete-hover.png	475713	1117	16	16	bb02202687559abe6fa5f386716a5c415afd9070
images/images/mask-star-menu-hover@2x.png	SAMPLES/icons-VegesEffects/named_png/images/images/mask-star-menu-hover@2x.png	1319630	1374	32	32	cbd69b03198894cb8d117b075753abe2ae6c9fd6
images/images/nonagon-outline.png	SAMPLES/icons-VegesEffects/named_png/images/images/nonagon-outline.png	3185079	1194	16	16	30cd17970b9c1845af971dcb3d72e44e66878c00
images/images/caret-left-checked@2x.png	SAMPLES/icons-VegesEffects/named_png/images/images/caret-left-checked@2x.png	3784746	1117	32	32	ffd159d3d4d35780ad97b25df6c8abc577668c8a
images/images/group-layer-disabled@2x.png	SAMPLES/icons-VegesEffects/named_png/images/images/group-layer-disabled@2x.png	219718	1229	32	32	51b1e21cfbcb1ee71a03b48786eed72c3b2ac6be
images/images/center-checked@2x.png	SAMPLES/icons-VegesEffects/named_png/images/images/center-checked@2x.png	3478679	981	32	32	096f4cb0de39e42f3da3bd4ce44952d54e49f249
images/images/group-layer-hover.png	SAMPLES/icons-VegesEffects/named_png/images/images/group-layer-hover.png	409626	1100	16	16	3950941cda184e567046011dac29ef6f8aa3ec30
images/images/browser-back-checked@2x.png	SAMPLES/icons-VegesEffects/named_png/images/images/browser-back-checked@2x.png	5173389	1126	32	32	ff5a9b1965a0417da447520783dcd37fecfc4085
images/images/mask-break-disabled@2x.png	SAMPLES/icons-VegesEffects/named_png/images/images/mask-break-disabled@2x.png	2761453	1187	32	32	800e3d493cf551cf74d5ea2c4f5f55e87b4ada93
images/images/unlinked-hover@2x.png	SAMPLES/icons-VegesEffects/named_png/images/images/unlinked-hover@2x.png	5468780	1772	32	32	34e3da10df13e0c42c99b8fdf232d4b7f6902780
images/images/camera-dolly-checked@2x.png	SAMPLES/icons-VegesEffects/named_png/images/images/camera-dolly-checked@2x.png	4514106	1284	64	64	f12c03240b6428088676477cc210fdae9bad5652
images/images/linked-hover@2x.png	SAMPLES/icons-VegesEffects/named_png/images/images/linked-hover@2x.png	451710	1665	32	32	874fe64f1e4f28b94db414ac39276b0f375dae5d
images/images/linear-hover@2x.png	SAMPLES/icons-VegesEffects/named_png/images/images/linear-hover@2x.png	4422153	1118	32	32	e9ab3df3a767b26d81c565a3a034ba2a2b150ef0
images/images/crosshairs-disabled@2x.png	SAMPLES/icons-VegesEffects/named_png/images/images/crosshairs-disabled@2x.png	5290446	2095	32	32	f2956d62a20bf85c43edfd47cf8b72c1eed83d19
images/images/pointer-checked@2x.png	SAMPLES/icons-VegesEffects/named_png/images/images/pointer-checked@2x.png	5516883	1460	32	32	8e5b650774fc402b0e36418c9fb1c9245c9b4a67
images/images/export-queue-hot-folder-disabled@2x.png	SAMPLES/icons-VegesEffects/named_png/images/images/export-queue-hot-folder-disabled@2x.png	293147	1309	32	32	8c860d6517b0eab063cb85965f5bf82b00c04d78
images/images/action-link-disabled@2x.png	SAMPLES/icons-VegesEffects/named_png/images/images/action-link-disabled@2x.png	4958608	1571	64	64	9311877f58af326df86265e1a2470336a809e3d9
images/images/key-frame-off-hover@2x.png	SAMPLES/icons-VegesEffects/named_png/images/images/key-frame-off-hover@2x.png	3513486	1285	32	32	48154ee6fd675ac4630d3d5dc34ec5b0271d6d26
images/images/action-move@2x.png	SAMPLES/icons-VegesEffects/named_png/images/images/action-move@2x.png	5382313	1499	64	64	f07dc86732dbee6a257031dd79615fd89d7456eb
images/images/camera-orbit-disabled.png	SAMPLES/icons-VegesEffects/named_png/images/images/camera-orbit-disabled.png	2827245	1167	16	16	6d20b7262029a98c0c58613ca08e2b6385d96607
images/images/mask-inverted@2x.png	SAMPLES/icons-VegesEffects/named_png/images/images/mask-inverted@2x.png	2854653	1352	32	32	44f88dac09f63792e4df11280160f702c2028a65
images/images/mask-asymmetrical-handle-hover.png	SAMPLES/icons-VegesEffects/named_png/images/images/mask-asymmetrical-handle-hover.png	4949329	1120	16	16	9eb47d1ac7345b7adaf6aaa87f83178045eae565
images/images/mask-asymmetrical-handle-checked@2x.png	SAMPLES/icons-VegesEffects/named_png/images/images/mask-asymmetrical-handle-checked@2x.png	890873	1248	32	32	1d96bd879c7533fd8b7a760dc4f456f30a996529
images/images/export-in-out-hover@2x.png	SAMPLES/icons-VegesEffects/named_png/images/images/export-in-out-hover@2x.png	2964497	1125	32	32	e7e7f7724bcbde299d723737fcbf93660d4b99ae
images/images/action-link@2x.png	SAMPLES/icons-VegesEffects/named_png/images/images/action-link@2x.png	4878731	1590	64	64	85c0c7a567dbddb8d643f195dd8b43187aa0285e
images/images/effect-2d-plugin-disabled@2x.png	SAMPLES/icons-VegesEffects/named_png/images/images/effect-2d-plugin-disabled@2x.png	309854	1179	32	32	01ca751572d8c2b9c68d50085deb1706ef2cb127
images/images/pause-disabled.png	SAMPLES/icons-VegesEffects/named_png/images/images/pause-disabled.png	4890209	960	16	16	98aca1cc1814f1c2772bd0289243c8c2ffc9a028
images/images/panel-disabled.png	SAMPLES/icons-VegesEffects/named_png/images/images/panel-disabled.png	4852615	981	16	16	09c409fdf667afdadee23a193c7f4ebcc07565af
images/images/file-video-preview-disabled@2x.png	SAMPLES/icons-VegesEffects/named_png/images/images/file-video-preview-disabled@2x.png	1434716	1280	212	120	94110d6ec2c4f9d856f372cf6ec03442b771dc5a
images/images/nonagon-outline-disabled.png	SAMPLES/icons-VegesEffects/named_png/images/images/nonagon-outline-disabled.png	4893737	1193	16	16	6d0b7890ba2d900b8b0a5c7ea4737f046e72a408
images/images/octagon-outline-disabled.png	SAMPLES/icons-VegesEffects/named_png/images/images/octagon-outline-disabled.png	4482872	1179	16	16	bd0d1fd280eb74180d053129742c9101bde6b635
images/images/text-right-indent-hover@2x.png	SAMPLES/icons-VegesEffects/named_png/images/images/text-right-indent-hover@2x.png	956709	1070	32	32	7028323b91ac8a657234aa0cc44dbf5d7d92b1d6
images/images/close-window.png	SAMPLES/icons-VegesEffects/named_png/images/images/close-window.png	5192396	1072	16	16	a365df05de764d232d5dd59fcfe4e337d52c1568
images/images/radio-only-hover.png	SAMPLES/icons-VegesEffects/named_png/images/images/radio-only-hover.png	3462085	996	16	16	5d752979b536831d495dcd1ae8832c14f2a2200e
images/images/checkbox-filled.png	SAMPLES/icons-VegesEffects/named_png/images/images/checkbox-filled.png	4469911	1015	16	16	70ea338276d556725c24fe0160a4d919115912ca
images/images/cursor-stretch-left.png	SAMPLES/icons-VegesEffects/named_png/images/images/cursor-stretch-left.png	4214635	1382	32	32	19ea0081dd597e6d69343788f2dd7c196871c5ef
images/images/missing-thumbnail.png	SAMPLES/icons-VegesEffects/named_png/images/images/missing-thumbnail.png	2783660	1637	64	64	c26955816fb4f78fea4f4cc50dc960fa62fc305e
images/images/frame-last-checked@2x.png	SAMPLES/icons-VegesEffects/named_png/images/images/frame-last-checked@2x.png	280498	1062	32	32	9d1e2ecfe1f3d6bfb60dd9e14911a8c195e9073d
images/images/cursor-ripple-hover.png	SAMPLES/icons-VegesEffects/named_png/images/images/cursor-ripple-hover.png	4086605	1377	32	32	fc6ed968f92344daf924fff016bf20444acd0a0b
images/images/large-stop-disabled@2x.png	SAMPLES/icons-VegesEffects/named_png/images/images/large-stop-disabled@2x.png	3321392	1173	64	64	9b4a9c00c5018a8b30ad659bd1b106ef19d35462
images/images/cursor-single-track-backward@2x.png	SAMPLES/icons-VegesEffects/named_png/images/images/cursor-single-track-backward@2x.png	372307	1296	64	64	ebb9275ab944241782e274a9a8b98820d6ccba3e
images/images/hexagon-outline-checked@2x.png	SAMPLES/icons-VegesEffects/named_png/images/images/hexagon-outline-checked@2x.png	3544134	1186	32	32	7e1e8f4f616ef6ff1378012b891f253b20409998
images/images/gray.png	SAMPLES/icons-VegesEffects/named_png/images/images/gray.png	3865562	956	16	16	cbbb92e032b496658b6332e856a31ed6226cdbb3
images/images/cursor-stretch-right.png	SAMPLES/icons-VegesEffects/named_png/images/images/cursor-stretch-right.png	4340953	1370	32	32	1c1185ff784c1dbf16d0c805b180ccec42f74bba
images/images/hud-zoom-disabled.png	SAMPLES/icons-VegesEffects/named_png/images/images/hud-zoom-disabled.png	4810825	1307	16	16	9659fc5ae0cb88f59496c1290ccf29a0628a5d7c
images/images/gray-caret-checked@2x.png	SAMPLES/icons-VegesEffects/named_png/images/images/gray-caret-checked@2x.png	4126870	1054	32	32	2783a7ecdef779bc71e3a1c41457cce45df473a1
images/images/file-audio-disabled.png	SAMPLES/icons-VegesEffects/named_png/images/images/file-audio-disabled.png	4907328	1114	16	16	4029bff53ff0be2724c90674548a370310b05b55
images/images/solid-layer-hover.png	SAMPLES/icons-VegesEffects/named_png/images/images/solid-layer-hover.png	3303393	1016	16	16	ec2dde217a4f7344d260e28ba03315787e12488e
images/images/pointer-hover.png	SAMPLES/icons-VegesEffects/named_png/images/images/pointer-hover.png	2838206	1248	16	16	299a3dc9efa3254e2a2b0f26999e7ada409b99f3
images/images/frame-first-checked@2x.png	SAMPLES/icons-VegesEffects/named_png/images/images/frame-first-checked@2x.png	3074101	1068	32	32	2283b60e3b187e1cb2d7ced8653e96e9362dfeac
images/images/splash.png	SAMPLES/icons-VegesEffects/named_png/images/images/splash.png	573814	311524	624	402	e140272884e10e5353d15375fd585e55dd40b8bb
images/images/search.png	SAMPLES/icons-VegesEffects/named_png/images/images/search.png	3554330	1361	16	16	6028b57be25037e8996889d77e0be9e9405dec50
images/images/margin-top-disabled@2x.png	SAMPLES/icons-VegesEffects/named_png/images/images/margin-top-disabled@2x.png	1127204	1004	32	32	8b9264f0359be399f4c5288f1c8a684ed781b736
images/images/unlinked-checked@2x.png	SAMPLES/icons-VegesEffects/named_png/images/images/unlinked-checked@2x.png	214772	1777	32	32	1afe92e1b41d4c73006d31f8616c595b03b9e865
images/images/panel-expander-hover@2x.png	SAMPLES/icons-VegesEffects/named_png/images/images/panel-expander-hover@2x.png	4906335	989	32	32	50fc11810668ec040fea7030bf0eb526011c0cf3
images/images/hendecagon-outline.png	SAMPLES/icons-VegesEffects/named_png/images/images/hendecagon-outline.png	1326440	1190	16	16	aeea3718023744a7e1fc5409c958fb1967cfa79f
images/images/export-queue-single-checked.png	SAMPLES/icons-VegesEffects/named_png/images/images/export-queue-single-checked.png	2769803	1050	16	16	a37ae1a0f8b4c94a59707785f33e89c482dbefb3
images/images/mask.png	SAMPLES/icons-VegesEffects/named_png/images/images/mask.png	4792902	1129	16	16	41111eba1be45cfa3f1824cf0aa9197e06888068
images/images/letter-scaling-horizontal-checked@2x.png	SAMPLES/icons-VegesEffects/named_png/images/images/letter-scaling-horizontal-checked@2x.png	73977	1241	32	32	dd976c31c5973975208888db5e15e57f2185d8de
images/images/folder-locked.png	SAMPLES/icons-VegesEffects/named_png/images/images/folder-locked.png	3304413	1190	16	16	6a0c659ee08978bea10ec39d91d7459bd6454c66
images/images/distribute-top-hover@2x.png	SAMPLES/icons-VegesEffects/named_png/images/images/distribute-top-hover@2x.png	474721	988	32	32	de2bef1a4398dd5ec2226e3c0155f62020a76a4f
images/images/letter-spacing-disabled@2x.png	SAMPLES/icons-VegesEffects/named_png/images/images/letter-spacing-disabled@2x.png	4908446	1438	32	32	adcd40fd48a31f36f580ea8e563698fd7ec34a16
images/images/mask-intersect-disabled.png	SAMPLES/icons-VegesEffects/named_png/images/images/mask-intersect-disabled.png	1241655	977	16	16	eeabd672b276ca614277f3271ebb6e05e59f0d8c
images/images/frame-in-disabled@2x.png	SAMPLES/icons-VegesEffects/named_png/images/images/frame-in-disabled@2x.png	3286270	1088	32	32	728c9d625b1a613b01c7079253306133dc1a9e9e
images/images/notification-disabled.png	SAMPLES/icons-VegesEffects/named_png/images/images/notification-disabled.png	1458514	1099	16	16	f3d6236ac91aa02c81381a13c3a855eb9bff24e2
images/images/two-d-hover.png	SAMPLES/icons-VegesEffects/named_png/images/images/two-d-hover.png	1140263	973	16	16	e36787ce49b9a4ffb1841e71da664361b8e45a48
images/images/screenshot-disabled@2x.png	SAMPLES/icons-VegesEffects/named_png/images/images/screenshot-disabled@2x.png	4309007	1141	32	32	b47aad78032bf70b343d6a0dda9e2191275c2413
images/images/add-export-disabled@2x.png	SAMPLES/icons-VegesEffects/named_png/images/images/add-export-disabled@2x.png	4743257	1247	32	32	79e179d4ffc481b24974d0b7804338c6aecce8f3
images/images/align-right-hover.png	SAMPLES/icons-VegesEffects/named_png/images/images/align-right-hover.png	2825124	961	16	16	ee52ea6cc2a745746884b552b7794409536474ef
images/images/text-top-align-checked.png	SAMPLES/icons-VegesEffects/named_png/images/images/text-top-align-checked.png	1037235	1004	16	16	7f71ce608b5756bdde281d3ddf042ea8c4718c60
images/images/play-backwards-disabled.png	SAMPLES/icons-VegesEffects/named_png/images/images/play-backwards-disabled.png	4862188	1085	16	16	dcb315f2a6cbef252f13c166f6d9ee429c0241b3
images/images/dodecagon-outline.png	SAMPLES/icons-VegesEffects/named_png/images/images/dodecagon-outline.png	1368017	1159	16	16	0a6d2488c03ff6d61479d311f17aac77ad3917ba
images/images/maximize-window@2x.png	SAMPLES/icons-VegesEffects/named_png/images/images/maximize-window@2x.png	4882564	995	32	32	1f3094b38868ade48861a34f52a2837ca79bd575
images/images/decagon-outline.png	SAMPLES/icons-VegesEffects/named_png/images/images/decagon-outline.png	1228611	1174	16	16	55546e6e53506aa7f4f7fe6753c1e132cf6e3a0e
images/images/align-horizontally-checked@2x.png	SAMPLES/icons-VegesEffects/named_png/images/images/align-horizontally-checked@2x.png	5452502	991	32	32	31331ddd62c84d154c0140852bb55cfa77b2429b
images/images/layout-distribute-between-vertical-disabled.png	SAMPLES/icons-VegesEffects/named_png/images/images/layout-distribute-between-vertical-disabled.png	5178922	1041	16	16	a927c8993b847dc720a218e7de19bae3ee3fc21e
images/images/checkbox-normal-checked@2x.png	SAMPLES/icons-VegesEffects/named_png/images/images/checkbox-normal-checked@2x.png	3943148	1142	80	30	99cefdb914a9e935c1c6a55fea38ca4b88ff881d
images/images/track-select-forward@2x.png	SAMPLES/icons-VegesEffects/named_png/images/images/track-select-forward@2x.png	3706020	1214	32	32	e7e2612f9d94cb6645973b2bd5ef7263ba277bb9
images/images/export-queue-tidy-checked.png	SAMPLES/icons-VegesEffects/named_png/images/images/export-queue-tidy-checked.png	4159929	1061	16	16	9f2bb426e7d36dd70824cf9ce38525a5dce00361
images/images/locked-disabled.png	SAMPLES/icons-VegesEffects/named_png/images/images/locked-disabled.png	4915347	1189	16	16	bfb0d0d566c93953b0e02b0d413ee55310731c23
images/images/dial-handle-disabled.png	SAMPLES/icons-VegesEffects/named_png/images/images/dial-handle-disabled.png	4144327	984	32	32	48946c06bee20a68d6f2fab23c2ab3556423e6b4
images/images/text-first-line-indent-disabled@2x.png	SAMPLES/icons-VegesEffects/named_png/images/images/text-first-line-indent-disabled@2x.png	4382618	1083	32	32	9c09c34f5d0575320c98117d6ea5e7152131fe7f
images/images/gray-caret-disabled.png	SAMPLES/icons-VegesEffects/named_png/images/images/gray-caret-disabled.png	4960183	992	16	16	04b7fea17020badc861dd89edcd760c159886204
images/images/three-d.png	SAMPLES/icons-VegesEffects/named_png/images/images/three-d.png	4855804	1075	16	16	3d9c3e28d19dc28ccf0ba661ac1c30626e450abe
images/images/triangle-outline-checked.png	SAMPLES/icons-VegesEffects/named_png/images/images/triangle-outline-checked.png	1412030	1137	16	16	82f89cb60590e63e0d08daa4c3e855660a14721a
images/images/hud-move-disabled.png	SAMPLES/icons-VegesEffects/named_png/images/images/hud-move-disabled.png	3111448	1191	16	16	9ea7dd6a867ac06a38eec0d08319b7e6b04dfa91
images/images/file-picture@2x.png	SAMPLES/icons-VegesEffects/named_png/images/images/file-picture@2x.png	4679632	1265	32	32	c508f87f5330f311571b3a743ff2189a5c80e36c
images/images/save.png	SAMPLES/icons-VegesEffects/named_png/images/images/save.png	3465258	1124	16	16	33f6b362dc08a0a26981249116c559bb716cba58
images/images/radio-unchecked.png	SAMPLES/icons-VegesEffects/named_png/images/images/radio-unchecked.png	1014816	1144	16	16	03b9f17cefea36e9197e97092008ad23799bd99d
images/images/font-size-disabled.png	SAMPLES/icons-VegesEffects/named_png/images/images/font-size-disabled.png	2816794	1145	16	16	d714f643ba077762b18bb7488d4da58b5ebea636
images/images/layout-canvas-top-disabled@2x.png	SAMPLES/icons-VegesEffects/named_png/images/images/layout-canvas-top-disabled@2x.png	5433729	1041	32	32	114c94c880a6dea1f7bc9851ecffe95e10858181
images/images/light-hover@2x.png	SAMPLES/icons-VegesEffects/named_png/images/images/light-hover@2x.png	923016	1935	32	32	352b3bce5b67d85a3b6897a322e458ea00b481d0
images/images/checkbox-checked-checked.png	SAMPLES/icons-VegesEffects/named_png/images/images/checkbox-checked-checked.png	20526	1024	16	16	9a7ee8527aba73969f3d1a3f6c71c042153ffc86
images/images/text-gap-before-paragraph-checked.png	SAMPLES/icons-VegesEffects/named_png/images/images/text-gap-before-paragraph-checked.png	3504178	964	16	16	67d783de1c55a0f9fbc59618e037bb89a26450c7
images/images/distribute-left-disabled.png	SAMPLES/icons-VegesEffects/named_png/images/images/distribute-left-disabled.png	3292021	1047	16	16	d8b5bb9dba63665981f731de9bf99373a63f0e1a
images/images/key-frame-empty-checked.png	SAMPLES/icons-VegesEffects/named_png/images/images/key-frame-empty-checked.png	3042088	1107	16	16	273b9eba99bc2456bd81ef8ed1271aed531738a7
images/images/constant@2x.png	SAMPLES/icons-VegesEffects/named_png/images/images/constant@2x.png	5270305	993	32	32	7902a3c4b6cf62777dac40af0aa9c22f7103c245
images/images/mask-mirrored-handle-disabled.png	SAMPLES/icons-VegesEffects/named_png/images/images/mask-mirrored-handle-disabled.png	54217	1162	16	16	7fc2ff0bb52ac8ec71a341aa7ca68f413784ce6c
images/images/video-off-checked.png	SAMPLES/icons-VegesEffects/named_png/images/images/video-off-checked.png	1124505	1569	16	16	be373b61762aa515a9fffd17a26a8fc3e9d60d88
images/images/animation-graph-disabled@2x.png	SAMPLES/icons-VegesEffects/named_png/images/images/animation-graph-disabled@2x.png	5006858	1108	32	32	633ff7247c73570728c0342b4ef966074fdae961
images/images/text-top-align@2x.png	SAMPLES/icons-VegesEffects/named_png/images/images/text-top-align@2x.png	5470556	1064	32	32	c4eb817eb7525895afeb1fbb5e03c0f403318d33
images/images/stretch-disabled@2x.png	SAMPLES/icons-VegesEffects/named_png/images/images/stretch-disabled@2x.png	283730	1284	32	32	4d3afdd3425bc027429c05a198bb00e925c3afa8
images/images/transform-rotate-hover@2x.png	SAMPLES/icons-VegesEffects/named_png/images/images/transform-rotate-hover@2x.png	5151524	1745	32	32	f144bdf29885eed006e27da445d232539cc90651
images/images/underline-checked@2x.png	SAMPLES/icons-VegesEffects/named_png/images/images/underline-checked@2x.png	5586225	1036	32	32	63f9d8320ab382dd625bdb799d9c5d12b5a8dfd4
images/images/sound-on-checked.png	SAMPLES/icons-VegesEffects/named_png/images/images/sound-on-checked.png	1060352	1345	16	16	cf93ed74dcf9dae248b4495f2f7f5ae750c0d355
images/images/dialog-warning-disabled@2x.png	SAMPLES/icons-VegesEffects/named_png/images/images/dialog-warning-disabled@2x.png	192497	1769	64	64	d271e69b0bd3a324f7173c7db16a3bedded573ee
images/images/underline.png	SAMPLES/icons-VegesEffects/named_png/images/images/underline.png	3471588	1031	16	16	9124712c2a3f7fa3fb60314bc5cdd4247489ee19
images/images/auto-scale-checked.png	SAMPLES/icons-VegesEffects/named_png/images/images/auto-scale-checked.png	2815654	1136	16	16	b894635a4a19c180f4e5688c07a3caca298ea966
images/images/key-frame-full.png	SAMPLES/icons-VegesEffects/named_png/images/images/key-frame-full.png	2834263	1211	16	16	8468e430011994f12c6f1274263adf6f3b188d5f
images/images/key-frame-empty.png	SAMPLES/icons-VegesEffects/named_png/images/images/key-frame-empty.png	1148544	1154	16	16	1fb50a3aead10da08ec34e82e3d5572f816baec6
images/images/radio-unchecked-checked@2x.png	SAMPLES/icons-VegesEffects/named_png/images/images/radio-unchecked-checked@2x.png	4517489	1251	32	32	805edff1233ee1a6d144eb954d6cbc1ebd701dd4
images/images/save-checked@2x.png	SAMPLES/icons-VegesEffects/named_png/images/images/save-checked@2x.png	4709812	1224	32	32	b0853b38aac9cf4bb7ea4d94c44a97297b324248
images/images/straighten-hover@2x.png	SAMPLES/icons-VegesEffects/named_png/images/images/straighten-hover@2x.png	1285083	1258	32	32	e26e506465fef0c9ee99181ad033265dd0b6420e
images/images/most-used-disabled.png	SAMPLES/icons-VegesEffects/named_png/images/images/most-used-disabled.png	170001	968	16	16	457323107ad43459f09a80bb4942a8715cb5bf3a
images/images/anticlockwise90-disabled@2x.png	SAMPLES/icons-VegesEffects/named_png/images/images/anticlockwise90-disabled@2x.png	3953775	1181	32	32	a1a80b7bfae17c9ef39eea1f551a22479db1b16a
images/images/top-left-disabled.png	SAMPLES/icons-VegesEffects/named_png/images/images/top-left-disabled.png	5490712	982	16	16	b51ddd5dad28f23c64b33e00bc7e269635e61198
images/images/global-preset-left-hover@2x.png	SAMPLES/icons-VegesEffects/named_png/images/images/global-preset-left-hover@2x.png	3633681	983	32	32	164389aa529adcb338a849d25406de50cfc06adf
images/images/slip-menu-disabled.png	SAMPLES/icons-VegesEffects/named_png/images/images/slip-menu-disabled.png	5174519	1092	16	16	28fe6eae12ca334d3cfe6db49b1ad6c378f667a3
images/images/mask-circle-menu-disabled.png	SAMPLES/icons-VegesEffects/named_png/images/images/mask-circle-menu-disabled.png	3857540	1167	16	16	35e4c249a784669d663583a26853fa4b09a2fb65
images/images/roll-menu-disabled.png	SAMPLES/icons-VegesEffects/named_png/images/images/roll-menu-disabled.png	3855478	1051	16	16	d824f03fb47d47ae33dcdc842c7825414c51d87d
images/images/checkbox-active-hover.png	SAMPLES/icons-VegesEffects/named_png/images/images/checkbox-active-hover.png	3262206	1040	40	15	e10c5f3bfedf7870965485888ac582a8cfe3708b
images/images/loop-disabled@2x.png	SAMPLES/icons-VegesEffects/named_png/images/images/loop-disabled@2x.png	3488162	1090	32	32	9a53cae82f54ffb86b545da1e67d0b0e735c1752
images/images/star-filled-hover.png	SAMPLES/icons-VegesEffects/named_png/images/images/star-filled-hover.png	3087248	1107	16	16	9cfa53060d387b80f1e50fbefea002d0a0cf5f52
images/images/close-window-checked@2x.png	SAMPLES/icons-VegesEffects/named_png/images/images/close-window-checked@2x.png	3181711	1093	32	32	459e14f81996e5f54ce5f4c4b876501f06a8f163
images/images/margin-left-hover.png	SAMPLES/icons-VegesEffects/named_png/images/images/margin-left-hover.png	1327634	969	16	16	ae5c5f3c98bae67d9c2605e2a8ed9c2529c9270e
images/images/file-list-large-checked.png	SAMPLES/icons-VegesEffects/named_png/images/images/file-list-large-checked.png	4988149	1244	16	16	afcf9943332556887c28d2fe258a4c0c59adfeab
images/images/clockwise90-disabled.png	SAMPLES/icons-VegesEffects/named_png/images/images/clockwise90-disabled.png	983530	1096	16	16	27b422e1afdaf18c0f6ee58946481a541ded9522
images/images/mask-disconnected-handle-hover@2x.png	SAMPLES/icons-VegesEffects/named_png/images/images/mask-disconnected-handle-hover@2x.png	4589712	1263	32	32	0337f94f28fa1cf65f1d321cf7a4d8f31695b027
images/images/hand-menu-disabled.png	SAMPLES/icons-VegesEffects/named_png/images/images/hand-menu-disabled.png	1312737	1225	16	16	6bb87e3505b4a8b6d6e8b1a717495f04e5a912e4
images/images/smallcaps-hover@2x.png	SAMPLES/icons-VegesEffects/named_png/images/images/smallcaps-hover@2x.png	3851090	1036	32	32	df90f2c7f7557b664076e03a43e77c9d39eae68c
images/images/text-bottom-align-hover@2x.png	SAMPLES/icons-VegesEffects/named_png/images/images/text-bottom-align-hover@2x.png	4702161	1049	32	32	3d981c0aece4e59cfebf17d044940f954687d782
images/images/camera-dolly-hover.png	SAMPLES/icons-VegesEffects/named_png/images/images/camera-dolly-hover.png	150369	1111	32	32	962da79d92ec91332e75896c861ae9db629f65bb
images/images/grid.png	SAMPLES/icons-VegesEffects/named_png/images/images/grid.png	3878186	1122	16	16	57ee0b7173885986a11399e93a4b0a4726520735
images/images/key-frame-easy-ease-hover.png	SAMPLES/icons-VegesEffects/named_png/images/images/key-frame-easy-ease-hover.png	348235	1027	16	16	d8b57e1f88cf01542adf704896650fc63ae15dd4
images/images/ripple-menu-hover@2x.png	SAMPLES/icons-VegesEffects/named_png/images/images/ripple-menu-hover@2x.png	5135006	1112	32	32	14bbb4c5246b8826137f9318341096b714920b87
images/images/check-only-checked@2x.png	SAMPLES/icons-VegesEffects/named_png/images/images/check-only-checked@2x.png	1154350	1129	32	32	43bd036941685e3460b39a9ba79c12efbb24bc32
images/images/slider-alpha-tile-checked@2x.png	SAMPLES/icons-VegesEffects/named_png/images/images/slider-alpha-tile-checked@2x.png	3372175	952	20	20	e16a91e498294bb8ea66a675adeda7d0a83aa8b2
images/images/preset-2d-checked@2x.png	SAMPLES/icons-VegesEffects/named_png/images/images/preset-2d-checked@2x.png	1002984	1087	32	32	800e0f51e74c4c37403640b5403c8d7287bbdcd1
images/images/key-frame-void.png	SAMPLES/icons-VegesEffects/named_png/images/images/key-frame-void.png	3054772	981	16	16	d16e8cdb9d6347031857311c5856d9a0de43d019
images/images/camera-dolly-disabled@2x.png	SAMPLES/icons-VegesEffects/named_png/images/images/camera-dolly-disabled@2x.png	2745989	1320	64	64	1a51dd39b90812f7389bb10e858d6bd7ca91cbdf
images/images/triangle-outline-checked@2x.png	SAMPLES/icons-VegesEffects/named_png/images/images/triangle-outline-checked@2x.png	3148986	1220	32	32	3f18a12d217c32eb9df97c39044b6413ab12f653
images/images/distribute-top-disabled.png	SAMPLES/icons-VegesEffects/named_png/images/images/distribute-top-disabled.png	5392864	1062	16	16	c84ea2ba450f5951ccd75f7c8b67eb00832c4267
images/images/checkbox-mixed-disabled@2x.png	SAMPLES/icons-VegesEffects/named_png/images/images/checkbox-mixed-disabled@2x.png	170973	1018	32	32	03202f70c7a2cbd3dddffdc056d31c40018c394b
images/images/septagon-outline-checked@2x.png	SAMPLES/icons-VegesEffects/named_png/images/images/septagon-outline-checked@2x.png	5581775	1305	32	32	d19a6176df44b40551d04565be7d2302233f948e
images/images/mask-intersect-hover@2x.png	SAMPLES/icons-VegesEffects/named_png/images/images/mask-intersect-hover@2x.png	5322370	999	32	32	9e72ef96dd5bee658abc60c216433fff31913e1c
images/images/mask-move-point-checked@2x.png	SAMPLES/icons-VegesEffects/named_png/images/images/mask-move-point-checked@2x.png	4089223	1419	32	32	5bc993cf8844411d4b099798b8a0177ad44873dd
images/images/notification-hover@2x.png	SAMPLES/icons-VegesEffects/named_png/images/images/notification-hover@2x.png	3250819	1154	32	32	0987f5f33f41db3c58b48edc4043036f71d95db0
images/images/preset-3d-checked@2x.png	SAMPLES/icons-VegesEffects/named_png/images/images/preset-3d-checked@2x.png	1246822	1359	32	32	ee1bd43936feb42a854a93843e81d7ff74deff08
images/images/curves-straight-checked@2x.png	SAMPLES/icons-VegesEffects/named_png/images/images/curves-straight-checked@2x.png	2741666	1085	32	32	ac9f6e6b31ebdfe67a69e81086f6a61697752819
images/images/track-select-forward-menu-checked@2x.png	SAMPLES/icons-VegesEffects/named_png/images/images/track-select-forward-menu-checked@2x.png	4251500	1216	32	32	87007bf9010b7d05d3d40798938c215047ef4d26
images/images/play-backwards-hover@2x.png	SAMPLES/icons-VegesEffects/named_png/images/images/play-backwards-hover@2x.png	5491698	1117	32	32	ac090ddcc1f6fd0b923bbf8898e1f1e4e9f85a54
images/images/effect-geometry-plugin-checked@2x.png	SAMPLES/icons-VegesEffects/named_png/images/images/effect-geometry-plugin-checked@2x.png	4315800	1189	32	32	03711d345be3262c168a8600809dd0394f2d3c3e
images/images/portrait-hover.png	SAMPLES/icons-VegesEffects/named_png/images/images/portrait-hover.png	489855	1045	16	16	36d2c3efed314149efed227b5635c771c4268e40
images/images/play-backwards-checked.png	SAMPLES/icons-VegesEffects/named_png/images/images/play-backwards-checked.png	3537303	1049	16	16	0f82c0dcec22bb37262c4177dcbb347419ba8213
images/images/cursor-single-track-backward-hover.png	SAMPLES/icons-VegesEffects/named_png/images/images/cursor-single-track-backward-hover.png	212536	1225	32	32	2b7279b6e00555286198a4377b006197bbf03c01
images/images/key-frame-easy-ease-disabled@2x.png	SAMPLES/icons-VegesEffects/named_png/images/images/key-frame-easy-ease-disabled@2x.png	885342	1149	32	32	692d10df5b110b385240539dbd1d899b9be6041f
images/images/mask-circle-menu-checked.png	SAMPLES/icons-VegesEffects/named_png/images/images/mask-circle-menu-checked.png	462661	1135	16	16	776643ab8ddeb8f5c6dd404cd57e879608e36b50
images/images/import-preset-hover.png	SAMPLES/icons-VegesEffects/named_png/images/images/import-preset-hover.png	2755775	1058	16	16	31fb579f0d7c3300f5228dffa2e48a5ee3dde88b
images/images/layout-distribute-between-vertical-hover@2x.png	SAMPLES/icons-VegesEffects/named_png/images/images/layout-distribute-between-vertical-hover@2x.png	237223	989	32	32	294d51757c4e9a28143ae7930375c68459c552bd
images/images/hexagon-outline-checked.png	SAMPLES/icons-VegesEffects/named_png/images/images/hexagon-outline-checked.png	2881960	1100	16	16	b5a8d7ec9f420e6b59422d8ed9771d687fd3ae73
images/images/nonagon-outline-checked.png	SAMPLES/icons-VegesEffects/named_png/images/images/nonagon-outline-checked.png	287140	1169	16	16	d87c224df812af820ac0be8bb2d359caa0519a64
images/images/octagon-outline-checked.png	SAMPLES/icons-VegesEffects/named_png/images/images/octagon-outline-checked.png	5585072	1149	16	16	9d43367a3567f27047571c8b0b47219b32e4b8cf
images/images/locked-hover@2x.png	SAMPLES/icons-VegesEffects/named_png/images/images/locked-hover@2x.png	5547063	1287	32	32	61f2094f488c06168825a79fa191f6d1b273dd9f
images/images/dial-handle-hover@2x.png	SAMPLES/icons-VegesEffects/named_png/images/images/dial-handle-hover@2x.png	4808482	1070	64	64	dd3a095fc3acee70535bd2ccee0a36afa4377d46
images/images/publish-checked.png	SAMPLES/icons-VegesEffects/named_png/images/images/publish-checked.png	1197719	1170	16	16	876a5bd6c59a14f44621e96d624b6e1033baea45
images/images/mask-polygon-hover.png	SAMPLES/icons-VegesEffects/named_png/images/images/mask-polygon-hover.png	4673653	1085	16	16	4e4eb5d94f689c5338c8a7e95a640fd320e799a2
images/images/mask-close-checked.png	SAMPLES/icons-VegesEffects/named_png/images/images/mask-close-checked.png	2712756	1041	16	16	b650ab04105ec83d0f0a9327ff817fd921f87314
images/images/pentagon-outline-checked@2x.png	SAMPLES/icons-VegesEffects/named_png/images/images/pentagon-outline-checked@2x.png	1098573	1308	32	32	6256e82c5f4ca92b515c504441357fae8805b809
images/images/checkbox-active-disabled@2x.png	SAMPLES/icons-VegesEffects/named_png/images/images/checkbox-active-disabled@2x.png	4331258	1159	80	30	e62de713e68a2c0ae7a4d68e8f24e37a8c103478
images/images/freehand-path-menu-hover.png	SAMPLES/icons-VegesEffects/named_png/images/images/freehand-path-menu-hover.png	3016653	1213	16	16	81f82dfeb565e94814f76e3e23f80214e5474a63
images/images/star-filled-disabled@2x.png	SAMPLES/icons-VegesEffects/named_png/images/images/star-filled-disabled@2x.png	185574	1308	32	32	2088f4b3af53382f9cabf5af023ec0a28290cef2
images/images/text-bottom-indent-checked@2x.png	SAMPLES/icons-VegesEffects/named_png/images/images/text-bottom-indent-checked@2x.png	3135761	1068	32	32	c327306b9224dce3e3fee796a7fe7cea9a336f2e
images/images/file-video-preview-checked.png	SAMPLES/icons-VegesEffects/named_png/images/images/file-video-preview-checked.png	121013	1108	106	60	e6e09c9dbda23b4a4e18b219836d6520f1c2b8e5
images/images/distribute-right-disabled@2x.png	SAMPLES/icons-VegesEffects/named_png/images/images/distribute-right-disabled@2x.png	3495732	1002	32	32	60faa9ed974e9428c88353c798244b26e85cce41
images/images/hud-zoom-hover@2x.png	SAMPLES/icons-VegesEffects/named_png/images/images/hud-zoom-hover@2x.png	5432080	1645	32	32	78d5849a383c642f350a5108d4111ecaff605427
images/images/file-audio-hover@2x.png	SAMPLES/icons-VegesEffects/named_png/images/images/file-audio-hover@2x.png	5540276	1206	32	32	5b5a2c972e0e7d784a43a6bfd05727b8884af8f0
images/images/anticlockwise90@2x.png	SAMPLES/icons-VegesEffects/named_png/images/images/anticlockwise90@2x.png	889701	1168	32	32	1aff84db47267e237d29a67fc9457c7fe401ef69
images/images/text-left-justified-checked@2x.png	SAMPLES/icons-VegesEffects/named_png/images/images/text-left-justified-checked@2x.png	3435134	978	32	32	7fefcd4a503de17b27ec132e0bb12d4ebd933acd
images/images/margin-left-disabled@2x.png	SAMPLES/icons-VegesEffects/named_png/images/images/margin-left-disabled@2x.png	4637951	1004	32	32	e77666fe3f0c73e5e0cab98331384c788dc0a23a
images/images/render-timeline-disabled@2x.png	SAMPLES/icons-VegesEffects/named_png/images/images/render-timeline-disabled@2x.png	5419737	1403	32	32	ca5f0a23f54030c5a5521e44d53486032f3b86e9
images/images/crosshair-white-hover.png	SAMPLES/icons-VegesEffects/named_png/images/images/crosshair-white-hover.png	3666010	631	16	16	73e6137c4a208cf591bd80d71541a8efb955df4e
images/images/panel-expander-disabled.png	SAMPLES/icons-VegesEffects/named_png/images/images/panel-expander-disabled.png	4233417	979	16	16	cda538aa46e908be6cae97aa79fdab84fb92e730
images/images/italic-hover.png	SAMPLES/icons-VegesEffects/named_png/images/images/italic-hover.png	3771451	1034	16	16	6589ae97ece65f7b300021971afcc14cdf989959
images/images/smooth-out-disabled@2x.png	SAMPLES/icons-VegesEffects/named_png/images/images/smooth-out-disabled@2x.png	3577998	1138	32	32	9bbe6cafb7b3e0cf1c56fa45d7b9d04b37a78b23
images/images/cursor-slide-invalid-hover.png	SAMPLES/icons-VegesEffects/named_png/images/images/cursor-slide-invalid-hover.png	1016968	1137	32	32	757869b03b7c28763e710dad435511097b6c4dba
images/images/cursor-slice-invalid-hover.png	SAMPLES/icons-VegesEffects/named_png/images/images/cursor-slice-invalid-hover.png	4401309	1274	32	32	5806b0efb64a326f42f567dbd65a61580290bbcc
images/images/global-preset-left-disabled.png	SAMPLES/icons-VegesEffects/named_png/images/images/global-preset-left-disabled.png	3072102	980	16	16	b51360432bb996c84153b092b23379634e10b94c
images/images/slip-menu-hover@2x.png	SAMPLES/icons-VegesEffects/named_png/images/images/slip-menu-hover@2x.png	236097	1122	32	32	d1ed3af1ddcf94965bd2c63f8f779bbfd9b37db7
images/images/mask-circle-menu-hover@2x.png	SAMPLES/icons-VegesEffects/named_png/images/images/mask-circle-menu-hover@2x.png	4486408	1353	32	32	9eb61145065a4a815c424ad05efcef7cf51c95ce
images/images/roll-menu-hover@2x.png	SAMPLES/icons-VegesEffects/named_png/images/images/roll-menu-hover@2x.png	4485296	1108	32	32	7e60de07accab314f82d1b67daf2ee288098979a
images/images/browser-back-hover.png	SAMPLES/icons-VegesEffects/named_png/images/images/browser-back-hover.png	3721254	1037	16	16	e0335b5499d15eebf9670caa7e2da928078fb12d
images/images/septagon-outline-checked.png	SAMPLES/icons-VegesEffects/named_png/images/images/septagon-outline-checked.png	4559705	1152	16	16	396afe249b0727b93e8edb1e38b4f05a71bf2e39
images/images/clockwise90-hover@2x.png	SAMPLES/icons-VegesEffects/named_png/images/images/clockwise90-hover@2x.png	2810757	1132	32	32	8329d6576102cc47fd1cc660549aa7301e9715b5
images/images/mask-disconnected-handle-disabled.png	SAMPLES/icons-VegesEffects/named_png/images/images/mask-disconnected-handle-disabled.png	3963730	1171	16	16	2a7a51ae562bd81f47fb4935f1fa77a1e5eb83d8
images/images/effect-geometry-plugin-checked.png	SAMPLES/icons-VegesEffects/named_png/images/images/effect-geometry-plugin-checked.png	3264232	1116	16	16	08892d9ad40040f6302f57c06351acff699956e1
images/images/hand-menu-hover@2x.png	SAMPLES/icons-VegesEffects/named_png/images/images/hand-menu-hover@2x.png	3129949	1350	32	32	27f72d1b5b03e95d71f5c3935a1567deb69b03b2
images/images/smallcaps-disabled.png	SAMPLES/icons-VegesEffects/named_png/images/images/smallcaps-disabled.png	3247152	1019	16	16	9b17160c9a51e3d3f9240d099ce68c97c7abf92b
images/images/cursor-slip-invalid-checked@2x.png	SAMPLES/icons-VegesEffects/named_png/images/images/cursor-slip-invalid-checked@2x.png	2793272	1187	64	64	330e8a434dcd9dbf58bd06f508758673548eac6a
images/images/pentagon-outline-checked.png	SAMPLES/icons-VegesEffects/named_png/images/images/pentagon-outline-checked.png	3555695	1164	16	16	d25e63207cf36508d91511c1d765b15a256c77f3
images/images/track-select-forward.png	SAMPLES/icons-VegesEffects/named_png/images/images/track-select-forward.png	997815	1166	16	16	0e8af9627f96952d413966d034c1e42402a05cb5
images/images/text-bottom-align-disabled.png	SAMPLES/icons-VegesEffects/named_png/images/images/text-bottom-align-disabled.png	4044057	1001	16	16	303ef283790fc9c10ba10036bc80dabe0a7eec2d
images/images/cursor-all-track-backward.png	SAMPLES/icons-VegesEffects/named_png/images/images/cursor-all-track-backward.png	238216	1250	32	32	35a601773705d320d8d55a36418b946e8442bcae
images/images/layout-1.png	SAMPLES/icons-VegesEffects/named_png/images/images/layout-1.png	5049321	955	16	16	06e8689c50f49aec71289a2f2994d8a701cb39b4
images/images/effect-behavior-plugin-disabled@2x.png	SAMPLES/icons-VegesEffects/named_png/images/images/effect-behavior-plugin-disabled@2x.png	4141921	1345	32	32	a7a263a0c5a23bd4bebe8eb188ef0066b2856015
images/images/filter-hover.png	SAMPLES/icons-VegesEffects/named_png/images/images/filter-hover.png	4871914	1092	16	16	eab527b0bae81402cb4b56e0b6af32ee333b8580
images/images/folder-hover.png	SAMPLES/icons-VegesEffects/named_png/images/images/folder-hover.png	3222103	1056	16	16	35e564f1cf5e009921778e65296dbcce4f09eabf
images/images/export-queue-single@2x.png	SAMPLES/icons-VegesEffects/named_png/images/images/export-queue-single@2x.png	992392	1131	32	32	a02d1fc4c60af829413d1f56761e40c3a72b4bb9
images/images/smooth-checked.png	SAMPLES/icons-VegesEffects/named_png/images/images/smooth-checked.png	456841	1027	16	16	496c0c3da85c8065498e14e29ca2e152fe147966
images/images/center-hover.png	SAMPLES/icons-VegesEffects/named_png/images/images/center-hover.png	5250372	960	16	16	085a3c1a8d953bef82e8f95b29097898fb543f3f
images/images/layout-4.png	SAMPLES/icons-VegesEffects/named_png/images/images/layout-4.png	4669014	966	16	16	038379a988ab79f40d2de8bab273e39f401e1959
images/images/sync-scroll-checked@2x.png	SAMPLES/icons-VegesEffects/named_png/images/images/sync-scroll-checked@2x.png	4415205	1112	32	32	6a93f3d4ccf20c41312414f3d64d7a2862558d18
images/images/layout-2.png	SAMPLES/icons-VegesEffects/named_png/images/images/layout-2.png	1041500	965	16	16	7acc9ae92fcbd54cb97bee877a4724bd006e19c8
images/images/caret-left-hover.png	SAMPLES/icons-VegesEffects/named_png/images/images/caret-left-hover.png	5011200	1027	16	16	fb95b03f0a9670f32d712d183593e6e449103101
images/images/ripple-menu-disabled.png	SAMPLES/icons-VegesEffects/named_png/images/images/ripple-menu-disabled.png	4495031	1095	16	16	091599abafe2681180722cbcf55643495dbcba5d
images/images/folder@2x.png	SAMPLES/icons-VegesEffects/named_png/images/images/folder@2x.png	3376738	1162	32	32	ff2ab545ec0ffe6361bde41b0b1615cfee807abb
images/images/gray-caret-hover@2x.png	SAMPLES/icons-VegesEffects/named_png/images/images/gray-caret-hover@2x.png	2274	1023	32	32	29ece7a806188187fc18d15a9f320d2885c245f5
images/images/hand-menu.png	SAMPLES/icons-VegesEffects/named_png/images/images/hand-menu.png	1159418	1248	16	16	aa9cd119510730052b3066dafe58c5119cc6d143
images/images/file-audio-hover.png	SAMPLES/icons-VegesEffects/named_png/images/images/file-audio-hover.png	4953986	1105	16	16	6fe6fe28ee94af91405119c56b2b9b7934cf13a2
images/images/missing-layer@2x.png	SAMPLES/icons-VegesEffects/named_png/images/images/missing-layer@2x.png	3022642	1240	32	32	4f6f34b68ac3270daf80ca4274b2d29a608832ba
images/images/folder-open-large@2x.png	SAMPLES/icons-VegesEffects/named_png/images/images/folder-open-large@2x.png	3029504	1565	128	128	61ac9099628c4440c048ae657677877b0bb07ab9
images/images/crop.png	SAMPLES/icons-VegesEffects/named_png/images/images/crop.png	2861160	1127	16	16	c5838d2fc7e10b963a07256064f4e47abe91de40
images/images/hud-move-hover@2x.png	SAMPLES/icons-VegesEffects/named_png/images/images/hud-move-hover@2x.png	3676640	1308	32	32	52c00aca3121d64f40646602ec3400c6375646df
images/images/graph-curve-down-disabled@2x.png	SAMPLES/icons-VegesEffects/named_png/images/images/graph-curve-down-disabled@2x.png	384170	1174	32	32	c0bea2d63d31ca5b10ea6b213258eee4941d2dcb
images/images/favorites-category@2x.png	SAMPLES/icons-VegesEffects/named_png/images/images/favorites-category@2x.png	481505	3556	128	128	99ad513e27392eac943f213595429100de7b2e82
images/images/key-frame-hold-hover.png	SAMPLES/icons-VegesEffects/named_png/images/images/key-frame-hold-hover.png	1417649	965	16	16	fd05bea903380c583d729a7e37aca9dd210079cf
images/images/font-size-hover@2x.png	SAMPLES/icons-VegesEffects/named_png/images/images/font-size-hover@2x.png	3383857	1258	32	32	b6de4657843ba6446ae7482e506b497a9bab8171
images/images/light-disabled.png	SAMPLES/icons-VegesEffects/named_png/images/images/light-disabled.png	5545691	1368	16	16	15c532ab5c44052935b61bb5c0a0204f8478efe6
images/images/letter-scaling-vertical@2x.png	SAMPLES/icons-VegesEffects/named_png/images/images/letter-scaling-vertical@2x.png	4406316	1350	32	32	be373496fe6b7f9bc394ae9b4d3f05255058b5f4
images/images/distribute-left-hover@2x.png	SAMPLES/icons-VegesEffects/named_png/images/images/distribute-left-hover@2x.png	3903489	986	32	32	fe2b87c122562b5779f060ba07c18c8198a9b188
images/images/align-horizontally.png	SAMPLES/icons-VegesEffects/named_png/images/images/align-horizontally.png	1282646	1013	16	16	8df64fb85d75059792a83be1e2549cbf6f0f1f0b
images/images/text-center-align@2x.png	SAMPLES/icons-VegesEffects/named_png/images/images/text-center-align@2x.png	402255	993	32	32	30c765f8a36eb6dd356c2a084ebb05cc2a1d2427
images/images/mask-mirrored-handle-hover@2x.png	SAMPLES/icons-VegesEffects/named_png/images/images/mask-mirrored-handle-hover@2x.png	1010966	1253	32	32	067294f641c23c61c1798d0f9ef735e2ffa38c4f
images/images/transform-rotate-disabled.png	SAMPLES/icons-VegesEffects/named_png/images/images/transform-rotate-disabled.png	4505077	1423	16	16	9c6e1768d2a546410c12c831fac2c7fd012c1a8a
images/images/cursor-all-track-backward@2x.png	SAMPLES/icons-VegesEffects/named_png/images/images/cursor-all-track-backward@2x.png	3790466	1407	64	64	8d97fe2564772ffca6572171e5f6aaf95f25ba9f
images/images/global-preset-right-hover.png	SAMPLES/icons-VegesEffects/named_png/images/images/global-preset-right-hover.png	5050280	963	16	16	3cce7844e06cf2314639ac9f4c6e6321444593c2
images/images/radio-only-checked.png	SAMPLES/icons-VegesEffects/named_png/images/images/radio-only-checked.png	5154278	996	16	16	8a4e3cdb22f7d47c013e88d9d2eeec587192c5e3
images/images/straighten-disabled.png	SAMPLES/icons-VegesEffects/named_png/images/images/straighten-disabled.png	344351	1177	16	16	19a10125b96a27c0ce80c5a7816eaee2767e9905
images/images/layout-canvas-middle-checked@2x.png	SAMPLES/icons-VegesEffects/named_png/images/images/layout-canvas-middle-checked@2x.png	5022296	1029	32	32	2e4cdb6a4d557056b8bb3514b239c5894bea179f
images/images/most-used-hover@2x.png	SAMPLES/icons-VegesEffects/named_png/images/images/most-used-hover@2x.png	4554975	986	32	32	947b6f8d702d7f5396e541106f16a632fc30cd06
images/images/effect-2d-plugin-checked@2x.png	SAMPLES/icons-VegesEffects/named_png/images/images/effect-2d-plugin-checked@2x.png	4641627	1207	32	32	72148c18fac8192bc932b4da9cd538de13b186ad
images/images/top-left-hover@2x.png	SAMPLES/icons-VegesEffects/named_png/images/images/top-left-hover@2x.png	571673	1001	32	32	90451e620545482f325b2eff12244efb7247a807
images/images/cursor-stretch-right@2x.png	SAMPLES/icons-VegesEffects/named_png/images/images/cursor-stretch-right@2x.png	4600733	1587	64	64	b6c17e6a14942b8ff3ebdf195b59335b07312942
images/images/file-list-large-checked@2x.png	SAMPLES/icons-VegesEffects/named_png/images/images/file-list-large-checked@2x.png	5507598	1287	32	32	db23172a817de21fcbd1829ca3e9c8099cc26bcd
images/images/mask-break-hover@2x.png	SAMPLES/icons-VegesEffects/named_png/images/images/mask-break-hover@2x.png	3170802	1145	32	32	ad75d02de0b27234a78c371706c20137e2b45bea
images/images/letter-scaling-vertical.png	SAMPLES/icons-VegesEffects/named_png/images/images/letter-scaling-vertical.png	2742755	1159	16	16	253a0c461b0241b584aab02d1fe03738d9199518
images/images/clock-menu-disabled.png	SAMPLES/icons-VegesEffects/named_png/images/images/clock-menu-disabled.png	3236017	1357	16	16	da5bf25b5ba35513f5f367f81283197dcdb26522
images/images/home-disabled@2x.png	SAMPLES/icons-VegesEffects/named_png/images/images/home-disabled@2x.png	552717	1143	32	32	4781f49f19358b56a78137bdf5258b1458cff046
images/images/layout-canvas-bottom-disabled@2x.png	SAMPLES/icons-VegesEffects/named_png/images/images/layout-canvas-bottom-disabled@2x.png	1362326	1046	32	32	ef662b0fdc0229579413a0298144d8b9d5468788
images/images/dummy-transparent@2x.png	SAMPLES/icons-VegesEffects/named_png/images/images/dummy-transparent@2x.png	3144520	955	32	32	a0b66149e11c1013fe1944232c164d805c6d8781
images/images/magnet-hover@2x.png	SAMPLES/icons-VegesEffects/named_png/images/images/magnet-hover@2x.png	1440764	1290	32	32	9c2d8b0a80928e9dcec304a869ec24bf8feb9f1e
images/images/mask-square-handle-checked.png	SAMPLES/icons-VegesEffects/named_png/images/images/mask-square-handle-checked.png	2981912	1068	16	16	24431da09c357d2002d021c7816818b850b42b60
images/images/export-queue-batch.png	SAMPLES/icons-VegesEffects/named_png/images/images/export-queue-batch.png	1158360	1054	16	16	649707a6b79ef32f832e7a54fb731b831c11b0e2
images/images/frame-out-checked@2x.png	SAMPLES/icons-VegesEffects/named_png/images/images/frame-out-checked@2x.png	4845080	1056	32	32	3834e9b371d07001a4d830be0a8ca7a9d8269a24
images/images/distribute-horizontally-checked@2x.png	SAMPLES/icons-VegesEffects/named_png/images/images/distribute-horizontally-checked@2x.png	995734	994	32	32	1f35981bbfbcf7df1dcb43b309449f012280127f
images/images/white-caret.png	SAMPLES/icons-VegesEffects/named_png/images/images/white-caret.png	5578390	980	16	16	15a845d5e9801d7df4f022db411fdf2e1202ef12
images/images/mirror-vertical-hover@2x.png	SAMPLES/icons-VegesEffects/named_png/images/images/mirror-vertical-hover@2x.png	5349244	1254	32	32	fcee846ad2f909987905fb2c72ce2b488406e0db
images/images/mask-circle-checked@2x.png	SAMPLES/icons-VegesEffects/named_png/images/images/mask-circle-checked@2x.png	3443560	1338	32	32	305c164a76e960ec96b6b698921024d6e5347a23
images/images/filter@2x.png	SAMPLES/icons-VegesEffects/named_png/images/images/filter@2x.png	4664269	1225	32	32	93194a49845a37b70a1e60f17424ff54ecba0994
images/images/unlinked-disabled@2x.png	SAMPLES/icons-VegesEffects/named_png/images/images/unlinked-disabled@2x.png	5210179	1730	32	32	47769bd3386296dadaa39185ded4aca8bf684525
images/images/export-preset-checked.png	SAMPLES/icons-VegesEffects/named_png/images/images/export-preset-checked.png	3638516	1036	16	16	44c01b86b616d9db0aae969f91326cf80befb5a7
images/images/vector-path-checked@2x.png	SAMPLES/icons-VegesEffects/named_png/images/images/vector-path-checked@2x.png	4807335	1143	32	32	ac179b14d14916a91a87c772e1f3b7d5c7af95d0
images/images/frame-last.png	SAMPLES/icons-VegesEffects/named_png/images/images/frame-last.png	4502711	1005	16	16	fd6f8cca9bab50e83bd56b68d169de2b5927e9d3
images/images/text-right-justified-hover.png	SAMPLES/icons-VegesEffects/named_png/images/images/text-right-justified-hover.png	5279005	960	16	16	9d91f8f11c1e8e807b1b2050b4c3eb7573f9c4b4
images/images/strikethrough.png	SAMPLES/icons-VegesEffects/named_png/images/images/strikethrough.png	5175615	1061	16	16	2ed071ae9258e14a97a34de434c5f8eeb078de82
images/images/align-right-checked.png	SAMPLES/icons-VegesEffects/named_png/images/images/align-right-checked.png	5429872	961	16	16	4a4a71a392b5565b8233702ed7cc92bf48c9f3cc
images/images/search-checked.png	SAMPLES/icons-VegesEffects/named_png/images/images/search-checked.png	450345	1361	16	16	190b1ef82b9229a3028fe6ce926da4d6ee3c5342
images/images/subscript-checked.png	SAMPLES/icons-VegesEffects/named_png/images/images/subscript-checked.png	468886	1013	16	16	2431d4dfae3320dd53bd31d17e840c2b624c97ed
images/images/check-only-disabled.png	SAMPLES/icons-VegesEffects/named_png/images/images/check-only-disabled.png	3364547	1031	16	16	1141dd8119f810eb317fefe061752d3fd9d8b3d0
images/images/checkbox-normal.png	SAMPLES/icons-VegesEffects/named_png/images/images/checkbox-normal.png	4830441	1077	40	15	9e67a54c1573866bc1627dae9b7c50fd038f5cd9
images/images/proxy-queue-pause-disabled@2x.png	SAMPLES/icons-VegesEffects/named_png/images/images/proxy-queue-pause-disabled@2x.png	3748030	1440	32	32	fae093f5ebad0b718855959c9ca50d25800da761
images/images/two-d-disabled@2x.png	SAMPLES/icons-VegesEffects/named_png/images/images/two-d-disabled@2x.png	3811811	1016	32	32	76e8b15c767aa0e9767697d6cab40d1ed276fa70
images/images/margin-bottom-hover.png	SAMPLES/icons-VegesEffects/named_png/images/images/margin-bottom-hover.png	1067633	969	16	16	3d8c5ac09181ed3a74ff64c9986012c11553e345
images/images/layout-canvas-left-hover@2x.png	SAMPLES/icons-VegesEffects/named_png/images/images/layout-canvas-left-hover@2x.png	2962491	1023	32	32	925ee6c6e0046cffe285638685e833c9c861af53
images/images/margin-left-hover@2x.png	SAMPLES/icons-VegesEffects/named_png/images/images/margin-left-hover@2x.png	3886985	984	32	32	b824a1f4d9b08f1f8b20bfc288b1e4382fe5dba2
images/images/text-left-indent-checked.png	SAMPLES/icons-VegesEffects/named_png/images/images/text-left-indent-checked.png	4008675	1011	16	16	4cdc03a91a886f19f4fc2a2876470de7b009f544
images/images/align-right-disabled@2x.png	SAMPLES/icons-VegesEffects/named_png/images/images/align-right-disabled@2x.png	4597317	1011	32	32	3c2190d61a7251fbe4140c947b48ddd9d47e6881
images/images/hud-textbox-overflow-hover@2x.png	SAMPLES/icons-VegesEffects/named_png/images/images/hud-textbox-overflow-hover@2x.png	5067406	1295	32	32	920dfad75100a1e8a3792d3db9b7148dbc384fd2
images/images/cursor-ripple-right.png	SAMPLES/icons-VegesEffects/named_png/images/images/cursor-ripple-right.png	5367936	1370	32	32	67eefb918d06bc8ddc7847c0b9b22c119876eeb1
images/images/hud-select-checked@2x.png	SAMPLES/icons-VegesEffects/named_png/images/images/hud-select-checked@2x.png	4747130	1460	32	32	41c55f38a65a68fe48c6c04bfed56804d037c4f7
images/images/baseline-shift-disabled.png	SAMPLES/icons-VegesEffects/named_png/images/images/baseline-shift-disabled.png	2779947	1230	16	16	3b9b5ae0d95042bb3172306bb7628b79103ed16f
images/images/cursor-resize-right-hover@2x.png	SAMPLES/icons-VegesEffects/named_png/images/images/cursor-resize-right-hover@2x.png	3863124	1419	64	64	03236b7efd7e13ddebbc5dae56214df1e4d94cca
images/images/unlinked-disabled.png	SAMPLES/icons-VegesEffects/named_png/images/images/unlinked-disabled.png	4837380	1402	16	16	8e2a328765692090b0c438807a958daa9176dda6
images/images/linked-disabled.png	SAMPLES/icons-VegesEffects/named_png/images/images/linked-disabled.png	5369310	1269	16	16	be85e51be2f382d72d23929356e1da6c145bc49c
images/images/solid-layer-disabled@2x.png	SAMPLES/icons-VegesEffects/named_png/images/images/solid-layer-disabled@2x.png	3620540	1056	32	32	1d894ea7753ebf0f857e25c065580b7b4680d9e4
images/images/mask-polygon@2x.png	SAMPLES/icons-VegesEffects/named_png/images/images/mask-polygon@2x.png	228416	1311	32	32	53fb07054ed8041a8ae3c3659f76522267c6ceca
images/images/linear-disabled.png	SAMPLES/icons-VegesEffects/named_png/images/images/linear-disabled.png	3788031	1032	16	16	edf9513ffd5d75f9c0a345f32759cec498a24517
images/images/bottom-left@2x.png	SAMPLES/icons-VegesEffects/named_png/images/images/bottom-left@2x.png	4364892	1016	32	32	72fa35a12b286f5272b7c22a9687087da4961515
images/images/edit-insert@2x.png	SAMPLES/icons-VegesEffects/named_png/images/images/edit-insert@2x.png	5544622	1065	32	32	2fa9212888d56d73dde2d4fbb8243114b44c6dca
images/images/align-left-disabled@2x.png	SAMPLES/icons-VegesEffects/named_png/images/images/align-left-disabled@2x.png	3393280	995	32	32	57ea5e1c32a864b8f4e82c189b4680355a3b59b4
images/images/pointer-disabled@2x.png	SAMPLES/icons-VegesEffects/named_png/images/images/pointer-disabled@2x.png	4644090	1448	32	32	e6fc75311d204abf815b33f643a168ac7ebb0768
images/images/text-layer-disabled@2x.png	SAMPLES/icons-VegesEffects/named_png/images/images/text-layer-disabled@2x.png	3661749	1350	32	32	2ebee3d693a1c6b70d565b5f277a35eb72d05d52
images/images/letter-scaling-horizontal.png	SAMPLES/icons-VegesEffects/named_png/images/images/letter-scaling-horizontal.png	4346282	1163	16	16	9cc15c1a3b380d52b33a1199497fbb8960983830
images/images/reset.png	SAMPLES/icons-VegesEffects/named_png/images/images/reset.png	946201	1288	16	16	99d112cf143e930ce8b08480140506ab59c4c271
images/images/eraser.png	SAMPLES/icons-VegesEffects/named_png/images/images/eraser.png	5129409	940	16	16	2525acf03d66ea3f466d2c914ff15eb30f0b95f3
images/images/key-frame-off-disabled.png	SAMPLES/icons-VegesEffects/named_png/images/images/key-frame-off-disabled.png	2951423	1144	16	16	5685ff78a98cd7915c7bc34467945f91a82ab472
images/images/camera-orbit-hover@2x.png	SAMPLES/icons-VegesEffects/named_png/images/images/camera-orbit-hover@2x.png	3390951	1272	32	32	0849704de61d7e483f8a526a56a3352bcb5f2297
images/images/mask-inverted-checked@2x.png	SAMPLES/icons-VegesEffects/named_png/images/images/mask-inverted-checked@2x.png	5430837	1239	32	32	dad438869c2012fba378d383f1036f50aea1bf2f
images/images/mask-rounded-rect-menu-checked.png	SAMPLES/icons-VegesEffects/named_png/images/images/mask-rounded-rect-menu-checked.png	5386925	1063	16	16	450b4adaade7b87ea3997e1663f0e678a9984caf
images/images/export-in-out-disabled.png	SAMPLES/icons-VegesEffects/named_png/images/images/export-in-out-disabled.png	1131651	1087	16	16	9e6cd00ef758bdef968b2d11b1372a5c93a422ce
images/images/camera-rotate-hover.png	SAMPLES/icons-VegesEffects/named_png/images/images/camera-rotate-hover.png	3048874	1274	32	32	6e60cdaf57ddb04ac098cddd1720f971a194e6c0
images/images/folder-locked-open.png	SAMPLES/icons-VegesEffects/named_png/images/images/folder-locked-open.png	4403753	1239	16	16	79b2e810731ffbc20739cab807055204285de463
images/images/roll-disabled@2x.png	SAMPLES/icons-VegesEffects/named_png/images/images/roll-disabled@2x.png	4018212	1112	32	32	4b6cb91ae2a70b5f5a381a792c40af0e0b986dce
images/images/pause-hover@2x.png	SAMPLES/icons-VegesEffects/named_png/images/images/pause-hover@2x.png	5522645	978	32	32	69a923d5d3986da93865fa5b61d826afa41d858d
images/images/frame-first.png	SAMPLES/icons-VegesEffects/named_png/images/images/frame-first.png	4970106	1002	16	16	49f77b7942198b5d873c3778607be169621b46c8
images/images/magnify-search@2x.png	SAMPLES/icons-VegesEffects/named_png/images/images/magnify-search@2x.png	1467468	1710	32	32	62d02f81cc850ca918ae056f8fddc0ac75879543
images/images/add-container-north-hover.png	SAMPLES/icons-VegesEffects/named_png/images/images/add-container-north-hover.png	3923659	1074	32	64	b927ab9cf623b26f9d96b62d78dfe0878b857108
images/images/panel-hover@2x.png	SAMPLES/icons-VegesEffects/named_png/images/images/panel-hover@2x.png	5481309	1046	32	32	d51bf4514bf82fc9b28e6502fbc7f6ec1f4ef75c
images/images/close-circle-checked@2x.png	SAMPLES/icons-VegesEffects/named_png/images/images/close-circle-checked@2x.png	4443952	1661	32	32	0a6b6bb1d95f393a5fc4b0bdb5424d1a13b7ac50
images/images/nonagon-outline-hover@2x.png	SAMPLES/icons-VegesEffects/named_png/images/images/nonagon-outline-hover@2x.png	5524581	1324	32	32	522626661c7aa13452c2d970a37966234be94d76
images/images/play-checked.png	SAMPLES/icons-VegesEffects/named_png/images/images/play-checked.png	5146431	1042	16	16	b37d40847105d1c9cae70a670663c2f1c98b6f64
images/images/octagon-outline-hover@2x.png	SAMPLES/icons-VegesEffects/named_png/images/images/octagon-outline-hover@2x.png	5112202	1350	32	32	59e7dd26fa31b4b4276c57661cad5d27c1e093a2
images/images/export-video@2x.png	SAMPLES/icons-VegesEffects/named_png/images/images/export-video@2x.png	3438979	1127	32	32	4872b478c21563bd5bf9a673b2519efc526196a7
images/images/text-right-indent-disabled.png	SAMPLES/icons-VegesEffects/named_png/images/images/text-right-indent-disabled.png	5577370	1016	16	16	3cb4354e869632e608824e34495059a950c1ebb2
images/images/play-hover.png	SAMPLES/icons-VegesEffects/named_png/images/images/play-hover.png	3569181	1042	16	16	db43bd04b5c95ccf4607b58c87f3e93c1678e062
images/images/clipboard-cut.png	SAMPLES/icons-VegesEffects/named_png/images/images/clipboard-cut.png	4796707	1438	16	16	d660c8ba319fbf30cd2ff4d3669d77b2d59d866a
images/images/gray-checked.png	SAMPLES/icons-VegesEffects/named_png/images/images/gray-checked.png	5554293	956	16	16	d8af4f45895b90a3776bdd0f257d0e021066e200
images/images/gray-caret.png	SAMPLES/icons-VegesEffects/named_png/images/images/gray-caret.png	3337614	989	16	16	0a68a6ce6c698f102e206150c3c9fb9e41982f08
images/images/minimized-window-checked@2x.png	SAMPLES/icons-VegesEffects/named_png/images/images/minimized-window-checked@2x.png	5425027	973	32	32	d9db1898a7a452d184d0263691771e7e10301ee3
images/images/hexagon-outline-hover@2x.png	SAMPLES/icons-VegesEffects/named_png/images/images/hexagon-outline-hover@2x.png	3650147	1186	32	32	f1ed564f33557c747ea54a22008e88be0443bdb6
images/images/edit-overlay-checked@2x.png	SAMPLES/icons-VegesEffects/named_png/images/images/edit-overlay-checked@2x.png	3381734	1069	32	32	1aee82fcefd9cfb82c8336423fc0d091b553789c
images/images/solid-layer-hover@2x.png	SAMPLES/icons-VegesEffects/named_png/images/images/solid-layer-hover@2x.png	55383	1043	32	32	ea425189134bc7c4f8d28a772277a83436d4cba9
images/images/decagon-outline-hover@2x.png	SAMPLES/icons-VegesEffects/named_png/images/images/decagon-outline-hover@2x.png	5266718	1268	32	32	43c5803c330333859f5453bb087eb471908381ca
images/images/cursor-all-track-forward-hover.png	SAMPLES/icons-VegesEffects/named_png/images/images/cursor-all-track-forward-hover.png	3892786	1327	32	32	2da495b7a5a794143cf1dc2d77e7b3ed289164d2
images/images/text-justified-hover.png	SAMPLES/icons-VegesEffects/named_png/images/images/text-justified-hover.png	1167952	953	16	16	966ff9c2fd75dd88708b99a88189f44935b31170
images/images/folder-locked-disabled.png	SAMPLES/icons-VegesEffects/named_png/images/images/folder-locked-disabled.png	3654730	1177	16	16	c3d30098011c56f85d7b6512db53115794368fbc
images/images/strikethrough-checked.png	SAMPLES/icons-VegesEffects/named_png/images/images/strikethrough-checked.png	1000982	1000	16	16	c82fe2fe182dedd07fb7df45e9c6d780adc02a77
images/images/italic-checked.png	SAMPLES/icons-VegesEffects/named_png/images/images/italic-checked.png	931316	1034	16	16	d2c875a60ba2752c95eca25384628537db2ddb05
images/images/roll-menu-hover.png	SAMPLES/icons-VegesEffects/named_png/images/images/roll-menu-hover.png	4153411	1031	16	16	e4ba167fa0fc3f6947a08f315bc7d9d90ec56365
images/images/add-container-west-hover.png	SAMPLES/icons-VegesEffects/named_png/images/images/add-container-west-hover.png	4091690	1072	64	32	ba9e5cafbed783bdd73417d60b3080343685db67
images/images/presets-checked@2x.png	SAMPLES/icons-VegesEffects/named_png/images/images/presets-checked@2x.png	315206	976	32	32	06b713010b6bdc1cb30bbd17ae7ea473a867f2e4
images/images/import-preset-hover@2x.png	SAMPLES/icons-VegesEffects/named_png/images/images/import-preset-hover@2x.png	460184	1149	32	32	b59e0a49c7885586fc2c0a538ffe9e6b0e90704c
images/images/cursor-ripple-disabled@2x.png	SAMPLES/icons-VegesEffects/named_png/images/images/cursor-ripple-disabled@2x.png	3993007	1725	64	64	eca2b50cdbf15d576e731247417cdc1b07f52821
images/images/caret-up.png	SAMPLES/icons-VegesEffects/named_png/images/images/caret-up.png	5337493	1034	16	16	cbe025c44ffc3b70a6bcfbd66de42452a8a9d6d2
images/images/batch-hover.png	SAMPLES/icons-VegesEffects/named_png/images/images/batch-hover.png	5032956	1098	16	16	0b5b5da3579323a99d7ca6f99c32c8b96ab7ce63
images/images/hexagon-outline.png	SAMPLES/icons-VegesEffects/named_png/images/images/hexagon-outline.png	4395573	1153	16	16	e8bf7d5874617b9ba6f286fbe4701f588ee8420d
images/images/bold-disabled@2x.png	SAMPLES/icons-VegesEffects/named_png/images/images/bold-disabled@2x.png	3572344	1215	32	32	9c82315813f46998abc55812fbbde4cb48f4696c
images/images/screenshot-camera-hover.png	SAMPLES/icons-VegesEffects/named_png/images/images/screenshot-camera-hover.png	3548039	1144	16	16	6cb6a05d6cc30760b5d2a545f5ccf691dd3d51fd
images/images/layout-canvas-center-checked.png	SAMPLES/icons-VegesEffects/named_png/images/images/layout-canvas-center-checked.png	1301435	982	16	16	7006c91dcfc592116aafc3120d1bf9ed9eb07804
images/images/transform-rotate-checked@2x.png	SAMPLES/icons-VegesEffects/named_png/images/images/transform-rotate-checked@2x.png	4491119	1519	32	32	ea82767401c26027fbd60f994627316908330285
images/images/mask-star-menu-disabled.png	SAMPLES/icons-VegesEffects/named_png/images/images/mask-star-menu-disabled.png	378153	1247	16	16	9dbccd0df4aa5d5ebe00f4f64352ed94832116fe
images/images/export-preset-hover.png	SAMPLES/icons-VegesEffects/named_png/images/images/export-preset-hover.png	4425661	1036	16	16	216846702979b2f0aa21a259cc91aac4a8660227
images/images/layout-canvas-left-hover.png	SAMPLES/icons-VegesEffects/named_png/images/images/layout-canvas-left-hover.png	1192601	980	16	16	ae8d520ecd98b10569ef67bb2f10fa8fe57fc617
images/images/baseline-shift-checked.png	SAMPLES/icons-VegesEffects/named_png/images/images/baseline-shift-checked.png	5232279	1192	16	16	f8825a37d6f02314362d1200a0934e222aee14f7
images/images/top-hover.png	SAMPLES/icons-VegesEffects/named_png/images/images/top-hover.png	4869907	978	16	16	264040d28eb5ea812e129947cd39a7e730bceb2d
images/images/graph-curve-down-disabled.png	SAMPLES/icons-VegesEffects/named_png/images/images/graph-curve-down-disabled.png	2851434	1062	16	16	95b3c66c1b6e68d229a01716fcdccabcbf0af9ec
images/images/zoom-max-checked@2x.png	SAMPLES/icons-VegesEffects/named_png/images/images/zoom-max-checked@2x.png	3861998	1122	32	32	2e4779aa59ea18d4b5219d37a3f808431142b1d6
images/images/text-right-indent-hover.png	SAMPLES/icons-VegesEffects/named_png/images/images/text-right-indent-hover.png	4952958	1024	16	16	8de9b638f9a93877d077aa852364ca7bdbb10fcb
images/images/layout-canvas-right-hover@2x.png	SAMPLES/icons-VegesEffects/named_png/images/images/layout-canvas-right-hover@2x.png	3452978	1026	32	32	9fc583ca76cb6378054b3c8f0520cd11ca2afc32
images/images/global-preset-left-checked.png	SAMPLES/icons-VegesEffects/named_png/images/images/global-preset-left-checked.png	5543655	963	16	16	52de16c0136f60db9b4a243feb7c6f978334b961
images/images/global-preset-right-disabled@2x.png	SAMPLES/icons-VegesEffects/named_png/images/images/global-preset-right-disabled@2x.png	4319055	1010	32	32	1b409eb736bcb84ef55753797898098737413f35
images/images/margin-right-hover@2x.png	SAMPLES/icons-VegesEffects/named_png/images/images/margin-right-hover@2x.png	5512322	984	32	32	a882429e0c4d8e7eaeb0947068faf5754e303674
images/images/checkbox-active.png	SAMPLES/icons-VegesEffects/named_png/images/images/checkbox-active.png	2885456	1092	40	15	1cabde284c3dc79ffb2ac1d0100765fafe25bcc0
images/images/clipboard-paste-hover.png	SAMPLES/icons-VegesEffects/named_png/images/images/clipboard-paste-hover.png	1403886	1189	16	16	a3b439b907335f082e08f57fdef69d0f9ba3d226
images/images/square-outline-hover.png	SAMPLES/icons-VegesEffects/named_png/images/images/square-outline-hover.png	502635	1035	16	16	db66945be072c8334fc3aa6e03ccd0f42fafdcc5
images/images/zoom-min-checked@2x.png	SAMPLES/icons-VegesEffects/named_png/images/images/zoom-min-checked@2x.png	5243328	1060	32	32	0395190c1b4a2e566a73036685fd1b2b447cddfb
images/images/margin-left.png	SAMPLES/icons-VegesEffects/named_png/images/images/margin-left.png	2918329	1013	16	16	6e8d838fc537b2c57c2e05a2d69d52fac098fae4
images/images/roll-menu-checked.png	SAMPLES/icons-VegesEffects/named_png/images/images/roll-menu-checked.png	3422136	1031	16	16	a6cd1229d227c9b3ba909157fe0ed9908758b714
images/images/slip-menu-checked@2x.png	SAMPLES/icons-VegesEffects/named_png/images/images/slip-menu-checked@2x.png	290723	1122	32	32	1e436536b8ad04520687e7310c8cf6ade825d7e1
images/images/frame-previous@2x.png	SAMPLES/icons-VegesEffects/named_png/images/images/frame-previous@2x.png	3340051	1079	32	32	5f5270d2fdf9897d0b91b624963951c90ebe6b22
images/images/camera-dolly.png	SAMPLES/icons-VegesEffects/named_png/images/images/camera-dolly.png	5264567	1143	32	32	c9e82eeee2ef9e4c675c76f97f8c90f87fa3c97f
images/images/file-preset-preview-checked@2x.png	SAMPLES/icons-VegesEffects/named_png/images/images/file-preset-preview-checked@2x.png	1451792	1267	212	120	fc59b69557514d03814c6539a9467dca9064a72e
images/images/key-frame-easy-ease.png	SAMPLES/icons-VegesEffects/named_png/images/images/key-frame-easy-ease.png	98045	1041	16	16	daa956a79154d4d28c2c98fee0014335443e4a18
images/images/file-audio-disabled@2x.png	SAMPLES/icons-VegesEffects/named_png/images/images/file-audio-disabled@2x.png	3653535	1191	32	32	daa678fd0c0fb100bfd43b091b1a27147ab0747e
images/images/text-left-align-hover.png	SAMPLES/icons-VegesEffects/named_png/images/images/text-left-align-hover.png	4035948	960	16	16	af08886f81f95cd219b18f25ca8698f52dfe9762
images/images/adjustment-layer-checked@2x.png	SAMPLES/icons-VegesEffects/named_png/images/images/adjustment-layer-checked@2x.png	5556532	1281	32	32	bede3c24d70be96689cf34b1e16cb40d5284e4e8
images/images/text-layer@2x.png	SAMPLES/icons-VegesEffects/named_png/images/images/text-layer@2x.png	5073181	1347	32	32	3866a8a494e3e09ec629350ebd0ff1edccb5ba76
images/images/global-preset-left-checked@2x.png	SAMPLES/icons-VegesEffects/named_png/images/images/global-preset-left-checked@2x.png	955722	983	32	32	217c273ea15ad6838e111e2caa3faf989d18f2be
images/images/cursor-ripple.png	SAMPLES/icons-VegesEffects/named_png/images/images/cursor-ripple.png	425720	1377	32	32	9164905ee2cf679038c770fbd8fdf3de62f9cd1e
images/images/landscape-hover@2x.png	SAMPLES/icons-VegesEffects/named_png/images/images/landscape-hover@2x.png	5102008	1145	32	32	335c62d8f86b55aa71fa2e6bfb9c58c85a94ea48
images/images/solid-layer.png	SAMPLES/icons-VegesEffects/named_png/images/images/solid-layer.png	5123917	1023	16	16	4ffeec134b5e177d8e0aec33d90f9f3389133c15
images/images/pointer.png	SAMPLES/icons-VegesEffects/named_png/images/images/pointer.png	44762	1261	16	16	e1d3dbd7d11f9fe13a82e2cee06137dca627a464
images/images/text-left-align-checked@2x.png	SAMPLES/icons-VegesEffects/named_png/images/images/text-left-align-checked@2x.png	5139924	980	32	32	521ad99d597915230fca6212538a906c7dc136f9
images/images/file-audio-preview-hover@2x.png	SAMPLES/icons-VegesEffects/named_png/images/images/file-audio-preview-hover@2x.png	2748628	1986	212	120	3c81a1f1057322190194b600b401273d8aba48de
images/images/key-frame-hold-disabled@2x.png	SAMPLES/icons-VegesEffects/named_png/images/images/key-frame-hold-disabled@2x.png	1001986	994	32	32	54b5306c837336b1e50da2ba04f7657cad279971
images/images/font-outline-color-hover@2x.png	SAMPLES/icons-VegesEffects/named_png/images/images/font-outline-color-hover@2x.png	5565183	1268	32	32	8ae8c47f62be8d04002d5b3627ee7d79d22eccee
images/images/dialog-question-disabled@2x.png	SAMPLES/icons-VegesEffects/named_png/images/images/dialog-question-disabled@2x.png	5292545	1837	64	64	17b7e141d4a9992b59a2492c68f89b4e98fab95a
images/images/mask-asymmetrical-handle-disabled.png	SAMPLES/icons-VegesEffects/named_png/images/images/mask-asymmetrical-handle-disabled.png	3966176	1187	16	16	983f51b8bd481390c9fd996f7c14da5b956c0096
images/images/frame-out-hover@2x.png	SAMPLES/icons-VegesEffects/named_png/images/images/frame-out-hover@2x.png	5207193	1056	32	32	9676bfa8ad9d128b01d1afc8c996328e37cfa1ab
images/images/missing-thumbnail-checked.png	SAMPLES/icons-VegesEffects/named_png/images/images/missing-thumbnail-checked.png	1100911	1610	64	64	708fc786a2cdcdefc12b37210db108bfe71a2391
images/images/star-outline-disabled@2x.png	SAMPLES/icons-VegesEffects/named_png/images/images/star-outline-disabled@2x.png	3059226	1426	32	32	488afe7f5ffd00f409d85603e109d3ba6e91158a
images/images/cursor-slide-hover.png	SAMPLES/icons-VegesEffects/named_png/images/images/cursor-slide-hover.png	2910888	1077	32	32	3e2d733081b6c6903715177ecc2e6e214cc078e7
images/images/clipboard-paste-checked@2x.png	SAMPLES/icons-VegesEffects/named_png/images/images/clipboard-paste-checked@2x.png	513948	1420	32	32	d02b6287047aa2ac4fc69735899751cf505f53cd
images/images/publish-hover@2x.png	SAMPLES/icons-VegesEffects/named_png/images/images/publish-hover@2x.png	3079539	1328	32	32	6b14222810bf1400d7b1ecbeddfac612408ff232
images/images/mask-select-point-hover@2x.png	SAMPLES/icons-VegesEffects/named_png/images/images/mask-select-point-hover@2x.png	4651605	1357	32	32	92629da26544b84eabc439bde651b41e9f37afdc
images/images/distribute-right@2x.png	SAMPLES/icons-VegesEffects/named_png/images/images/distribute-right@2x.png	2956999	1002	32	32	98afb151c3de05cc824999f68aa629e1320aaf83
images/images/mask-break.png	SAMPLES/icons-VegesEffects/named_png/images/images/mask-break.png	4754195	1089	16	16	63fc3a3aa66d401e9cd916576dd1b73f4b219465
images/images/text-justified-checked@2x.png	SAMPLES/icons-VegesEffects/named_png/images/images/text-justified-checked@2x.png	5404094	975	32	32	0dce36c0b1520a87c01a55e9d01a79c731f646e8
images/images/action-link.png	SAMPLES/icons-VegesEffects/named_png/images/images/action-link.png	1429843	1318	32	32	ed594c03f02bc32948e027e0f78dea901051690c
images/images/file-video-preview.png	SAMPLES/icons-VegesEffects/named_png/images/images/file-video-preview.png	4369883	1287	106	60	68f8f3caecf5c9e585988456776212bd64bff0da
images/images/stretch-hover@2x.png	SAMPLES/icons-VegesEffects/named_png/images/images/stretch-hover@2x.png	48633	1206	32	32	57d0f0c8406110728d51486b7e048a49cd1ff1b7
images/images/reset-hover@2x.png	SAMPLES/icons-VegesEffects/named_png/images/images/reset-hover@2x.png	4542381	1521	32	32	dd9af1ce8a3c22ff93b545545f9c9cea554b4afb
images/images/dialog-critical-checked.png	SAMPLES/icons-VegesEffects/named_png/images/images/dialog-critical-checked.png	5444885	1389	32	32	5b240686f1b0bedbb9a2d0e5c300ccc988a45645
images/images/zoom-min-checked.png	SAMPLES/icons-VegesEffects/named_png/images/images/zoom-min-checked.png	472156	997	16	16	fb28b91e8cb568f6bd900fa0a669daf0ce54a2e5
images/images/action-ignore-hover.png	SAMPLES/icons-VegesEffects/named_png/images/images/action-ignore-hover.png	1465136	1320	32	32	8da97efbe618342fb8015b4fea0f13d909737f36
images/images/freehand-path-checked.png	SAMPLES/icons-VegesEffects/named_png/images/images/freehand-path-checked.png	994515	1215	16	16	6ce9688d331cb095d3a27143f2f98f08bfde822c
images/images/center-disabled@2x.png	SAMPLES/icons-VegesEffects/named_png/images/images/center-disabled@2x.png	4537687	994	32	32	06c81fbe755a2b93e2f6b3f4d05e9f77a20565d3
images/images/right-hover@2x.png	SAMPLES/icons-VegesEffects/named_png/images/images/right-hover@2x.png	111703	995	32	32	5717da82aeda5a887b0aeae12ca43635cafcdb34
images/images/new-composite-shot-hover@2x.png	SAMPLES/icons-VegesEffects/named_png/images/images/new-composite-shot-hover@2x.png	1216206	1329	64	64	0a483241b5233d3e7bda5ce85d4bb854d5556034
images/images/cursor-ripple-right@2x.png	SAMPLES/icons-VegesEffects/named_png/images/images/cursor-ripple-right@2x.png	3677952	1587	64	64	1e0159cb786cf7397391d30dac69cace602df8ee
images/images/folder-disabled@2x.png	SAMPLES/icons-VegesEffects/named_png/images/images/folder-disabled@2x.png	5458837	1159	32	32	b56bfef0bf0b686f764bc8635b14c0ed59f3eba1
images/images/filter-disabled@2x.png	SAMPLES/icons-VegesEffects/named_png/images/images/filter-disabled@2x.png	1239330	1192	32	32	1b7b7f4e26fd3cb5071477efcee78388f064b06f
images/images/layout-disabled@2x.png	SAMPLES/icons-VegesEffects/named_png/images/images/layout-disabled@2x.png	526061	1077	32	32	b070a121cca2c942c1f99cae0efcc21f1c1efebf
images/images/pre-render-complete.png	SAMPLES/icons-VegesEffects/named_png/images/images/pre-render-complete.png	3937389	1186	16	16	c9dc47d17818b7d9ad6a45e4cc3d23bd920d17bf
images/images/pipette-hover.png	SAMPLES/icons-VegesEffects/named_png/images/images/pipette-hover.png	2844467	1222	16	16	2e26a23092e4be8714583983ade11189302954b7
images/images/caret-left-disabled@2x.png	SAMPLES/icons-VegesEffects/named_png/images/images/caret-left-disabled@2x.png	4354045	1126	32	32	507e47abe1d720a07e6795a63d536683c99abd0b
images/images/bottom-right-checked.png	SAMPLES/icons-VegesEffects/named_png/images/images/bottom-right-checked.png	2992289	983	16	16	2dd37179d6f8a7391599b18c23706a961e7ffd57
images/images/file-comp-preview-hover.png	SAMPLES/icons-VegesEffects/named_png/images/images/file-comp-preview-hover.png	4621043	1260	106	60	c3bd89042785ee2aa8f754460c5d30b380712ab4
images/images/slider-alpha-light-tile-hover.png	SAMPLES/icons-VegesEffects/named_png/images/images/slider-alpha-light-tile-hover.png	5523627	950	10	10	eb76392a98b347a256f37e92e64b2c129e4519a7
images/images/cursor-slice-hover.png	SAMPLES/icons-VegesEffects/named_png/images/images/cursor-slice-hover.png	281564	1189	32	32	6389913cd406fd1dd36b6d38c22cd919adeea6ae
images/images/graph-flat-disabled.png	SAMPLES/icons-VegesEffects/named_png/images/images/graph-flat-disabled.png	1040525	971	16	16	21fe0d6e15eea207ed432d1a0aafacf6f4062706
images/images/dialog-information-disabled.png	SAMPLES/icons-VegesEffects/named_png/images/images/dialog-information-disabled.png	77717	1525	32	32	945ed65a6eef2909a4b7c46ceaac05c104e9f64c
images/images/three-d-hover@2x.png	SAMPLES/icons-VegesEffects/named_png/images/images/three-d-hover@2x.png	4654089	1097	32	32	a1cf4ffcd8adfc10524eeb40336672286b5fb57e
images/images/mask-asymmetrical-handle.png	SAMPLES/icons-VegesEffects/named_png/images/images/mask-asymmetrical-handle.png	3051151	1188	16	16	f76aa52b309450171cb9ca3f30222bbcb1fa3d20
images/images/radio-only.png	SAMPLES/icons-VegesEffects/named_png/images/images/radio-only.png	5365854	996	16	16	63b4028b45ee854caac66323f572123ffe2344aa
images/images/text-gap-before-paragraph-hover.png	SAMPLES/icons-VegesEffects/named_png/images/images/text-gap-before-paragraph-hover.png	888733	964	16	16	56bd931ea17294ff952feed160c46a3ee6e42558
images/images/close-circle-checked.png	SAMPLES/icons-VegesEffects/named_png/images/images/close-circle-checked.png	4692550	1317	16	16	505b51c9c13436e12f6fead710a5c2ed8a2d9625
images/images/cursor-slice-invalid-checked@2x.png	SAMPLES/icons-VegesEffects/named_png/images/images/cursor-slice-invalid-checked@2x.png	4788988	1458	64	64	1bcd9540821111ebaf816a8edd3f00b3f558e948
images/images/checkbox-disabled-hover.png	SAMPLES/icons-VegesEffects/named_png/images/images/checkbox-disabled-hover.png	323120	1046	40	15	7e056d1844de1723e79f423070b832a66ac715c9
images/images/clipboard-copy-disabled.png	SAMPLES/icons-VegesEffects/named_png/images/images/clipboard-copy-disabled.png	498425	1228	16	16	276a21a92e3f8aa67ac1066908269115994ab345
images/images/mask-square-hover.png	SAMPLES/icons-VegesEffects/named_png/images/images/mask-square-hover.png	4528361	964	16	16	cbbc8d6e688ba08184fe5a48f6890808dc2ec71e
images/images/key-frame-auto-bezier-disabled@2x.png	SAMPLES/icons-VegesEffects/named_png/images/images/key-frame-auto-bezier-disabled@2x.png	4989397	1276	32	32	e677743b190c4c735fb8a5f8ecf45b416059e08e
images/images/handle-checked.png	SAMPLES/icons-VegesEffects/named_png/images/images/handle-checked.png	3075173	957	5	13	30b59a5471973d2fed75a35a450468323e11695c
images/images/cursor-slice-invalid-disabled@2x.png	SAMPLES/icons-VegesEffects/named_png/images/images/cursor-slice-invalid-disabled@2x.png	64631	1560	64	64	e292f3b70b12470ac26c461bef57c12af22e2e92
images/images/cursor-slide-invalid-disabled@2x.png	SAMPLES/icons-VegesEffects/named_png/images/images/cursor-slide-invalid-disabled@2x.png	4177739	1292	64	64	da28c3c98ec2706acdeca4d8fdba3bf21195392c
images/images/mask-close-hover@2x.png	SAMPLES/icons-VegesEffects/named_png/images/images/mask-close-hover@2x.png	1054677	1149	32	32	3c78aa29c89b793d7aff5e4c8367012fc3dd06a5
images/images/layout-canvas-top.png	SAMPLES/icons-VegesEffects/named_png/images/images/layout-canvas-top.png	3997531	1039	16	16	522400384d77991e42d192e611d739f29a6e54b5
images/images/animation-graph.png	SAMPLES/icons-VegesEffects/named_png/images/images/animation-graph.png	3812831	1101	16	16	c404b2a0d0a0c2ccf2537f91f43b5188307a1436
images/images/animation-graph@2x.png	SAMPLES/icons-VegesEffects/named_png/images/images/animation-graph@2x.png	4085516	1085	32	32	790bab47d4d81c3b84f555c4259a8d7e96ef4732
images/images/font-outline-color-disabled@2x.png	SAMPLES/icons-VegesEffects/named_png/images/images/font-outline-color-disabled@2x.png	146601	1310	32	32	ff0dbda045343fa8dd8905d6bfc22f50d85c18ae
images/images/browser-back-disabled@2x.png	SAMPLES/icons-VegesEffects/named_png/images/images/browser-back-disabled@2x.png	5262174	1207	32	32	581bae60f0eff1ed1f1e3ac07cbdaccf7e56940f
images/images/vegas-image-new-file-hover@2x.png	SAMPLES/icons-VegesEffects/named_png/images/images/vegas-image-new-file-hover@2x.png	4374469	1263	32	32	dba37e9b5dc3655696b199ba7b969b5667cbfada
images/images/smooth-in-checked.png	SAMPLES/icons-VegesEffects/named_png/images/images/smooth-in-checked.png	4897000	1023	16	16	fa0b616d14634b9b5cfd8b61ce5835531d9b031a
images/images/pen-disabled@2x.png	SAMPLES/icons-VegesEffects/named_png/images/images/pen-disabled@2x.png	2787529	1342	32	32	5a02d41a85d638b3ad368a33b79e2876ecaeeaf2
images/images/stretch.png	SAMPLES/icons-VegesEffects/named_png/images/images/stretch.png	3209107	1120	16	16	7c6597a133a92f6c415ab416ea589735102591db
images/images/mask-square@2x.png	SAMPLES/icons-VegesEffects/named_png/images/images/mask-square@2x.png	407083	997	32	32	e37e8c880cdaf96b6794a9197ddd8d031ba6ff66
images/images/bottom-hover.png	SAMPLES/icons-VegesEffects/named_png/images/images/bottom-hover.png	4462985	978	16	16	8a7370409c6318fca79679620311bf631421b928
images/images/letter-spacing.png	SAMPLES/icons-VegesEffects/named_png/images/images/letter-spacing.png	5206016	1173	16	16	17612ff5fbbf77b894f80bf30fcb6461e1f68183
images/images/screenshot.png	SAMPLES/icons-VegesEffects/named_png/images/images/screenshot.png	3832224	1119	16	16	b0c79b7e4f8d02b7e87992209d8a340b7ad5449c
images/images/anticlockwise90-checked@2x.png	SAMPLES/icons-VegesEffects/named_png/images/images/anticlockwise90-checked@2x.png	2853489	1160	32	32	4da3ff91b0866620bc997c75f522a7dd96bd1472
images/images/font-color-hover@2x.png	SAMPLES/icons-VegesEffects/named_png/images/images/font-color-hover@2x.png	3813936	1181	32	32	192cc8dcf61a555008382e67f87dc03335980b6c
images/images/caret-down-disabled.png	SAMPLES/icons-VegesEffects/named_png/images/images/caret-down-disabled.png	5181478	1049	16	16	f7cc767968b56e1f2cd65b2fbcff43bb43eefb00
images/images/large-stop.png	SAMPLES/icons-VegesEffects/named_png/images/images/large-stop.png	4763025	1044	32	32	d6ca5a0745778d1f859ec9a2bc5ca2e5c5364506
images/images/checkbox-active-hover@2x.png	SAMPLES/icons-VegesEffects/named_png/images/images/checkbox-active-hover@2x.png	91057	1132	80	30	0fbbae6b985bf981849280d2107e1c0a77e179c9
images/images/superscirpt-checked.png	SAMPLES/icons-VegesEffects/named_png/images/images/superscirpt-checked.png	3833347	1015	16	16	9ff86f41a43cc8e90896de36be081d0a850af811
images/images/text-right-justified-checked@2x.png	SAMPLES/icons-VegesEffects/named_png/images/images/text-right-justified-checked@2x.png	1477896	982	32	32	2c8766ea848200b52dd733c90cdae9a63fb0fce3
images/images/pre-render-complete-disabled.png	SAMPLES/icons-VegesEffects/named_png/images/images/pre-render-complete-disabled.png	3975446	1176	16	16	b205f27029240549c15828a92fd26ecbf7c0006d
images/images/bottom-right-hover.png	SAMPLES/icons-VegesEffects/named_png/images/images/bottom-right-hover.png	2830433	983	16	16	a62e6ef33b7fd31f96c7fc70ae6f3753270a9faa
images/images/margin-top.png	SAMPLES/icons-VegesEffects/named_png/images/images/margin-top.png	4912067	1011	16	16	4ee3dde07b05506fee10d3e2dccf2f53a0533db5
images/images/checkbox-mixed-hover@2x.png	SAMPLES/icons-VegesEffects/named_png/images/images/checkbox-mixed-hover@2x.png	2711765	987	32	32	b83a705f7f7ce68abb7f7257df22d4f5382f710f
images/images/export-queue-hot-folder-checked@2x.png	SAMPLES/icons-VegesEffects/named_png/images/images/export-queue-hot-folder-checked@2x.png	1242636	1207	32	32	21f0701a0f65adae2a4957ca1a87b97f2d3736ea
images/images/crosshairs-checked@2x.png	SAMPLES/icons-VegesEffects/named_png/images/images/crosshairs-checked@2x.png	4577738	1761	32	32	ca1bfe19ad3708aee364b7e160ceb29a21eabd1d
images/images/mask-bezier-handle-hover.png	SAMPLES/icons-VegesEffects/named_png/images/images/mask-bezier-handle-hover.png	1106199	430	16	16	93ba54d16a094cebb974b0eb4287888d768fc544
images/images/layer-properties-disabled@2x.png	SAMPLES/icons-VegesEffects/named_png/images/images/layer-properties-disabled@2x.png	3673684	1729	32	32	4e29ffce31468294ce6a6e7bb8acd92b7389e71a
images/images/list-sort-asc-checked@2x.png	SAMPLES/icons-VegesEffects/named_png/images/images/list-sort-asc-checked@2x.png	1102525	1302	32	32	416e6af7336ca5b2e505d10a488467c067038664
images/images/brush-remove-hover@2x.png	SAMPLES/icons-VegesEffects/named_png/images/images/brush-remove-hover@2x.png	4231072	1217	32	32	aa5e75b7fd1849521cf18e552e50c341f6efc386
images/images/align-vertically-checked@2x.png	SAMPLES/icons-VegesEffects/named_png/images/images/align-vertically-checked@2x.png	4129158	994	32	32	7265fcb396211c14985bd2aab24cefbd3707a38a
images/images/crosshair-white-disabled@2x.png	SAMPLES/icons-VegesEffects/named_png/images/images/crosshair-white-disabled@2x.png	4465083	2095	32	32	f2956d62a20bf85c43edfd47cf8b72c1eed83d19
images/images/add-container-north.png	SAMPLES/icons-VegesEffects/named_png/images/images/add-container-north.png	4398757	1103	32	64	77967947aa2aad002b800a3303300c3b837fe70a
images/images/eraser@2x.png	SAMPLES/icons-VegesEffects/named_png/images/images/eraser@2x.png	3779086	955	32	32	da4beb6b8200d799bce8e591693e2066ae50f7e7
images/images/camera-rotate.png	SAMPLES/icons-VegesEffects/named_png/images/images/camera-rotate.png	3134402	1355	32	32	ec3217dcea2ed74ecf44b90f97f18d97dc3bb728
images/images/gradient-stop-hover@2x.png	SAMPLES/icons-VegesEffects/named_png/images/images/gradient-stop-hover@2x.png	268664	1057	32	32	e7e2ce08cfc0fe70b1fc9c6e2e959802b5cfb9dc
images/images/browser-forward-hover@2x.png	SAMPLES/icons-VegesEffects/named_png/images/images/browser-forward-hover@2x.png	3124482	1122	32	32	6a0420a96d46e347c03c4e0ea4bceac6350e44ed
images/images/large-microphone-hover.png	SAMPLES/icons-VegesEffects/named_png/images/images/large-microphone-hover.png	4160994	1183	32	32	d295034bbd2a454509d616e42dd9db600a8eb295
images/images/magnify-search-checked.png	SAMPLES/icons-VegesEffects/named_png/images/images/magnify-search-checked.png	3190115	1361	16	16	5151a8a46c5938b250fd70ab2e8ff72cb50b4d95
images/images/two-d-hover@2x.png	SAMPLES/icons-VegesEffects/named_png/images/images/two-d-hover@2x.png	3386436	994	32	32	2cac3d28193c6dfea28b3030e8f039f49dbfdeb8
images/images/global-preset-left-hover.png	SAMPLES/icons-VegesEffects/named_png/images/images/global-preset-left-hover.png	1210903	963	16	16	3fe30ad26758634be679f2f72c2f163d181d35d8
images/images/star-filled-disabled.png	SAMPLES/icons-VegesEffects/named_png/images/images/star-filled-disabled.png	4268049	1142	16	16	65b7517f1549cbc384eeae78cabab674459d501e
images/images/bottom-left-checked.png	SAMPLES/icons-VegesEffects/named_png/images/images/bottom-left-checked.png	4024056	982	16	16	6a991da03ee9cee310c954aa1c2d0b438c549eff
images/images/export-content@2x.png	SAMPLES/icons-VegesEffects/named_png/images/images/export-content@2x.png	4515394	1016	32	32	99ab544b256f9541d90dfbb2455e0810627c6feb
images/images/key-frame-disabled.png	SAMPLES/icons-VegesEffects/named_png/images/images/key-frame-disabled.png	4661924	1032	16	16	ffcfbba15e460c55a594947d4c5ce1ed63d899b9
images/images/anticlockwise90-checked.png	SAMPLES/icons-VegesEffects/named_png/images/images/anticlockwise90-checked.png	2887693	1065	16	16	3e9964418fde97d7531c6c7322010e6617c73a70
images/images/cursor-slip-invalid-disabled.png	SAMPLES/icons-VegesEffects/named_png/images/images/cursor-slip-invalid-disabled.png	4569409	1101	32	32	0b774e16c872c95cc9f4e62bf3ec5d5a86e9da82
images/images/lowercase@2x.png	SAMPLES/icons-VegesEffects/named_png/images/images/lowercase@2x.png	262847	1152	32	32	6121d68a7c7827c1854cc3895073bccf392dc8d3
images/images/composite-shot-checked@2x.png	SAMPLES/icons-VegesEffects/named_png/images/images/composite-shot-checked@2x.png	4164353	1155	32	32	cc0d802f3405a38e8ae0ef1d8144c63553eeb68b
images/images/add-container-west.png	SAMPLES/icons-VegesEffects/named_png/images/images/add-container-west.png	5411046	1090	64	32	3841c1e4f07f27890564fa28d62730e68a9f85db
images/images/roll-menu.png	SAMPLES/icons-VegesEffects/named_png/images/images/roll-menu.png	1473496	1070	16	16	0bb814daceb1880472e9e03238f8de21b008088d
images/images/text-first-line-indent@2x.png	SAMPLES/icons-VegesEffects/named_png/images/images/text-first-line-indent@2x.png	4841954	1063	32	32	0992ad820b1cbbdf6882ca1c8cdb3531aa654413
images/images/uppercase@2x.png	SAMPLES/icons-VegesEffects/named_png/images/images/uppercase@2x.png	143594	1027	32	32	1af8c11af69cfc5bd79d77f80098302be855472b
images/images/list-sort-desc-disabled.png	SAMPLES/icons-VegesEffects/named_png/images/images/list-sort-desc-disabled.png	3240863	1178	16	16	f840a010f989da02055a7a8a6acbf7e19f708a6f
images/images/italic-disabled@2x.png	SAMPLES/icons-VegesEffects/named_png/images/images/italic-disabled@2x.png	4025042	1117	32	32	89f1486ae198a72947c874d52a8074a481196935
images/images/top-right@2x.png	SAMPLES/icons-VegesEffects/named_png/images/images/top-right@2x.png	3567076	1022	32	32	e11191bee4c756ed39224427187fbc04cdfda9a7
images/images/batch.png	SAMPLES/icons-VegesEffects/named_png/images/images/batch.png	11420	1156	16	16	e0f6c18892646ac9f51b2dcb881f7b44515f3ed9
images/images/mask-bend-path@2x.png	SAMPLES/icons-VegesEffects/named_png/images/images/mask-bend-path@2x.png	1204701	1428	32	32	a53319e3148b4fb116c81e626ed21e1a5956c8f0
images/images/export-preset.png	SAMPLES/icons-VegesEffects/named_png/images/images/export-preset.png	3680728	1099	16	16	b987e9087505710be9f44b1fc500908f8292e1bb
images/images/handle-hover.png	SAMPLES/icons-VegesEffects/named_png/images/images/handle-hover.png	4477906	957	5	13	ea2394a662d2d834f1f59f3e87e6a8ed97da02bf
images/images/delete-trash-checked@2x.png	SAMPLES/icons-VegesEffects/named_png/images/images/delete-trash-checked@2x.png	4934721	1277	32	32	34534c8f730e930562e5bbbac122172eaf460394
images/images/underline@2x.png	SAMPLES/icons-VegesEffects/named_png/images/images/underline@2x.png	4210329	1045	32	32	48b56d5d95cd23e8bfca11539e98ccf3d0b00a11
images/images/text-center-justified-hover.png	SAMPLES/icons-VegesEffects/named_png/images/images/text-center-justified-hover.png	313237	961	16	16	dfe2a994cb7099017052cc278125afafe36f08aa
images/images/hud-move-hover.png	SAMPLES/icons-VegesEffects/named_png/images/images/hud-move-hover.png	3279869	1171	16	16	e14cd8ee51d99d0e8777c11481bee7649ba1ed43
images/images/file-offline-preview-disabled@2x.png	SAMPLES/icons-VegesEffects/named_png/images/images/file-offline-preview-disabled@2x.png	5526924	2115	212	120	9ee642ea57ae48abebe8a9fecdac89a99a19955d
images/images/top-right-hover.png	SAMPLES/icons-VegesEffects/named_png/images/images/top-right-hover.png	443138	980	16	16	2b256880ee096c6b5ae5cba9d887c4d12de1850c
images/images/effect-3d-particle-hover@2x.png	SAMPLES/icons-VegesEffects/named_png/images/images/effect-3d-particle-hover@2x.png	5233475	1462	32	32	879065d0fda6cba54ee83a594c980c0404b688fc
images/images/mask-polygon-disabled@2x.png	SAMPLES/icons-VegesEffects/named_png/images/images/mask-polygon-disabled@2x.png	3916275	1322	32	32	1c4f5a43f27ef247153b2b5ffb5153bc86ba6063
images/images/motion-blur-hover@2x.png	SAMPLES/icons-VegesEffects/named_png/images/images/motion-blur-hover@2x.png	1306891	1447	32	32	f40b110b14110df424f16a219417bd8f2eab6d2a
images/images/missing-thumbnail-disabled.png	SAMPLES/icons-VegesEffects/named_png/images/images/missing-thumbnail-disabled.png	3249185	1630	64	64	ef6f344c503c89a88f584667f44734719d9bbe4e
images/images/layer-properties-disabled.png	SAMPLES/icons-VegesEffects/named_png/images/images/layer-properties-disabled.png	3602126	1353	16	16	ad1151e266d7f1a27276c169ed22a743e0d387ce
images/images/cursor-resize-invalid-disabled@2x.png	SAMPLES/icons-VegesEffects/named_png/images/images/cursor-resize-invalid-disabled@2x.png	12580	1583	64	64	4300ce0ffec72ddebf4d1ff1fb282f103ddf3a92
images/images/white-disabled.png	SAMPLES/icons-VegesEffects/named_png/images/images/white-disabled.png	4776380	952	16	16	f397d8f29b91e8c6829e3a82241a3f5454e925e9
images/images/checker-board.png	SAMPLES/icons-VegesEffects/named_png/images/images/checker-board.png	3808647	161	16	16	78857372081242b1b207fa0aca6a76f3a56c8d77
images/images/text-right-align-hover@2x.png	SAMPLES/icons-VegesEffects/named_png/images/images/text-right-align-hover@2x.png	4933733	984	32	32	84a61f8a4a78ee40fed737f00486e1785a00745d
images/images/mirror-horizontal-checked@2x.png	SAMPLES/icons-VegesEffects/named_png/images/images/mirror-horizontal-checked@2x.png	4424480	1177	32	32	37527488df077e8e8f9f0c078411e4330ebbc53e
images/images/font-outline-size-checked@2x.png	SAMPLES/icons-VegesEffects/named_png/images/images/font-outline-size-checked@2x.png	4560861	1353	32	32	a2051bb02447c1d6880513e76bfde7c94a9208cc
images/images/dial-background-checked@2x.png	SAMPLES/icons-VegesEffects/named_png/images/images/dial-background-checked@2x.png	3210231	1545	64	64	847e792a3f86634953738f5ba945f9b02aaffc47
images/images/layout-2-2@2x.png	SAMPLES/icons-VegesEffects/named_png/images/images/layout-2-2@2x.png	1165974	986	32	32	62e968f0ff5fdbb8059b973f9af779773ba09872
images/images/layout-2-1@2x.png	SAMPLES/icons-VegesEffects/named_png/images/images/layout-2-1@2x.png	3050152	995	32	32	78ab4e44c513c380e5772ea7c86142bbfd754591
images/images/freehand-path-menu-disabled@2x.png	SAMPLES/icons-VegesEffects/named_png/images/images/freehand-path-menu-disabled@2x.png	3117524	1465	32	32	4bcf2cdaa6ddc26533288840665e9c8dd33d4dc5
images/images/proxy-queue-checked@2x.png	SAMPLES/icons-VegesEffects/named_png/images/images/proxy-queue-checked@2x.png	4026163	1317	32	32	1b66af3565f2255fd7df87985c934c064116be2a
images/images/settings-hover@2x.png	SAMPLES/icons-VegesEffects/named_png/images/images/settings-hover@2x.png	5282207	1771	32	32	3d65e4aa6aa9c60bb7ccd895aa3d987afa552eab
images/images/key-frame-previous-hover@2x.png	SAMPLES/icons-VegesEffects/named_png/images/images/key-frame-previous-hover@2x.png	4020500	1124	32	32	2ba7aa5b12974a7e31f1ecc772bd4c678a8c1cfc
images/images/linked-checked@2x.png	SAMPLES/icons-VegesEffects/named_png/images/images/linked-checked@2x.png	2948633	1650	32	32	16eb5113ecd02837ce682a6fd7760fdfd63c7fad
images/images/margin-bottom.png	SAMPLES/icons-VegesEffects/named_png/images/images/margin-bottom.png	2803707	1009	16	16	4c6449081168ae6124dc0e314d792d909c27d06f
images/images/action-move-checked.png	SAMPLES/icons-VegesEffects/named_png/images/images/action-move-checked.png	244357	1178	32	32	4eaddf1092a25fb86b207dd93a9a1db98095a16d
images/images/distribute-bottom@2x.png	SAMPLES/icons-VegesEffects/named_png/images/images/distribute-bottom@2x.png	399196	998	32	32	c18d4a1b5b18b771cdbaf0842b20b9bb0b587e95
images/images/align-top-hover.png	SAMPLES/icons-VegesEffects/named_png/images/images/align-top-hover.png	2933437	961	16	16	22d7aaa25554610f106994a7573fdab4a986191f
images/images/mask-add-point-hover@2x.png	SAMPLES/icons-VegesEffects/named_png/images/images/mask-add-point-hover@2x.png	5537745	1382	32	32	5b4a4334a3ef0f56849f6d4991e57c7b0af1fcbe
images/images/check-only-blue-disabled.png	SAMPLES/icons-VegesEffects/named_png/images/images/check-only-blue-disabled.png	4700088	1027	16	16	8743dda36876fa692badb412de9da5030f322ec1
images/images/auto-scale-checked@2x.png	SAMPLES/icons-VegesEffects/named_png/images/images/auto-scale-checked@2x.png	4962212	1325	32	32	6e9099883ef4868791de357add2740cbbe4d52f0
images/images/browser-back.png	SAMPLES/icons-VegesEffects/named_png/images/images/browser-back.png	4753108	1083	16	16	a2c355d05555e33c2a35a107d5c0fa3e06f69021
images/images/portrait-disabled@2x.png	SAMPLES/icons-VegesEffects/named_png/images/images/portrait-disabled@2x.png	3870529	1100	32	32	c8de2d56bd77ae1352351b20f36eb2ac2dc47df2
images/images/layout-distribute-between-horizontal-hover.png	SAMPLES/icons-VegesEffects/named_png/images/images/layout-distribute-between-horizontal-hover.png	3171951	968	16	16	e203ba08a734a868503ba9cbb0d48c86393b3dfd
images/images/slip-hover.png	SAMPLES/icons-VegesEffects/named_png/images/images/slip-hover.png	3484718	1033	16	16	3c618d46b920eb422a7caea5e63a5f72e29040c2
images/images/pointer-menu-checked.png	SAMPLES/icons-VegesEffects/named_png/images/images/pointer-menu-checked.png	2999490	1295	16	16	c0e173db05227efa6cf1c04e0cf90501baddff38
images/images/center.png	SAMPLES/icons-VegesEffects/named_png/images/images/center.png	5125964	967	16	16	0d2fe06182db2cc0baaec7f85a9fdf62de748020
images/images/filter.png	SAMPLES/icons-VegesEffects/named_png/images/images/filter.png	5318868	1121	16	16	f9163db70e3986268e4e110281cb33212555ea83
images/images/folder.png	SAMPLES/icons-VegesEffects/named_png/images/images/folder.png	4590979	1066	16	16	760b972b6c93ca8585b26b22bedb3475ac8e6ae1
images/images/cursor-single-track-backward-disabled@2x.png	SAMPLES/icons-VegesEffects/named_png/images/images/cursor-single-track-backward-disabled@2x.png	2984040	1361	64	64	e3b54a009383727e0309f1c9d51016ee50a04c90
images/images/file-video-preview-hover@2x.png	SAMPLES/icons-VegesEffects/named_png/images/images/file-video-preview-hover@2x.png	4955095	1269	212	120	86205bcc13eb44c416188d1d2ea3ba32992616fd
images/images/mask-point-handle-checked.png	SAMPLES/icons-VegesEffects/named_png/images/images/mask-point-handle-checked.png	3152550	306	16	16	0b379d91df958540a6414716e12206c14973819f
images/images/screenshot@2x.png	SAMPLES/icons-VegesEffects/named_png/images/images/screenshot@2x.png	2802562	1141	32	32	212b28e20e11a38b40d445325a3f29843275f970
images/images/caret-left.png	SAMPLES/icons-VegesEffects/named_png/images/images/caret-left.png	4289454	1040	16	16	cf88d4c2a6292163f6702983850b329001e00f10
images/images/vegas-image-new-file-disabled@2x.png	SAMPLES/icons-VegesEffects/named_png/images/images/vegas-image-new-file-disabled@2x.png	3377904	1264	32	32	a8112ca7b77b6611dfcb761bad03488cce035fe0
images/images/unlock-checked.png	SAMPLES/icons-VegesEffects/named_png/images/images/unlock-checked.png	5321159	1207	16	16	cdf405dc6071fe82a4df17dbd021606200e8f238
images/images/key-frame-hold.png	SAMPLES/icons-VegesEffects/named_png/images/images/key-frame-hold.png	5340078	968	16	16	7093de8e0f6c38f6748ce4cf4c785846cea27754
images/images/text-left-justified-disabled.png	SAMPLES/icons-VegesEffects/named_png/images/images/text-left-justified-disabled.png	3366804	965	16	16	7391eef411a1968b3ca27c7022273c337fb64a27
images/images/edit-overlay-hover@2x.png	SAMPLES/icons-VegesEffects/named_png/images/images/edit-overlay-hover@2x.png	3061676	1069	32	32	1a8e8a92b9a61208eec412b8fe0b35ef73145238
images/images/file-audio.png	SAMPLES/icons-VegesEffects/named_png/images/images/file-audio.png	5505482	1120	16	16	3210c9985a3a831e012bdf644420ebada7292f7f
images/images/import-preset-disabled@2x.png	SAMPLES/icons-VegesEffects/named_png/images/images/import-preset-disabled@2x.png	4150308	1141	32	32	98590aefeab1eccba99b6eedfd51f23f7a22ed6e
images/images/export-canvas-hover@2x.png	SAMPLES/icons-VegesEffects/named_png/images/images/export-canvas-hover@2x.png	2968998	1070	32	32	154be73e5b22107450f2e937b28e4f5850a85c00
images/images/key-frame-ease-out-disabled@2x.png	SAMPLES/icons-VegesEffects/named_png/images/images/key-frame-ease-out-disabled@2x.png	1345573	1138	32	32	280f9248e92af01cb4cbabb576ee69686feb6e58
images/images/checkbox-unchecked-checked.png	SAMPLES/icons-VegesEffects/named_png/images/images/checkbox-unchecked-checked.png	3983866	961	16	16	b71f07c83bf38583a2929261193febb1bd9378eb
images/images/mask-square-menu-checked@2x.png	SAMPLES/icons-VegesEffects/named_png/images/images/mask-square-menu-checked@2x.png	4853600	1012	32	32	1efe4ded4e6f6b3a87ff60d8d58e9c8fa3ab2ecf
images/images/layout-left-hover.png	SAMPLES/icons-VegesEffects/named_png/images/images/layout-left-hover.png	2797522	1273	230	116	40d54722186b518bc213c8960e3b4d465a3fcfe4
images/images/effect-ofx-plugin-disabled.png	SAMPLES/icons-VegesEffects/named_png/images/images/effect-ofx-plugin-disabled.png	4744508	1177	16	16	e867389bb228a4b005c3dceec33716f7ef09a603
images/images/action-move-checked@2x.png	SAMPLES/icons-VegesEffects/named_png/images/images/action-move-checked@2x.png	3980067	1336	64	64	de442a2d8f5e0787d691db55b0e795c6044db957
images/images/mask-union-checked.png	SAMPLES/icons-VegesEffects/named_png/images/images/mask-union-checked.png	176792	953	16	16	6fe9bbfc308f1ed5be8c36979927dc1b9f713886
images/images/align-horizontally-disabled.png	SAMPLES/icons-VegesEffects/named_png/images/images/align-horizontally-disabled.png	5145453	974	16	16	3454a4d3e55912d49bae60d7e05a03d19028a6ca
images/images/file-video-hover.png	SAMPLES/icons-VegesEffects/named_png/images/images/file-video-hover.png	324170	1107	16	16	d8d94df4bebb5bd419febbabf8cc97cafe4af735
images/images/drop-container-arrows-disabled.png	SAMPLES/icons-VegesEffects/named_png/images/images/drop-container-arrows-disabled.png	5484209	1618	64	64	def6675205492b089dec0c1270040cae13a0e0e3
images/images/make-composite-checked@2x.png	SAMPLES/icons-VegesEffects/named_png/images/images/make-composite-checked@2x.png	163085	1023	32	32	c82bc9976e50a6afc9752c09e1a8012c45c42cc2
images/images/underline-checked.png	SAMPLES/icons-VegesEffects/named_png/images/images/underline-checked.png	3290002	1000	16	16	75f9a5f1addca7b434087d1272550eeafedbab16
images/images/uppercase-checked.png	SAMPLES/icons-VegesEffects/named_png/images/images/uppercase-checked.png	2915139	1013	16	16	742ff6b8f3986be7ae0b0b4f1367f7c1b50437b9
images/images/text-first-line-indent-checked.png	SAMPLES/icons-VegesEffects/named_png/images/images/text-first-line-indent-checked.png	1059358	990	16	16	b350441cfb37c44953f716defe9a06688665066b
images/images/file-checked@2x.png	SAMPLES/icons-VegesEffects/named_png/images/images/file-checked@2x.png	3939851	1068	32	32	70ddb84e807efc5cc976155a362f7841bd9910c4
images/images/cursor-single-track-backward.png	SAMPLES/icons-VegesEffects/named_png/images/images/cursor-single-track-backward.png	1310447	1180	32	32	b383028fd4a7ce99a0aa000ec9fefb50989c5ce8
images/images/portrait.png	SAMPLES/icons-VegesEffects/named_png/images/images/portrait.png	2911969	1035	16	16	c6a5b79f062eb91359c4c761bfd211ba8efcdd20
images/images/pointer-menu-hover.png	SAMPLES/icons-VegesEffects/named_png/images/images/pointer-menu-hover.png	4809556	1265	16	16	6ea0189090117b8c64f2bf0f8e007fc159438518
images/images/import-preset.png	SAMPLES/icons-VegesEffects/named_png/images/images/import-preset.png	4189457	1103	16	16	38db243ab93a1de9380ec86d12ae6760d9992d7b
images/images/mask-polygon-menu-hover@2x.png	SAMPLES/icons-VegesEffects/named_png/images/images/mask-polygon-menu-hover@2x.png	3032233	1246	32	32	1b0124ade54ac268528c2e216b1bbbe3f27eafd8
images/images/mask-cutout@2x.png	SAMPLES/icons-VegesEffects/named_png/images/images/mask-cutout@2x.png	3150210	1352	32	32	1d941e3828d8781ddb4dd76b0c438b5d51ab8bab
images/images/file-list-large@2x.png	SAMPLES/icons-VegesEffects/named_png/images/images/file-list-large@2x.png	5236066	1287	32	32	1705e8fe408888208cbaaac9d7eadc63f7c0c8d4
images/images/adjustment-layer-hover.png	SAMPLES/icons-VegesEffects/named_png/images/images/adjustment-layer-hover.png	528428	1144	16	16	da51526fb95bc209f8dde6ee49cb4fa2bc68e91d
images/images/keyframe-track-object@2x.png	SAMPLES/icons-VegesEffects/named_png/images/images/keyframe-track-object@2x.png	1209738	1161	32	32	51da1e993d7d1d863426056baed7f62d7ed9e43d
images/images/clock-menu-disabled@2x.png	SAMPLES/icons-VegesEffects/named_png/images/images/clock-menu-disabled@2x.png	3397200	1720	32	32	86bba192e4e0281cee5161c778dd2fdd51a3f76c
images/images/sync-scroll-disabled@2x.png	SAMPLES/icons-VegesEffects/named_png/images/images/sync-scroll-disabled@2x.png	2758255	1173	32	32	03001fdc6ac34e6f76c416ba5fd25648c02a3218
images/images/freehand-path-menu.png	SAMPLES/icons-VegesEffects/named_png/images/images/freehand-path-menu.png	2883064	1231	16	16	6c94d48f163cd947afa8b89403eba1ce6fb9d513
images/images/square-outline-hover@2x.png	SAMPLES/icons-VegesEffects/named_png/images/images/square-outline-hover@2x.png	4249335	1134	32	32	89af6db4ddb503c009a77ce7d040d857e521fc06
images/images/crosshair-white.png	SAMPLES/icons-VegesEffects/named_png/images/images/crosshair-white.png	5035325	641	16	16	18c98aa62e03ea1fdd92fa712100586c93aaeab3
images/images/align-vertically@2x.png	SAMPLES/icons-VegesEffects/named_png/images/images/align-vertically@2x.png	4234400	1011	32	32	bb7cbc090b465caf86e242caca77f66cfe5482f8
images/images/curves-s-hover.png	SAMPLES/icons-VegesEffects/named_png/images/images/curves-s-hover.png	1476806	1086	16	16	37626cd55dd2a21ef04808dbc20d3d69a500cc66
images/images/large-microphone-hover@2x.png	SAMPLES/icons-VegesEffects/named_png/images/images/large-microphone-hover@2x.png	5230616	1421	64	64	a4f6c8ba321a353234ded597c8255be47e7da4ce
images/images/slide-hover@2x.png	SAMPLES/icons-VegesEffects/named_png/images/images/slide-hover@2x.png	59968	1092	32	32	59577b99486d16e2d504063cdd20ad88aabf4e85
images/images/slice-hover@2x.png	SAMPLES/icons-VegesEffects/named_png/images/images/slice-hover@2x.png	4520701	1324	32	32	5a14e9569ca0d492f61507d33299f4fc0a688782
images/images/notification-hover.png	SAMPLES/icons-VegesEffects/named_png/images/images/notification-hover.png	2982984	1052	16	16	017aea2440d9f9b205e2034ac1c90d0a937e659f
images/images/unlinked-checked.png	SAMPLES/icons-VegesEffects/named_png/images/images/unlinked-checked.png	5441654	1517	16	16	aa4a96565b0a5db5833a1cd10010fcce48abb53b
images/images/effect-3d-particle-disabled.png	SAMPLES/icons-VegesEffects/named_png/images/images/effect-3d-particle-disabled.png	1147317	1223	16	16	3d8a74a026ca9deface652635f18ceba9fb01af9
images/images/favorites-category-hover.png	SAMPLES/icons-VegesEffects/named_png/images/images/favorites-category-hover.png	1385654	2226	64	64	585e64766400c8ea3c949c09f2fd2a4ee35aca9a
images/images/batch-disabled@2x.png	SAMPLES/icons-VegesEffects/named_png/images/images/batch-disabled@2x.png	3576738	1256	32	32	40713d0f9903d030d544aeab4129b9bc27a8ad99
images/images/motion-blur-disabled.png	SAMPLES/icons-VegesEffects/named_png/images/images/motion-blur-disabled.png	359287	1168	16	16	1ca8a3dd9f2db94eaed3eba27882d2690bc3c867
images/images/missing-thumbnail-hover@2x.png	SAMPLES/icons-VegesEffects/named_png/images/images/missing-thumbnail-hover@2x.png	3853391	2083	128	128	d035a23ec43cf1535b87f2f134ba2fc77080f67e
images/images/layer-properties-hover@2x.png	SAMPLES/icons-VegesEffects/named_png/images/images/layer-properties-hover@2x.png	4242843	1771	32	32	cc4ebc0976d47281e88a99d777741da710c875e8
images/images/auto-scale@2x.png	SAMPLES/icons-VegesEffects/named_png/images/images/auto-scale@2x.png	901512	1429	32	32	b8bb5ce0365c56a30093a0ce9e875b2f76f7b9b3
images/images/distribute-top-disabled@2x.png	SAMPLES/icons-VegesEffects/named_png/images/images/distribute-top-disabled@2x.png	314202	1000	32	32	65b8729ec0cd4a9afe380178bc830b8fcf0275e5
images/images/close-disabled@2x.png	SAMPLES/icons-VegesEffects/named_png/images/images/close-disabled@2x.png	4606953	1118	32	32	5c3f69f6e2c6f3ea1ed6b7d77ff80962a2d25744
images/images/white-hover@2x.png	SAMPLES/icons-VegesEffects/named_png/images/images/white-hover@2x.png	5403117	973	32	32	f8e99502f3d1ee0ed7f46f5fb6e83dcd7b0c1434
images/images/effect-ae-plugin-hover.png	SAMPLES/icons-VegesEffects/named_png/images/images/effect-ae-plugin-hover.png	321932	1184	16	16	8c2e35a7a3db211af86468810984a8874136efee
images/images/ripple-menu-checked.png	SAMPLES/icons-VegesEffects/named_png/images/images/ripple-menu-checked.png	453379	1027	16	16	b73321a4b4071218d99b0f71df4ef7362ef9e06b
images/images/text-right-align-disabled.png	SAMPLES/icons-VegesEffects/named_png/images/images/text-right-align-disabled.png	4261139	967	16	16	64f954985bc4af7462bed09279776647519fb811
images/images/layout-left.png	SAMPLES/icons-VegesEffects/named_png/images/images/layout-left.png	4022776	1276	230	116	ec30917ae445323d438a8053f8b109365e1477b9
images/images/screenshot-camera-disabled@2x.png	SAMPLES/icons-VegesEffects/named_png/images/images/screenshot-camera-disabled@2x.png	308512	1338	32	32	f5abe23db6fa1847a7b8db228ba3f084ebf6b7d4
images/images/file-video.png	SAMPLES/icons-VegesEffects/named_png/images/images/file-video.png	4563439	1122	16	16	9405e4c9afd6566f6e63fe5e6ddf630c7fc75e00
images/images/export-queue-layered-hover.png	SAMPLES/icons-VegesEffects/named_png/images/images/export-queue-layered-hover.png	4176543	1192	16	16	0432f51326b757d535e5b4edc793653d5d7dca36
images/images/settings-disabled.png	SAMPLES/icons-VegesEffects/named_png/images/images/settings-disabled.png	4647568	1353	16	16	d92451eed10e242cf21f0e8df124ab04cbd784f8
images/images/sound-on@2x.png	SAMPLES/icons-VegesEffects/named_png/images/images/sound-on@2x.png	3005575	1822	32	32	bcc8ed65a221adda67fb0e68e30e198e4ce38960
images/images/mask-mirrored-handle-checked.png	SAMPLES/icons-VegesEffects/named_png/images/images/mask-mirrored-handle-checked.png	4499315	1118	16	16	cdf78308eb3202eb56e2004b4cf28561630fde9d
images/images/clipboard-copy-checked@2x.png	SAMPLES/icons-VegesEffects/named_png/images/images/clipboard-copy-checked@2x.png	4533040	1423	32	32	f92a285b372ea1da83e6039f5e2b745b051e44ff
images/images/key-frame-previous-disabled.png	SAMPLES/icons-VegesEffects/named_png/images/images/key-frame-previous-disabled.png	3396145	1051	16	16	c822ccc0da8173bece6b912689638b53ea716035
images/images/mask-break-path-checked@2x.png	SAMPLES/icons-VegesEffects/named_png/images/images/mask-break-path-checked@2x.png	5000814	1310	32	32	269124ba994e7040dbe7075a5bd72f7bcd4d0e38
images/images/dialog-information-hover.png	SAMPLES/icons-VegesEffects/named_png/images/images/dialog-information-hover.png	4280705	1577	32	32	24b574ab5cbb4a5307375f50fd5afbaa52f61ab2
images/images/export-preset-disabled@2x.png	SAMPLES/icons-VegesEffects/named_png/images/images/export-preset-disabled@2x.png	1292598	1131	32	32	33a7b3e00bb1cd75300916edf50fda9dcd38cb51
images/images/export-queue-single-disabled@2x.png	SAMPLES/icons-VegesEffects/named_png/images/images/export-queue-single-disabled@2x.png	3426314	1107	32	32	9202ec1ae19efc2841dd1413d5214f731451bcd4
images/images/mask-add-point-disabled.png	SAMPLES/icons-VegesEffects/named_png/images/images/mask-add-point-disabled.png	4902815	1282	16	16	52cf4a01a7c31b225ce00394d97a01a569c61353
images/images/play-ram-disabled@2x.png	SAMPLES/icons-VegesEffects/named_png/images/images/play-ram-disabled@2x.png	3988971	1287	32	32	9ca356547d84cea5cbaf7b1c3c80d1a6d361b9cc
images/images/mask-circle-menu-hover.png	SAMPLES/icons-VegesEffects/named_png/images/images/mask-circle-menu-hover.png	2813250	1135	16	16	b3963e6cf1827998d2a41352bdce6c42c5a810bb
images/images/zoom-min-hover.png	SAMPLES/icons-VegesEffects/named_png/images/images/zoom-min-hover.png	5363445	997	16	16	a705bb454fc30dbb7c28b6ef06c2bd477fc9fd4a
images/images/check-only-blue-hover@2x.png	SAMPLES/icons-VegesEffects/named_png/images/images/check-only-blue-hover@2x.png	5324426	1100	32	32	3823feac36c8b1380510a879c7f3be36d36d3c2a
images/images/camera-orbit-checked.png	SAMPLES/icons-VegesEffects/named_png/images/images/camera-orbit-checked.png	4582057	1120	16	16	eeb356539d601d67175dfb44eb0d37762e7ca42c
images/images/curves-s.png	SAMPLES/icons-VegesEffects/named_png/images/images/curves-s.png	2902559	1158	16	16	dfdd9239b301093ded41626622010e9ee2baba19
images/images/file-audio-preview-checked.png	SAMPLES/icons-VegesEffects/named_png/images/images/file-audio-preview-checked.png	1160670	1545	106	60	4958bbf5a76ff82e910828c3cfb91a4d891c4146
images/images/layout-2-1-checked@2x.png	SAMPLES/icons-VegesEffects/named_png/images/images/layout-2-1-checked@2x.png	3451986	988	32	32	3bb39a809a8965ea7d68ee719aad291cc5651390
images/images/brush-remove-disabled.png	SAMPLES/icons-VegesEffects/named_png/images/images/brush-remove-disabled.png	3582118	1147	16	16	b88b097ce14dd9250005854bf6741a6b8b71b54b
images/images/large-microphone.png	SAMPLES/icons-VegesEffects/named_png/images/images/large-microphone.png	1238143	1183	32	32	ccc3a9868427481c175081501c16ddbf07dd85ce
images/images/color-wheel-handle@2x.png	SAMPLES/icons-VegesEffects/named_png/images/images/color-wheel-handle@2x.png	5428260	1608	244	244	568a7c38079ae23f15ec3c00cd3def2704810a58
images/images/cursor-all-track-forward-disabled@2x.png	SAMPLES/icons-VegesEffects/named_png/images/images/cursor-all-track-forward-disabled@2x.png	3932399	1531	64	64	65beeec50ad3cc4430895a50ed7866d1cb0155fc
images/images/pen-menu-disabled@2x.png	SAMPLES/icons-VegesEffects/named_png/images/images/pen-menu-disabled@2x.png	1184781	1356	32	32	cda27672564ff9b9cc8cf2171ac5f0f16f4b3664
images/images/browser-forward-disabled.png	SAMPLES/icons-VegesEffects/named_png/images/images/browser-forward-disabled.png	1311631	1102	16	16	6c97e4f70f5ac78b2df1c10daa544f9eadea29ea
images/images/gradient-stop-disabled.png	SAMPLES/icons-VegesEffects/named_png/images/images/gradient-stop-disabled.png	5216950	1024	16	16	1ca1167f984859608f9cb9b497298d2bf17b0d53
images/images/layout-2-2-checked@2x.png	SAMPLES/icons-VegesEffects/named_png/images/images/layout-2-2-checked@2x.png	3841689	986	32	32	48437362426210be5844c498140c9e908c6f8f60
images/images/handle.png	SAMPLES/icons-VegesEffects/named_png/images/images/handle.png	3164948	966	5	13	7f0e25d21c6294cf5b04fff294c5df8bd6874933
images/images/cursor-stretch-left@2x.png	SAMPLES/icons-VegesEffects/named_png/images/images/cursor-stretch-left@2x.png	51236	1606	64	64	838e006f968163f9a3eb43f9154966881452a873
images/images/star-filled-hover@2x.png	SAMPLES/icons-VegesEffects/named_png/images/images/star-filled-hover@2x.png	4937142	1240	32	32	e2635f913e415f0dc3939aa16a5577c8e5305b2e
images/images/two-d-disabled.png	SAMPLES/icons-VegesEffects/named_png/images/images/two-d-disabled.png	4544904	985	16	16	07187fe048f5cad1cd682d624d87db94fd6664d4
images/images/key-frame-hover@2x.png	SAMPLES/icons-VegesEffects/named_png/images/images/key-frame-hover@2x.png	5294386	1118	32	32	2b357a83e56d8968ef10c2f4b95a7e92d5ef1a0f
images/images/text-justified-disabled@2x.png	SAMPLES/icons-VegesEffects/named_png/images/images/text-justified-disabled@2x.png	3070056	998	32	32	8f3cf32e5ad6963f466914a88eb048f8c40ee15e
images/images/cursor-slip-invalid-hover@2x.png	SAMPLES/icons-VegesEffects/named_png/images/images/cursor-slip-invalid-hover@2x.png	3406314	1289	64	64	b137eec58d28984b700c4017f2fe5ae41d74aa8f
images/images/top-right.png	SAMPLES/icons-VegesEffects/named_png/images/images/top-right.png	3810777	1030	16	16	0cb7625da9a7b695ecf1ecdee88bc875919660da
images/images/text-center-justified.png	SAMPLES/icons-VegesEffects/named_png/images/images/text-center-justified.png	3246177	971	16	16	bea1b9fb5d24f1509b8de4147e610af98049c6e4
images/images/hud-move.png	SAMPLES/icons-VegesEffects/named_png/images/images/hud-move.png	4190564	1206	16	16	45a200ccfd9e6483844c0e12f5fe27b36c4d5df8
images/images/screenshot-camera@2x.png	SAMPLES/icons-VegesEffects/named_png/images/images/screenshot-camera@2x.png	3334482	1313	32	32	89e8c08402a79ba34db2138de2dc7d012cd93037
images/images/drop-container-arrows-checked.png	SAMPLES/icons-VegesEffects/named_png/images/images/drop-container-arrows-checked.png	1351025	1519	64	64	faec80ac48762ad413022e6a743ec4c941917115
images/images/list-sort-desc-hover@2x.png	SAMPLES/icons-VegesEffects/named_png/images/images/list-sort-desc-hover@2x.png	3842679	1284	32	32	0c0279868fa09085381ee46a2a4e4dddc2147474
images/images/export-video-checked@2x.png	SAMPLES/icons-VegesEffects/named_png/images/images/export-video-checked@2x.png	5188972	1117	32	32	cf5c1973f8687cd37c72c01170318d6b787d6799
images/images/align-top.png	SAMPLES/icons-VegesEffects/named_png/images/images/align-top.png	3843967	1018	16	16	2c11d7e9f7f531ee472faab6b52a12dd9ddd5099
images/images/add-container-east-disabled@2x.png	SAMPLES/icons-VegesEffects/named_png/images/images/add-container-east-disabled@2x.png	5104355	1195	128	64	239a0d16224d4ebea91f5b2f752e58c9dbc60bc6
images/images/add-container-west-disabled@2x.png	SAMPLES/icons-VegesEffects/named_png/images/images/add-container-west-disabled@2x.png	374721	1207	128	64	2e99aecc06aba974e4dbe6ff0f9d0c5193ae5d25
images/images/unlock@2x.png	SAMPLES/icons-VegesEffects/named_png/images/images/unlock@2x.png	4916540	1319	32	32	2e71239b10230a4f7e0d20847b83161f71412eef
images/images/roll-menu-disabled@2x.png	SAMPLES/icons-VegesEffects/named_png/images/images/roll-menu-disabled@2x.png	568366	1145	32	32	3ac930c794f170f1a59be6fd7c59b8941ec30f98
images/images/cog-properties-information@2x.png	SAMPLES/icons-VegesEffects/named_png/images/images/cog-properties-information@2x.png	5482359	1846	32	32	c0d1220fb824df37d842617e4dd90220afb5eba5
images/images/drop-container-arrows-hover@2x.png	SAMPLES/icons-VegesEffects/named_png/images/images/drop-container-arrows-hover@2x.png	565185	2015	128	128	02c86d48f7833050030ea1fe57da19a3f779541a
images/images/align-horizontally-hover@2x.png	SAMPLES/icons-VegesEffects/named_png/images/images/align-horizontally-hover@2x.png	208851	991	32	32	eca12b9d5539e7ceb5586e278a06e8631e4190e2
images/images/action-ignore.png	SAMPLES/icons-VegesEffects/named_png/images/images/action-ignore.png	2994321	1479	32	32	485c6413b66aac14ed514ea171aaa15cae905af7
images/images/cursor-slip-invalid-disabled@2x.png	SAMPLES/icons-VegesEffects/named_png/images/images/cursor-slip-invalid-disabled@2x.png	3557830	1282	64	64	39ad3af4e3eccc3c1930bc3dafe09d7c42766645
images/images/camera-rotate-disabled@2x.png	SAMPLES/icons-VegesEffects/named_png/images/images/camera-rotate-disabled@2x.png	5443175	1706	64	64	aabd7fc2b5abfc11a43845265d03ffb453f0abf6
images/images/cursor-slice.png	SAMPLES/icons-VegesEffects/named_png/images/images/cursor-slice.png	4889016	1189	32	32	aec03c71b01d3e67e1e74f70fae6b808bcda9fd7
images/images/pipette.png	SAMPLES/icons-VegesEffects/named_png/images/images/pipette.png	5535230	1278	16	16	27873a8acb7081d6277d6dd5a212baa94897b54c
images/images/add-container-north-disabled@2x.png	SAMPLES/icons-VegesEffects/named_png/images/images/add-container-north-disabled@2x.png	4613271	1257	64	128	654ee280ffa61675684118f6bfe59c4ad9e1eb1c
images/images/print-canvas-checked@2x.png	SAMPLES/icons-VegesEffects/named_png/images/images/print-canvas-checked@2x.png	47253	1376	32	32	66d438cfb5887c707a8601ff55bb3f922300f1e4
images/images/mask-polygon-menu-disabled.png	SAMPLES/icons-VegesEffects/named_png/images/images/mask-polygon-menu-disabled.png	1217539	1145	16	16	a23321c118a24b7eb47833c0cb4a3347fa319b60
images/images/pan-and-zoom-checked.png	SAMPLES/icons-VegesEffects/named_png/images/images/pan-and-zoom-checked.png	3180696	1011	16	16	fb0da54d75813eae801502295a38b5e6bab987e0
images/images/mask-square.png	SAMPLES/icons-VegesEffects/named_png/images/images/mask-square.png	217725	972	16	16	ef1bc4c82e1210b8ed6f0743bc4a4be3d698dd69
images/images/mask-union@2x.png	SAMPLES/icons-VegesEffects/named_png/images/images/mask-union@2x.png	5101030	974	32	32	9f3e78d5fdfb641c9f2a2665a8a6344145cb78af
images/images/checkbox-disabled.png	SAMPLES/icons-VegesEffects/named_png/images/images/checkbox-disabled.png	316186	1046	40	15	a33674012250db6b86b00a345ae255d280a64587
images/images/bottom.png	SAMPLES/icons-VegesEffects/named_png/images/images/bottom.png	5169220	1017	16	16	837cc18862534de9431cbf3b465b303d01571cc8
images/images/square-outline-disabled.png	SAMPLES/icons-VegesEffects/named_png/images/images/square-outline-disabled.png	3613987	1048	16	16	3b74f05f3e012bc89f54a8c9fd40325c4d166846
images/images/font-size-hover.png	SAMPLES/icons-VegesEffects/named_png/images/images/font-size-hover.png	296838	1122	16	16	7c44d71148a98e34d43c57d94698c573ebd2d734
images/images/color-wheel-highlights.png	SAMPLES/icons-VegesEffects/named_png/images/images/color-wheel-highlights.png	5161645	2062	114	114	95e7911383f644e4a79b22ceacd8522d6858e0ff
images/images/file-preset-preview-hover.png	SAMPLES/icons-VegesEffects/named_png/images/images/file-preset-preview-hover.png	2762644	1113	106	60	e678fb043f0cd4e629e84b8f65223cf147464012
images/images/play-disabled@2x.png	SAMPLES/icons-VegesEffects/named_png/images/images/play-disabled@2x.png	3031073	1156	32	32	616855e8c62768f24990ba46f65521389fad1411
images/images/mask-bezier-handle-checked.png	SAMPLES/icons-VegesEffects/named_png/images/images/mask-bezier-handle-checked.png	3308919	461	16	16	b1770811a6b6d20a9bfb4364064286a8691056f9
images/images/large-microphone-disabled.png	SAMPLES/icons-VegesEffects/named_png/images/images/large-microphone-disabled.png	4596134	1179	32	32	83f3ab0836450921f1d96262bd2b8ef299cc8915
images/images/mask-bezier-handle.png	SAMPLES/icons-VegesEffects/named_png/images/images/mask-bezier-handle.png	3335799	479	16	16	de6f255f1fbbdb72e07991771d9c38045fd14c6f
images/images/slide-disabled.png	SAMPLES/icons-VegesEffects/named_png/images/images/slide-disabled.png	5010163	1033	16	16	cb2a16904d3e21a6ed2cf04946a6bfc12cd9454d
images/images/bottom-right.png	SAMPLES/icons-VegesEffects/named_png/images/images/bottom-right.png	3407607	1038	16	16	93bbfa3932f91e97c3799382d14228ee8f7a42b6
images/images/slice-disabled.png	SAMPLES/icons-VegesEffects/named_png/images/images/slice-disabled.png	3891578	1204	16	16	4a31d784e778b41e5097be949f4c12943c35de98
images/images/key-frame-ease-in@2x.png	SAMPLES/icons-VegesEffects/named_png/images/images/key-frame-ease-in@2x.png	2837066	1136	32	32	b9a6549c982a396e9c794ce2607fdaf936fb4d08
images/images/text-right-indent.png	SAMPLES/icons-VegesEffects/named_png/images/images/text-right-indent.png	5410007	1035	16	16	ab51bc0a1728c37b7d491d19343b42f69254f627
images/images/layout-canvas-left.png	SAMPLES/icons-VegesEffects/named_png/images/images/layout-canvas-left.png	1151077	1057	16	16	72d382ecad451e6d49c8e4ee09e7b8abc7189904
images/images/top.png	SAMPLES/icons-VegesEffects/named_png/images/images/top.png	288313	1017	16	16	27fda7b1dc7b9f98c2d66402b2e20ee6b47ee150
images/images/roll-checked@2x.png	SAMPLES/icons-VegesEffects/named_png/images/images/roll-checked@2x.png	4894934	1083	32	32	fb211789e3c197882668db4a8a7f9adf909b3a88
images/images/cursor-ripple-invalid-disabled@2x.png	SAMPLES/icons-VegesEffects/named_png/images/images/cursor-ripple-invalid-disabled@2x.png	504950	1739	64	64	9a646517a2328f1cd0698f12bcd0c170a70b129c
images/images/sound-off@2x.png	SAMPLES/icons-VegesEffects/named_png/images/images/sound-off@2x.png	4556990	1350	32	32	595c34992f8d46ae4b77c70b6c7c12c4d132d507
images/images/text-layer-checked@2x.png	SAMPLES/icons-VegesEffects/named_png/images/images/text-layer-checked@2x.png	3375451	1283	32	32	b62d56c6a1c14e83a8fd6a083611254b23871008
images/images/bold-checked@2x.png	SAMPLES/icons-VegesEffects/named_png/images/images/bold-checked@2x.png	4835117	1194	32	32	14686307ed206eeb4c6aa00c75aad9fcb39d250f
images/images/print-canvas-disabled@2x.png	SAMPLES/icons-VegesEffects/named_png/images/images/print-canvas-disabled@2x.png	1330628	1346	32	32	6d37990c3b77c12810865c4a13aee86004a24576
images/images/square-outline.png	SAMPLES/icons-VegesEffects/named_png/images/images/square-outline.png	3392227	1049	16	16	c752e77fa45372556f96a0cd0c33d1c7d6926519
images/images/left-hover.png	SAMPLES/icons-VegesEffects/named_png/images/images/left-hover.png	2890900	977	16	16	26778ca915059a67da1a2e650c7f7881dd166171
images/images/file-video-preview-disabled.png	SAMPLES/icons-VegesEffects/named_png/images/images/file-video-preview-disabled.png	4284947	1295	106	60	e68c019ee817264ab8e856dd14cfcdc3f1c0ff4c
images/images/missing-layer-disabled@2x.png	SAMPLES/icons-VegesEffects/named_png/images/images/missing-layer-disabled@2x.png	388971	1240	32	32	1ec7a764738f4f2064c09cce32805ff1478f7c0d
images/images/camera-orbit-point-checked.png	SAMPLES/icons-VegesEffects/named_png/images/images/camera-orbit-point-checked.png	4865322	1125	16	16	c5e8c75a77a63c2ce485bf6601e57a6b7f1a9783
images/images/text-left-justified-hover@2x.png	SAMPLES/icons-VegesEffects/named_png/images/images/text-left-justified-hover@2x.png	3987989	978	32	32	5a0a3d5a9159cd391a1caee8cfd647903634959e
images/images/edit-overlay-disabled.png	SAMPLES/icons-VegesEffects/named_png/images/images/edit-overlay-disabled.png	1244814	1033	16	16	4f8268e8fcc00f6f961d8aaf60470209a309e4fe
images/images/cursor-resize-left-checked@2x.png	SAMPLES/icons-VegesEffects/named_png/images/images/cursor-resize-left-checked@2x.png	4167025	1487	64	64	3d656e0522a60ebcbe523893ef37278199e2a7bd
images/images/font-checked@2x.png	SAMPLES/icons-VegesEffects/named_png/images/images/font-checked@2x.png	3598972	1233	32	32	b1217dd5965bc126c0e0d1e2441e1af4316be3c8
images/images/text-top-indent-checked.png	SAMPLES/icons-VegesEffects/named_png/images/images/text-top-indent-checked.png	3358151	1006	16	16	803b48498c9f3aa938b15cb6522f15c6013b722e
images/images/checkbox-active-disabled-hover.png	SAMPLES/icons-VegesEffects/named_png/images/images/checkbox-active-disabled-hover.png	3071058	1040	40	15	e943ca541876ba65250b3d8cfedccb14a22af564
images/images/export-canvas-disabled.png	SAMPLES/icons-VegesEffects/named_png/images/images/export-canvas-disabled.png	1138122	1027	16	16	d2a59b3de74f3e36afb5a194824a060654c8c5b1
images/images/cursor-slide.png	SAMPLES/icons-VegesEffects/named_png/images/images/cursor-slide.png	1366936	1077	32	32	4c88ebe25a651eefcaa10c68f24427d022a0723e
images/images/new-composite-shot-from-clip-hover.png	SAMPLES/icons-VegesEffects/named_png/images/images/new-composite-shot-from-clip-hover.png	162034	1047	32	32	d97f839d1e1873c2f550b959a918645a4c1548d5
images/images/make-composite@2x.png	SAMPLES/icons-VegesEffects/named_png/images/images/make-composite@2x.png	3055757	1040	32	32	4fd1327f3bae75b93fe8cb7a4ce07fed487e31d7
images/images/settings-hover.png	SAMPLES/icons-VegesEffects/named_png/images/images/settings-hover.png	3165918	1423	16	16	65dfe39227527b7189f4e695a42d8d6921dbcef1
images/images/effect-ofx-plugin-hover@2x.png	SAMPLES/icons-VegesEffects/named_png/images/images/effect-ofx-plugin-hover@2x.png	5364446	1404	32	32	f1716619ed12fdc532bedb3bd3d5a80721b96e3b
images/images/folder-locked-open-checked.png	SAMPLES/icons-VegesEffects/named_png/images/images/folder-locked-open-checked.png	2961248	1239	16	16	af0489f591574a77b303a5f33263d7a926e1397e
images/images/checkbox-unchecked@2x.png	SAMPLES/icons-VegesEffects/named_png/images/images/checkbox-unchecked@2x.png	1257194	993	32	32	63b55047a1b63b5b4f6e170be080839e4ed92cae
images/images/template@2x.png	SAMPLES/icons-VegesEffects/named_png/images/images/template@2x.png	2889804	1092	32	32	220ab0ceb6b4f8d279b7dc7a807d9a282d49ca62
images/images/export-in-out-checked@2x.png	SAMPLES/icons-VegesEffects/named_png/images/images/export-in-out-checked@2x.png	4822808	1125	32	32	efe872a74c37ccee0eac22dd5e6f42e0eb1f9c11
images/images/distribute-vertically-checked.png	SAMPLES/icons-VegesEffects/named_png/images/images/distribute-vertically-checked.png	2821854	978	16	16	e3a2f0f215a424b862494f1e55f2ecb695772278
images/images/landscape-disabled.png	SAMPLES/icons-VegesEffects/named_png/images/images/landscape-disabled.png	4461923	1058	16	16	14adb70ea8d0ee67b0f96f01d2c46e8b91d1658c
images/images/align-bottom-checked.png	SAMPLES/icons-VegesEffects/named_png/images/images/align-bottom-checked.png	2732173	968	16	16	b6ddaf456624f44753d5730d1d530e8f0eebdbd0
images/images/zoom-max-hover.png	SAMPLES/icons-VegesEffects/named_png/images/images/zoom-max-hover.png	999947	1031	16	16	0e1846b6e72d075b5ce09566d388e793b21b69ba
images/images/graph-decline.png	SAMPLES/icons-VegesEffects/named_png/images/images/graph-decline.png	4409006	1086	16	16	f3e51acac1b72127649abc5f2cee435634289df7
images/images/linear.png	SAMPLES/icons-VegesEffects/named_png/images/images/linear.png	3283512	1030	16	16	b9a58ee8f4f0901eba1a49810695e3362ceed8ec
images/images/file-audio-preview-disabled.png	SAMPLES/icons-VegesEffects/named_png/images/images/file-audio-preview-disabled.png	910118	1769	106	60	3c922226aae086454110bac98a41bed35279a3cd
images/images/margin-bottom-disabled@2x.png	SAMPLES/icons-VegesEffects/named_png/images/images/margin-bottom-disabled@2x.png	4059988	1002	32	32	ec04cb3d73878d9da10cfa1dd52913e37f685cbc
images/images/font-outline-color-disabled.png	SAMPLES/icons-VegesEffects/named_png/images/images/font-outline-color-disabled.png	4936002	1136	16	16	7eee42521a7da9a02d76c0969098a0808394e8b3
images/images/mask-asymmetrical-handle-hover@2x.png	SAMPLES/icons-VegesEffects/named_png/images/images/mask-asymmetrical-handle-hover@2x.png	4592049	1248	32	32	f77086ffab117d3972502928a711fff03c7fc676
images/images/hud-zoom-hover.png	SAMPLES/icons-VegesEffects/named_png/images/images/hud-zoom-hover.png	3828426	1337	16	16	c87f21e657c221af72222b0bcd0abd3cce7084d2
images/images/frame-out-disabled.png	SAMPLES/icons-VegesEffects/named_png/images/images/frame-out-disabled.png	4555965	1021	16	16	bb05872b5b8ed06604a32d3acc1ecd0b72fe2cac
images/images/file-audio-preview.png	SAMPLES/icons-VegesEffects/named_png/images/images/file-audio-preview.png	4522029	1771	106	60	ae393fdc72a3d2013699925f62f69732ca7f98cf
images/images/mask-select-point-disabled.png	SAMPLES/icons-VegesEffects/named_png/images/images/mask-select-point-disabled.png	4007458	1213	16	16	fe5f219c88470f560e8338a3110eb5e0b4fc8a12
images/images/publish-disabled.png	SAMPLES/icons-VegesEffects/named_png/images/images/publish-disabled.png	1266716	1235	16	16	394ad04a153c2ee43b83f877df267fb06b7fca6c
images/images/dialog-critical-checked@2x.png	SAMPLES/icons-VegesEffects/named_png/images/images/dialog-critical-checked@2x.png	1063976	1688	64	64	78338ccf303de7b2c3852a2226c8cce2e6a2b0fd
images/images/camera-zoom-checked@2x.png	SAMPLES/icons-VegesEffects/named_png/images/images/camera-zoom-checked@2x.png	4745689	1437	64	64	eeec68e5aed35368ef31212529c205aa3fd857bf
images/images/drop-container-arrows.png	SAMPLES/icons-VegesEffects/named_png/images/images/drop-container-arrows.png	29865	1657	64	64	8073479710adfd074a4dca04add8b59cad85d6d2
images/images/pointer-menu@2x.png	SAMPLES/icons-VegesEffects/named_png/images/images/pointer-menu@2x.png	1370447	1467	32	32	83996b66c37b063adeecca231e0054aa1a223e59
images/images/bottom-checked.png	SAMPLES/icons-VegesEffects/named_png/images/images/bottom-checked.png	963546	978	16	16	b4293e843c9e3b04db74f521074e6b83c763092e
images/images/text-right-justified-disabled@2x.png	SAMPLES/icons-VegesEffects/named_png/images/images/text-right-justified-disabled@2x.png	304179	1001	32	32	030a99d5f0b6f9f2f26e7005e7437fedbea85098
images/images/redo-hover.png	SAMPLES/icons-VegesEffects/named_png/images/images/redo-hover.png	3749474	1183	16	16	8c08dedcebe8081e72cb64c4e7bb2533c1e1723e
images/images/freehand-path-checked@2x.png	SAMPLES/icons-VegesEffects/named_png/images/images/freehand-path-checked@2x.png	3656889	1425	32	32	30cece7044bb313ecdfaf743c0ba83e4b20c176b
images/images/graph-curve-down-hover@2x.png	SAMPLES/icons-VegesEffects/named_png/images/images/graph-curve-down-hover@2x.png	3412050	1146	32	32	9b5a441f637ff9a7e4f32c61c51a0e995c8384c5
images/images/key-frame-manual-bezier-checked.png	SAMPLES/icons-VegesEffects/named_png/images/images/key-frame-manual-bezier-checked.png	1092547	1046	16	16	4de0b08e423d665cc831911bd61729d7169d58e4
images/images/triangle-outline@2x.png	SAMPLES/icons-VegesEffects/named_png/images/images/triangle-outline@2x.png	4438901	1294	32	32	d70403f38720967e3b765a0dc1352a423e50430d
images/images/hud-zoom.png	SAMPLES/icons-VegesEffects/named_png/images/images/hud-zoom.png	3317836	1352	16	16	75f3332fac46edb2cae0a53decc5c3a87e90d259
images/images/layout-canvas-right-disabled.png	SAMPLES/icons-VegesEffects/named_png/images/images/layout-canvas-right-disabled.png	2891881	1056	16	16	bfed6ad50006947903887f8e79257a2234b13f9d
images/images/margin-right-disabled.png	SAMPLES/icons-VegesEffects/named_png/images/images/margin-right-disabled.png	4883563	991	16	16	ca845bb0d0c2b3fa9640068a11a557ca3267ef2f
images/images/close-window-checked.png	SAMPLES/icons-VegesEffects/named_png/images/images/close-window-checked.png	921992	1020	16	16	38e585c3cc49f84733204366bc4dc9f68b4b7e67
images/images/layout-right-checked.png	SAMPLES/icons-VegesEffects/named_png/images/images/layout-right-checked.png	3931105	1290	230	116	1f092fbab8cf11b47061cec9ab273c9ac6a17cdf
images/images/file-video@2x.png	SAMPLES/icons-VegesEffects/named_png/images/images/file-video@2x.png	167701	1191	32	32	355202a325ca6701858e42392dc0f34beeb42e66
images/images/text-justified@2x.png	SAMPLES/icons-VegesEffects/named_png/images/images/text-justified@2x.png	3961547	981	32	32	7e5e25e9c28cf52231b67414cd715558e86976d0
images/images/frame-previous-checked@2x.png	SAMPLES/icons-VegesEffects/named_png/images/images/frame-previous-checked@2x.png	1444825	1067	32	32	b4665631ca1e1f97f3be89290fd396bb5cd3ca1b
images/images/radio-checked-checked.png	SAMPLES/icons-VegesEffects/named_png/images/images/radio-checked-checked.png	1213036	1122	16	16	a6c5819f48b5fde7ac737934288216ba117a2ded
images/images/redo.png	SAMPLES/icons-VegesEffects/named_png/images/images/redo.png	28633	1228	16	16	66315ef37912835e762abf84bbbca5feebe08538
images/images/group-layer-checked.png	SAMPLES/icons-VegesEffects/named_png/images/images/group-layer-checked.png	1170059	1118	16	16	9d9e09403ec3b1e42194b2a592c21f1ccf672cec
images/images/brush-remove-checked@2x.png	SAMPLES/icons-VegesEffects/named_png/images/images/brush-remove-checked@2x.png	4562218	1217	32	32	bf78246bfa21dc8e59675526e4890d98fc9e6a69
images/images/ripple-menu-disabled@2x.png	SAMPLES/icons-VegesEffects/named_png/images/images/ripple-menu-disabled@2x.png	4617247	1168	32	32	41b456b4a8c4a3f03be1d4c2c52e9f9d27c0b555
images/images/file-3d-preview-checked@2x.png	SAMPLES/icons-VegesEffects/named_png/images/images/file-3d-preview-checked@2x.png	4072145	1655	212	120	43fec19bc81449877e1b9ae8ec76f0bc7a82a9d7
images/images/effect-audio@2x.png	SAMPLES/icons-VegesEffects/named_png/images/images/effect-audio@2x.png	2775533	1207	32	32	b460e0abc6fcfb60a2c8e2df355b7c1ec6fd1b7d
images/images/key-frame-ease-in-hover.png	SAMPLES/icons-VegesEffects/named_png/images/images/key-frame-ease-in-hover.png	97018	1023	16	16	867ac6091706f28d5626ee0a99f68dd981abcd34
images/images/clipboard-copy-hover@2x.png	SAMPLES/icons-VegesEffects/named_png/images/images/clipboard-copy-hover@2x.png	1438301	1402	32	32	f2b8f02b4744d82c6ec7bcf16d3a256f2b7b74ce
images/images/video-off@2x.png	SAMPLES/icons-VegesEffects/named_png/images/images/video-off@2x.png	5572132	2184	32	32	00dedc7f163f0a1488318c3880e32634ebb9a5c8
images/images/mask-close-disabled.png	SAMPLES/icons-VegesEffects/named_png/images/images/mask-close-disabled.png	104911	1109	16	16	461de48fd466816e7cd456509485d5eae4ebc9dc
images/images/text-gap-after-paragraph-hover.png	SAMPLES/icons-VegesEffects/named_png/images/images/text-gap-after-paragraph-hover.png	3556863	963	16	16	8ea3d45ec2174d2a077d3bafaa6ce966e1788d9b
images/images/key-frame-empty@2x.png	SAMPLES/icons-VegesEffects/named_png/images/images/key-frame-empty@2x.png	5064894	1333	32	32	7f363f313d3b34c412bc0e789e10b714477d7b49
images/images/vegas-image-new-file-disabled.png	SAMPLES/icons-VegesEffects/named_png/images/images/vegas-image-new-file-disabled.png	3740693	1126	16	16	aeedb5a515ccd5ba05b506e138f40fb5f9cb09e1
images/images/clockwise90-hover.png	SAMPLES/icons-VegesEffects/named_png/images/images/clockwise90-hover.png	4078465	1033	16	16	a5ff5231f3561f7094ab57d1e13514f6b70be6ac
images/images/effect-behavior-plugin@2x.png	SAMPLES/icons-VegesEffects/named_png/images/images/effect-behavior-plugin@2x.png	2798799	1394	32	32	1d56889eae8c58bffd379b153632cad9157af1c7
images/images/font-size.png	SAMPLES/icons-VegesEffects/named_png/images/images/font-size.png	4104861	1142	16	16	306fc4dc72ed10256cba104199e0fe636a51935d
images/images/graph-flat-hover.png	SAMPLES/icons-VegesEffects/named_png/images/images/graph-flat-hover.png	2985405	965	16	16	bd5794653789ceed7763e1f3a361242c1d73ab2c
images/images/keyframe-track-object-hover.png	SAMPLES/icons-VegesEffects/named_png/images/images/keyframe-track-object-hover.png	4939389	1056	16	16	4fbb5d063954bc82902f7f918dc920bed853a93d
images/images/vegas-effects-new-file-checked.png	SAMPLES/icons-VegesEffects/named_png/images/images/vegas-effects-new-file-checked.png	5406283	1166	16	16	ad41a16f72e699308d5c6368ca5b0e91749ed7a2
images/images/cursor-rolling-invalid-checked@2x.png	SAMPLES/icons-VegesEffects/named_png/images/images/cursor-rolling-invalid-checked@2x.png	4303982	1209	64	64	79e67f32492b4e5b7e87ac3bf690f5eec9bdfcee
images/images/graph-decline-hover.png	SAMPLES/icons-VegesEffects/named_png/images/images/graph-decline-hover.png	1103831	1034	16	16	53e3e75f436859301c358a89f26741192a042d51
images/images/linear-hover.png	SAMPLES/icons-VegesEffects/named_png/images/images/linear-hover.png	4200511	1016	16	16	d246fa039b34053acacb7210136aa7be192dc8fa
images/images/font-color-disabled.png	SAMPLES/icons-VegesEffects/named_png/images/images/font-color-disabled.png	3211780	1082	16	16	04b5eabbe0d1928d0cdef78d0a0cac7bb56889ba
images/images/white-caret@2x.png	SAMPLES/icons-VegesEffects/named_png/images/images/white-caret@2x.png	4262110	1050	32	32	1af9c9e7b9b7756a74f68a4d068c68962e6d4496
images/images/caret-down-hover@2x.png	SAMPLES/icons-VegesEffects/named_png/images/images/caret-down-hover@2x.png	239470	1119	32	32	53188083d6d52222cd7ccf8c58debdd9fec3eab6
images/images/left.png	SAMPLES/icons-VegesEffects/named_png/images/images/left.png	569515	1037	16	16	c139d2d38376d276fcd4b5a9042278d47df27a70
images/images/mask-point-handle@2x.png	SAMPLES/icons-VegesEffects/named_png/images/images/mask-point-handle@2x.png	379404	721	32	32	426555a62889e642ee23a22a61ef24b28a60d1a6
images/images/checkbox-active-disabled.png	SAMPLES/icons-VegesEffects/named_png/images/images/checkbox-active-disabled.png	5035970	1088	40	15	0e48b61be1a997233246a492e012d7e07f60f155
images/images/pre-render-complete-hover@2x.png	SAMPLES/icons-VegesEffects/named_png/images/images/pre-render-complete-hover@2x.png	4612037	1230	32	32	bd2ea7a9a61f302f0985e22409a32d0c30206d1f
images/images/new-composite-shot-from-clip.png	SAMPLES/icons-VegesEffects/named_png/images/images/new-composite-shot-from-clip.png	88432	1179	32	32	5513849a60e1a9b4a834c53c35871007aee36560
images/images/settings.png	SAMPLES/icons-VegesEffects/named_png/images/images/settings.png	3872687	1441	16	16	88e5d17e4e20666a65ba7fbd3244bcb4d4644122
images/images/layout-4-checked.png	SAMPLES/icons-VegesEffects/named_png/images/images/layout-4-checked.png	2751585	953	16	16	933f82b26ffad55c29bc77d4a407a1b262201792
images/images/checkbox-mixed-disabled.png	SAMPLES/icons-VegesEffects/named_png/images/images/checkbox-mixed-disabled.png	3792838	982	16	16	64ef1e1b3d7f91ae90341af5386711a37e9fff18
images/images/favorites-category.png	SAMPLES/icons-VegesEffects/named_png/images/images/favorites-category.png	3799977	2518	64	64	39b538003ca047137abaae0b90fd13021a59b28d
images/images/add-container-west-checked.png	SAMPLES/icons-VegesEffects/named_png/images/images/add-container-west-checked.png	4371174	1072	64	32	205fa662579fb971e40444211cae54d8b4e5697a
images/images/reset-disabled.png	SAMPLES/icons-VegesEffects/named_png/images/images/reset-disabled.png	3912867	1254	16	16	40a88ef35485beea2e16cf0e130efc26b12030e7
images/images/stretch-disabled.png	SAMPLES/icons-VegesEffects/named_png/images/images/stretch-disabled.png	2735213	1127	16	16	2c3097abdda839d9be56fa4058bef4abc35ad9be
images/images/file-list-small@2x.png	SAMPLES/icons-VegesEffects/named_png/images/images/file-list-small@2x.png	1461751	1139	32	32	b00be94ca1463a275f8c4f58a149d47f223e1581
images/images/right-disabled.png	SAMPLES/icons-VegesEffects/named_png/images/images/right-disabled.png	5057467	986	16	16	990d22a83d7071c78ba982c2d29ffb2bc82c7fe1
images/images/new-composite-shot-disabled.png	SAMPLES/icons-VegesEffects/named_png/images/images/new-composite-shot-disabled.png	265125	1259	32	32	c651808286b7b087f47dcd6ac1a13505c5980d0f
images/images/add-export@2x.png	SAMPLES/icons-VegesEffects/named_png/images/images/add-export@2x.png	5030715	1248	32	32	ce303739d0c31ecfa45bb70b34f71de71cbc8490
images/images/layout-canvas-right-disabled@2x.png	SAMPLES/icons-VegesEffects/named_png/images/images/layout-canvas-right-disabled@2x.png	132126	1037	32	32	98d0abac9c1b1d85f6e4f8e67a9063a334ea3fcd
images/images/mask-circle-menu.png	SAMPLES/icons-VegesEffects/named_png/images/images/mask-circle-menu.png	1313966	1198	16	16	c63b9676228c3ee4a0cadbb3be58182a71429942
images/images/text-gap-before-paragraph@2x.png	SAMPLES/icons-VegesEffects/named_png/images/images/text-gap-before-paragraph@2x.png	431212	1002	32	32	565757eb348e82ca421394a35b44da9312eb8875
images/images/restore-window-checked.png	SAMPLES/icons-VegesEffects/named_png/images/images/restore-window-checked.png	5448070	990	16	16	d6d98ca05a38d069fea83602f1705dfd63cb99b2
images/images/dialog-information.png	SAMPLES/icons-VegesEffects/named_png/images/images/dialog-information.png	5489116	1592	32	32	5b8e640624f3f91f74219f1b513c77245bdf3a91
images/images/file-audio-preview-hover.png	SAMPLES/icons-VegesEffects/named_png/images/images/file-audio-preview-hover.png	234548	1545	106	60	09dbd8d1ce18043966bc1097ea709a217381f313
images/images/minimized-window@2x.png	SAMPLES/icons-VegesEffects/named_png/images/images/minimized-window@2x.png	2796538	980	32	32	d0023a0ca6216b32f3d87c6c03e187fdcc5ab6b3
images/images/checkbox-checked@2x.png	SAMPLES/icons-VegesEffects/named_png/images/images/checkbox-checked@2x.png	493116	1094	32	32	8a9596edd247f42346db586572c6fd8b85d892ce
images/images/play-ram-checked.png	SAMPLES/icons-VegesEffects/named_png/images/images/play-ram-checked.png	3626560	1082	16	16	ffcdcf07fcd7cbfc4bbc843317a6f31ea05b6dc7
images/images/graph-flat-hover@2x.png	SAMPLES/icons-VegesEffects/named_png/images/images/graph-flat-hover@2x.png	2871506	991	32	32	7700b751fb6701efbddcd1b717b561b67a6d3cf9
images/images/presets-checked.png	SAMPLES/icons-VegesEffects/named_png/images/images/presets-checked.png	4519743	954	16	16	3f1849069d0e87dc43413a6e13031e4c5a2bc0da
images/images/dialog-information-hover@2x.png	SAMPLES/icons-VegesEffects/named_png/images/images/dialog-information-hover@2x.png	1032970	2083	64	64	529981beead08be0f7d36b25d1c7b55fe0dfd0dd
images/images/three-d-disabled.png	SAMPLES/icons-VegesEffects/named_png/images/images/three-d-disabled.png	4012878	1063	16	16	d02c8c2c85b298e28b6cabf03bfb99e09fc5105a
images/images/smooth-disabled@2x.png	SAMPLES/icons-VegesEffects/named_png/images/images/smooth-disabled@2x.png	1058205	1149	32	32	99222636fa2662703af2970892c3fb4ed44050af
images/images/slide-menu-checked.png	SAMPLES/icons-VegesEffects/named_png/images/images/slide-menu-checked.png	2987580	1033	16	16	f68053cd01296352e15468c27e651ebb3823c7f6
images/images/add-container-east-checked.png	SAMPLES/icons-VegesEffects/named_png/images/images/add-container-east-checked.png	3323731	1077	64	32	23a0875fb9daeafd11f5c869792ac9f17d1e6213
images/images/drop-container-arrows-hover.png	SAMPLES/icons-VegesEffects/named_png/images/images/drop-container-arrows-hover.png	3479664	1519	64	64	60e8d015ec2764226f221338dbb236c947f1b881
images/images/effect-2d-plugin-disabled.png	SAMPLES/icons-VegesEffects/named_png/images/images/effect-2d-plugin-disabled.png	1139153	1106	16	16	ddad982822667c2d7c19d67e3652132bc7a2f24f
images/images/text-left-justified-disabled@2x.png	SAMPLES/icons-VegesEffects/named_png/images/images/text-left-justified-disabled@2x.png	1186141	1001	32	32	0b36f74aba07c95e4c88ad8cca5bb6d0499d1c32
images/images/effect-3d-particle-hover.png	SAMPLES/icons-VegesEffects/named_png/images/images/effect-3d-particle-hover.png	4657662	1245	16	16	3e0f3eb022920fe82c0f3e326b33cdbe1199adef
images/images/smallcaps.png	SAMPLES/icons-VegesEffects/named_png/images/images/smallcaps.png	3106580	1010	16	16	15e8d49f71754552d57f985303a3cba3563f480b
images/images/mask-star-menu-checked.png	SAMPLES/icons-VegesEffects/named_png/images/images/mask-star-menu-checked.png	2782498	1158	16	16	c8c36820d6cb90355e498cd8361b826822dafb06
images/images/cursor-resize.png	SAMPLES/icons-VegesEffects/named_png/images/images/cursor-resize.png	4048016	1273	32	32	ff9707c8562087cdaafe4d20f8c0661604d670ce
images/images/transition-audio-disabled.png	SAMPLES/icons-VegesEffects/named_png/images/images/transition-audio-disabled.png	4833949	1164	16	16	dc5eda0489ace7bbd75b147c5c3828e918679bd9
images/images/linear-checked@2x.png	SAMPLES/icons-VegesEffects/named_png/images/images/linear-checked@2x.png	4506504	1118	32	32	fbb304e8b47696be4ea9474dbbcbcef1cd2e5754
images/images/straighten-checked.png	SAMPLES/icons-VegesEffects/named_png/images/images/straighten-checked.png	3822077	1141	16	16	0ed07b5d25f52b0a410678e0fc335293b7c51371
images/images/layout-right-hover.png	SAMPLES/icons-VegesEffects/named_png/images/images/layout-right-hover.png	1038243	1290	230	116	0d20ea3ee7f1c0cb74edb928caa680da00e51eba
images/images/align-top-hover@2x.png	SAMPLES/icons-VegesEffects/named_png/images/images/align-top-hover@2x.png	4416321	985	32	32	27ef123e23644f4ae6185139a73d0c3f5df1fe66
images/images/settings-checked@2x.png	SAMPLES/icons-VegesEffects/named_png/images/images/settings-checked@2x.png	3450136	1846	32	32	da19372daca7691ff4c8951034075f9e22c8e6bc
images/images/text-left-align-hover@2x.png	SAMPLES/icons-VegesEffects/named_png/images/images/text-left-align-hover@2x.png	4911083	980	32	32	83d3fc93da28794a95fb31253a67e8a355c1699c
images/images/file-picture.png	SAMPLES/icons-VegesEffects/named_png/images/images/file-picture.png	3352233	1134	16	16	955dd122f6a1861d2c35740c75928094919016fa
images/images/cursor-rolling-hover.png	SAMPLES/icons-VegesEffects/named_png/images/images/cursor-rolling-hover.png	3568102	1075	32	32	3aeaebce8ef56e737c014ba3b82bbb6a76132daa
images/images/mask-circle-menu-checked@2x.png	SAMPLES/icons-VegesEffects/named_png/images/images/mask-circle-menu-checked@2x.png	4432970	1353	32	32	10d0c8bc25b5a7902b4f2f79580a072a4ea00d48
images/images/font-size-checked.png	SAMPLES/icons-VegesEffects/named_png/images/images/font-size-checked.png	353823	1122	16	16	d21dcff2ecf2b91542da031bdb110baea688a325
images/images/margin-left-checked.png	SAMPLES/icons-VegesEffects/named_png/images/images/margin-left-checked.png	2828416	969	16	16	f7c1dc8fe7713c3ab4b77459f24d69b11a0db605
images/images/mask-bezier-handle-disabled@2x.png	SAMPLES/icons-VegesEffects/named_png/images/images/mask-bezier-handle-disabled@2x.png	1181532	1120	32	32	45c48e43a508b08a461bd447c1d92e63c7a44c17
images/images/import-preset-checked.png	SAMPLES/icons-VegesEffects/named_png/images/images/import-preset-checked.png	294460	1058	16	16	e63579e9a7c18e442e5c7c1ee80c1d6c408fb351
images/images/effect-ae-plugin-disabled.png	SAMPLES/icons-VegesEffects/named_png/images/images/effect-ae-plugin-disabled.png	4388696	1169	16	16	7370d75d6b36c443dd30c93a91d8dee589879674
images/images/bottom-right-disabled@2x.png	SAMPLES/icons-VegesEffects/named_png/images/images/bottom-right-disabled@2x.png	1172328	1029	32	32	95cd8f213c4b7d3d0fcc4abb683684aa8efa9ec1
images/images/edit-overlay.png	SAMPLES/icons-VegesEffects/named_png/images/images/edit-overlay.png	99090	1023	16	16	da0b692c64bd2704cc2c5b1a93b209c9365bb508
images/images/browser-back-hover@2x.png	SAMPLES/icons-VegesEffects/named_png/images/images/browser-back-hover@2x.png	3623072	1126	32	32	6cab14ef1f087a6da7fc8ec614575f3b56e88e72
images/images/curves-s-checked@2x.png	SAMPLES/icons-VegesEffects/named_png/images/images/curves-s-checked@2x.png	4774173	1205	32	32	551b393daa15476b8ef91fb51f87d7f4c908046e
images/images/handle-checked@2x.png	SAMPLES/icons-VegesEffects/named_png/images/images/handle-checked@2x.png	4211378	995	10	26	dbd085d1c0e8d39c460e2f8afcfeb1f506c65bf5
images/images/missing-thumbnail@2x.png	SAMPLES/icons-VegesEffects/named_png/images/images/missing-thumbnail@2x.png	4860068	2116	128	128	bf4151b8e5937c855a67c96d8f4e5a797ba530a0
images/images/layer-properties@2x.png	SAMPLES/icons-VegesEffects/named_png/images/images/layer-properties@2x.png	3445902	1846	32	32	940fb28d30e057598f60d65a15d397fed6a529c3
images/images/mask-bezier-handle-disabled.png	SAMPLES/icons-VegesEffects/named_png/images/images/mask-bezier-handle-disabled.png	3080871	488	16	16	d9e067ce9c2468adaee4e0ac2e78b465e9672a08
images/images/checkbox-disabled-disabled@2x.png	SAMPLES/icons-VegesEffects/named_png/images/images/checkbox-disabled-disabled@2x.png	5553118	1171	80	30	f777c6230a2006569fe24d1fe48aacd1c4f513c2
images/images/white@2x.png	SAMPLES/icons-VegesEffects/named_png/images/images/white@2x.png	371330	973	32	32	3d0146e2fe8dcc2ab0785a12cdb2eeb26ec4780d
images/images/exclamation-hover@2x.png	SAMPLES/icons-VegesEffects/named_png/images/images/exclamation-hover@2x.png	1416231	1414	32	32	e9d6c4fb9d3c25065ad2f1e301c0124ee825e867
images/images/mask-square-disabled@2x.png	SAMPLES/icons-VegesEffects/named_png/images/images/mask-square-disabled@2x.png	3101860	998	32	32	802a964c67b6d3d8f3143ad18118e516b5753f42
images/images/clipboard-cut-disabled.png	SAMPLES/icons-VegesEffects/named_png/images/images/clipboard-cut-disabled.png	3725866	1343	16	16	ffc93dee0e11d542a3763b7642059b3e3637be2e
images/images/image-layer-hover.png	SAMPLES/icons-VegesEffects/named_png/images/images/image-layer-hover.png	3553062	1264	16	16	f68e9c4160ce55c7943ad5da9fd8c0321af27a8b
images/images/layout-left-checked@2x.png	SAMPLES/icons-VegesEffects/named_png/images/images/layout-left-checked@2x.png	3359161	1793	460	232	4fea6c0a6196d2d560022a39fd34cba3a229ebff
images/images/publish-hover.png	SAMPLES/icons-VegesEffects/named_png/images/images/publish-hover.png	3491956	1170	16	16	5194dfeba0465e21a5c4b4b04761103e5947cab2
images/images/layout-distribute-between-horizontal-hover@2x.png	SAMPLES/icons-VegesEffects/named_png/images/images/layout-distribute-between-horizontal-hover@2x.png	5385934	987	32	32	916cec0404f08696e09772a69f3d9408986cf651
images/images/bottom-right-checked@2x.png	SAMPLES/icons-VegesEffects/named_png/images/images/bottom-right-checked@2x.png	1182656	1004	32	32	41b62e087596359ae4edb94b23484d7d69df940f
images/images/mask-bezier-handle-checked@2x.png	SAMPLES/icons-VegesEffects/named_png/images/images/mask-bezier-handle-checked@2x.png	4065603	1028	32	32	ae1dc4942df46b33b1423f9366217784855bede6
images/images/exclamation.png	SAMPLES/icons-VegesEffects/named_png/images/images/exclamation.png	3231399	1272	16	16	a364694ddb0257e4b52be2e2a9710142bbec19cf
images/images/proxy-queue-disabled.png	SAMPLES/icons-VegesEffects/named_png/images/images/proxy-queue-disabled.png	5142971	1141	16	16	dc7d9a73efc99a770c352d2bf2e5ccf7d33f79dc
images/images/layout-distribute-between-vertical.png	SAMPLES/icons-VegesEffects/named_png/images/images/layout-distribute-between-vertical.png	2937332	1037	16	16	38e4c329a1c56738c6af7f6c0af2284ac7ad190f
images/images/help.png	SAMPLES/icons-VegesEffects/named_png/images/images/help.png	36633	1347	16	16	53f36da1f48f4750556472cdc3e67dec9b573c3f
images/images/action-copy-hover.png	SAMPLES/icons-VegesEffects/named_png/images/images/action-copy-hover.png	3962532	1194	32	32	964ecd17a599bd715c2c8a9cbd1a65e242dc7b0e
images/images/cog-properties-information.png	SAMPLES/icons-VegesEffects/named_png/images/images/cog-properties-information.png	1364427	1441	16	16	87d402c436af23439bb62af811923a1123b1c12c
images/images/checkbox-filled-hover.png	SAMPLES/icons-VegesEffects/named_png/images/images/checkbox-filled-hover.png	3531475	972	16	16	59ff77616b057f689e8b00f87db6ad961ddea05b
images/images/redo-checked@2x.png	SAMPLES/icons-VegesEffects/named_png/images/images/redo-checked@2x.png	1342004	1376	32	32	f0c99b52ab7613a4a16ffb25cc971fb7ac0afad2
images/images/dialog-information-checked.png	SAMPLES/icons-VegesEffects/named_png/images/images/dialog-information-checked.png	2872501	1592	32	32	cb27621ba491d6b8a4b67d59af5c39a7a88d96e7
images/images/video-off.png	SAMPLES/icons-VegesEffects/named_png/images/images/video-off.png	3950223	1569	16	16	7159a515586f638772fb054143df6b5ea262b238
images/images/align-left-hover@2x.png	SAMPLES/icons-VegesEffects/named_png/images/images/align-left-hover@2x.png	1387884	982	32	32	e6c6b0d60ba1d6e37e03fa7f2d7f5ddf9d8d0949
images/images/bottom-disabled@2x.png	SAMPLES/icons-VegesEffects/named_png/images/images/bottom-disabled@2x.png	1421352	1012	32	32	d1f716f80ff7d6c6b2cec1360b281ffcdc7bf53d
images/images/pipette-checked@2x.png	SAMPLES/icons-VegesEffects/named_png/images/images/pipette-checked@2x.png	3278459	1406	32	32	7aaa16c536e39aacfe903f9ecc0d1d7255f4b1bc
images/images/uppercase-hover.png	SAMPLES/icons-VegesEffects/named_png/images/images/uppercase-hover.png	3253217	1013	16	16	2848aeb101b7ae8277fbe48f196d9f6cb18c0df4
images/images/close-window-hover.png	SAMPLES/icons-VegesEffects/named_png/images/images/close-window-hover.png	5085259	1020	16	16	4ab8b0a9020c9a6c9c3f8e93c10c0e6502661712
images/images/close-circle-disabled.png	SAMPLES/icons-VegesEffects/named_png/images/images/close-circle-disabled.png	4050720	1257	16	16	5c1a8b359d2f54ff2be3406dba4db194e62c7cf2
images/images/batch-checked@2x.png	SAMPLES/icons-VegesEffects/named_png/images/images/batch-checked@2x.png	5071972	1205	32	32	dbf733f04220f53ff1c4c74ed12287e30ec25092
images/images/clipboard-copy@2x.png	SAMPLES/icons-VegesEffects/named_png/images/images/clipboard-copy@2x.png	4049293	1423	32	32	327232782e6194745afc896da10e0f6828344843
images/images/pipette-disabled@2x.png	SAMPLES/icons-VegesEffects/named_png/images/images/pipette-disabled@2x.png	4107211	1351	32	32	529b30fe638b428d7bc3fd5f97458a3e2d215889
images/images/roll-menu-checked@2x.png	SAMPLES/icons-VegesEffects/named_png/images/images/roll-menu-checked@2x.png	3083987	1108	32	32	d1af80df48783bc9a43d0c54b8a2df38f9a88811
images/images/print-canvas-disabled.png	SAMPLES/icons-VegesEffects/named_png/images/images/print-canvas-disabled.png	2958005	1241	16	16	93db7555ccec9f0d51ced0a49862dc96bff853e1
images/images/file-comp-preview-disabled@2x.png	SAMPLES/icons-VegesEffects/named_png/images/images/file-comp-preview-disabled@2x.png	4064068	1531	212	120	dc06237cd84da2242c5e794111f1d31c78123a7b
images/images/freehand-path-menu-checked.png	SAMPLES/icons-VegesEffects/named_png/images/images/freehand-path-menu-checked.png	3702491	1213	16	16	e11b3ab7e4d5db49bb4d2f6b275b75bab276c7f6
images/images/cursor-slice-disabled@2x.png	SAMPLES/icons-VegesEffects/named_png/images/images/cursor-slice-disabled@2x.png	936483	1554	64	64	76946e6b131e23d4d5fc4b588798a86fe19b7508
images/images/slider-alpha-light-tile-disabled@2x.png	SAMPLES/icons-VegesEffects/named_png/images/images/slider-alpha-light-tile-disabled@2x.png	5018568	960	20	20	ab62a695f211e70985656e85c453fd63a658fd22
images/images/hand-hover.png	SAMPLES/icons-VegesEffects/named_png/images/images/hand-hover.png	3065321	1171	16	16	ad27d6adedf95e26e92c89fdc7f8a7dcf73ce041
images/images/caret-down@2x.png	SAMPLES/icons-VegesEffects/named_png/images/images/caret-down@2x.png	4714314	1115	32	32	1d16e4fb1509d7609a0624f5af7b43dbab77783a
images/images/add-container-north-checked@2x.png	SAMPLES/icons-VegesEffects/named_png/images/images/add-container-north-checked@2x.png	3344539	1202	64	128	c72f9204a64c997ab155dc1068b90e20aada4fb1
images/images/frame-first-disabled.png	SAMPLES/icons-VegesEffects/named_png/images/images/frame-first-disabled.png	5412140	1004	16	16	d2581a1bf8f659b745f99beb2bacc0f6da57583f
images/images/render-timeline-checked.png	SAMPLES/icons-VegesEffects/named_png/images/images/render-timeline-checked.png	3538356	1150	16	16	18152c1e9a029388f7b1f5f84e90e83b4996a2eb
images/images/check-only-hover.png	SAMPLES/icons-VegesEffects/named_png/images/images/check-only-hover.png	5194618	1027	16	16	83afcf84229682100e16f0cd9af109492947c279
images/images/slider-alpha-tile-hover.png	SAMPLES/icons-VegesEffects/named_png/images/images/slider-alpha-tile-hover.png	3949272	947	10	10	722698bbb7a7f0f4c1188a995d6b682560551c34
images/images/cursor-single-track-backward-checked@2x.png	SAMPLES/icons-VegesEffects/named_png/images/images/cursor-single-track-backward-checked@2x.png	4635425	1296	64	64	265f49ffc46b3a8b89776cb732b16e39d06a73dd
images/images/mask-star-checked.png	SAMPLES/icons-VegesEffects/named_png/images/images/mask-star-checked.png	3659420	1150	16	16	720a4c68b1a91848b6d8d2d707cfae38d362b797
images/images/portrait-checked@2x.png	SAMPLES/icons-VegesEffects/named_png/images/images/portrait-checked@2x.png	4881443	1117	32	32	f3366519836f58a745731ac2664077401be17b29
images/images/menu.png	SAMPLES/icons-VegesEffects/named_png/images/images/menu.png	1214162	968	16	16	a1a4a2919f64d6f89def71f61cbe09d869379340
images/images/blank-hover.png	SAMPLES/icons-VegesEffects/named_png/images/images/blank-hover.png	4115332	973	16	16	2447a52f3d464d04d83dff8619a8be2e7771b5dc
images/images/cursor-slip-hover.png	SAMPLES/icons-VegesEffects/named_png/images/images/cursor-slip-hover.png	3528294	1074	32	32	b0035c6dec2ca8f0ace7ffd84cebad0c46a3ce6c
images/images/transition-audio-checked.png	SAMPLES/icons-VegesEffects/named_png/images/images/transition-audio-checked.png	3414216	1212	16	16	42ca62de47528c1707210d7a9d3c69af12d1bc1c
images/images/top-right-checked@2x.png	SAMPLES/icons-VegesEffects/named_png/images/images/top-right-checked@2x.png	3007401	1002	32	32	a12a633f4ab907493a03c35c3086f6f448a40803
images/images/clipboard-cut-checked.png	SAMPLES/icons-VegesEffects/named_png/images/images/clipboard-cut-checked.png	5532680	1438	16	16	b903c2f88c61ca97cd0447a59f584481fd72d6cb
images/images/hud-move-checked@2x.png	SAMPLES/icons-VegesEffects/named_png/images/images/hud-move-checked@2x.png	5082936	1346	32	32	7295bb8df1ffb155351026de36a9507308948fff
images/images/text-center-justified-checked@2x.png	SAMPLES/icons-VegesEffects/named_png/images/images/text-center-justified-checked@2x.png	1321008	981	32	32	b3211c5bb54f42f5181482ab4bf2849e5ac86420
images/images/text-gap-before-paragraph-disabled@2x.png	SAMPLES/icons-VegesEffects/named_png/images/images/text-gap-before-paragraph-disabled@2x.png	3092840	1023	32	32	678ff95be1dce3b3c50640290f2ad56993babe95
images/images/dialog-information@2x.png	SAMPLES/icons-VegesEffects/named_png/images/images/dialog-information@2x.png	3216640	2050	64	64	65feb306a1180e5d338742bb446a7752def5e2f3
images/images/frame-first-checked.png	SAMPLES/icons-VegesEffects/named_png/images/images/frame-first-checked.png	3132412	998	16	16	275bdf32c2ff8c7cb97b869d86c74fe67071f7db
images/images/presets.png	SAMPLES/icons-VegesEffects/named_png/images/images/presets.png	4585424	968	16	16	0e3a31d2ca2356cbcb492bcd973fc81764fe4c87
images/images/magnify-search-disabled@2x.png	SAMPLES/icons-VegesEffects/named_png/images/images/magnify-search-disabled@2x.png	3018936	1648	32	32	8d05af810ba45d7986444b480e47107c52ee2dc9
images/images/black-checked.png	SAMPLES/icons-VegesEffects/named_png/images/images/black-checked.png	522891	956	16	16	eba012d3d11e2c2e8a5ab72d66a7db49d9ebbc15
images/images/blank-checked.png	SAMPLES/icons-VegesEffects/named_png/images/images/blank-checked.png	5493796	973	16	16	d8b2676db1da21b09aa674b1a651bfa683892881
images/images/pointer-hover@2x.png	SAMPLES/icons-VegesEffects/named_png/images/images/pointer-hover@2x.png	414162	1414	32	32	b3ab0df4eb2614e8e5f6a7dfc0e12bfd6515f2d7
images/images/freehand-path-menu-hover@2x.png	SAMPLES/icons-VegesEffects/named_png/images/images/freehand-path-menu-hover@2x.png	1408238	1425	32	32	2b01810eca13ed0e17f0cb8a7bad957744f004a3
images/images/zoom-max-hover@2x.png	SAMPLES/icons-VegesEffects/named_png/images/images/zoom-max-hover@2x.png	3026144	1122	32	32	8e7af84055caceeba90213171685766e9d4580c8
images/images/zoom-min-hover@2x.png	SAMPLES/icons-VegesEffects/named_png/images/images/zoom-min-hover@2x.png	3351169	1060	32	32	b212b59713ab8df4385b291ac45a0e69ef82c31d
images/images/dialog-question-hover@2x.png	SAMPLES/icons-VegesEffects/named_png/images/images/dialog-question-hover@2x.png	1029957	1924	64	64	e080c4fe5c59b774cd505fba69cf46bd506d7df3
images/images/solid-layer-checked@2x.png	SAMPLES/icons-VegesEffects/named_png/images/images/solid-layer-checked@2x.png	5076627	1043	32	32	f555cf6f75f77fd9b774217938f922b3e0594ff9
images/images/mask-asymmetrical-handle@2x.png	SAMPLES/icons-VegesEffects/named_png/images/images/mask-asymmetrical-handle@2x.png	4638959	1362	32	32	2c99fb9cb4175d0f9b4b0d757193ea3d5cdb8f57
images/images/transition-audio-hover.png	SAMPLES/icons-VegesEffects/named_png/images/images/transition-audio-hover.png	4718758	1186	16	16	777fa6a8ac017658c3cee496be2b7daa308d6be7
images/images/control-point-disabled@2x.png	SAMPLES/icons-VegesEffects/named_png/images/images/control-point-disabled@2x.png	4468308	321	32	32	e82df03acb551038e27e7fc55d427cc82602079d
images/images/crosshair-black-checked.png	SAMPLES/icons-VegesEffects/named_png/images/images/crosshair-black-checked.png	2729745	673	16	16	e2e9fd59ab9a5bbe1fed30fdd4616cec9f8030ce
images/images/letter-spacing-checked@2x.png	SAMPLES/icons-VegesEffects/named_png/images/images/letter-spacing-checked@2x.png	4084197	1315	32	32	50c97c8cfa58ecd203b64978c4fecb16badb367f
images/images/clock-checked.png	SAMPLES/icons-VegesEffects/named_png/images/images/clock-checked.png	3687099	1421	16	16	737b04013a8de33eec6e913226515522981d5695
images/images/action-ignore-disabled@2x.png	SAMPLES/icons-VegesEffects/named_png/images/images/action-ignore-disabled@2x.png	3294337	1797	64	64	49f0882a724895b34dbccda6f05a6de1991fe5e8
images/images/text-bottom-indent-hover@2x.png	SAMPLES/icons-VegesEffects/named_png/images/images/text-bottom-indent-hover@2x.png	4885603	1068	32	32	a72bcc6cad3aab78128ffa9b5175299f22d90824
images/images/septagon-outline-hover@2x.png	SAMPLES/icons-VegesEffects/named_png/images/images/septagon-outline-hover@2x.png	4662960	1305	32	32	90cd271a6eef5d4af0c04105f4f21cf5446e9012
images/images/edit-insert.png	SAMPLES/icons-VegesEffects/named_png/images/images/edit-insert.png	3730352	1022	16	16	1a59ea782fd1713fc8c43a8c0ec0ea0d8b7721e2
images/images/dialog-critical-hover@2x.png	SAMPLES/icons-VegesEffects/named_png/images/images/dialog-critical-hover@2x.png	1331978	1695	64	64	44baeea12a33c31461f482b84dc5b0244a0fb998
images/images/stretch-checked@2x.png	SAMPLES/icons-VegesEffects/named_png/images/images/stretch-checked@2x.png	2953600	1206	32	32	431d8453891cb70a9426f7a752b3dfbf5344b73a
images/images/animation-graph-checked@2x.png	SAMPLES/icons-VegesEffects/named_png/images/images/animation-graph-checked@2x.png	3301	1090	32	32	07745808698a5e626d84432ffefc132dc886b7c1
images/images/caret-right.png	SAMPLES/icons-VegesEffects/named_png/images/images/caret-right.png	4090646	1040	16	16	6051c9651f357d2aa371238ef8d092f0d8619933
images/images/nonagon-outline-hover.png	SAMPLES/icons-VegesEffects/named_png/images/images/nonagon-outline-hover.png	4199338	1169	16	16	1fbcca617378ef6e5a78d8f17993bbe87d6219a1
images/images/mask-complete-path-checked.png	SAMPLES/icons-VegesEffects/named_png/images/images/mask-complete-path-checked.png	1195009	1283	16	16	290bd4ed65e0fdafcdf3bd05fa5fb51dbdeee9ca
images/images/effect-geometry-plugin-hover@2x.png	SAMPLES/icons-VegesEffects/named_png/images/images/effect-geometry-plugin-hover@2x.png	3866522	1183	32	32	9786c70450fffbd306130748478ec08323d3f59f
images/images/reset@2x.png	SAMPLES/icons-VegesEffects/named_png/images/images/reset@2x.png	5211913	1582	32	32	24050c6fae298f3b76ebd61db3e09c59710502a2
images/images/cursor-resize-left-hover@2x.png	SAMPLES/icons-VegesEffects/named_png/images/images/cursor-resize-left-hover@2x.png	5272635	1452	64	64	4c051331e4a021865309582c07ddbc2d4d537dfb
images/images/right@2x.png	SAMPLES/icons-VegesEffects/named_png/images/images/right@2x.png	509076	1003	32	32	f5e4098516a68009853cce5bc64f70f4e87c8588
images/images/new-composite-shot@2x.png	SAMPLES/icons-VegesEffects/named_png/images/images/new-composite-shot@2x.png	3336282	1328	64	64	9933b753a3f14ae469a5905ad20c138b2ba4b9d2
images/images/list-sort-desc.png	SAMPLES/icons-VegesEffects/named_png/images/images/list-sort-desc.png	5110040	1150	16	16	76ab4f82107ded9f6ea0d5684f979640c84d5151
images/images/cursor-slide-disabled@2x.png	SAMPLES/icons-VegesEffects/named_png/images/images/cursor-slide-disabled@2x.png	4395	1292	64	64	96061e7cabc80e2ca7abcd6d1917b383e05402ab
images/images/three-d@2x.png	SAMPLES/icons-VegesEffects/named_png/images/images/three-d@2x.png	3688524	1146	32	32	c110c9648f1ec644acd6b4013df901d585448754
images/images/letter-scaling-vertical-checked@2x.png	SAMPLES/icons-VegesEffects/named_png/images/images/letter-scaling-vertical-checked@2x.png	3816298	1318	32	32	6641e6d5579afe9e5f87686732a65d0b2003d1b8
images/images/camera-orbit-hover.png	SAMPLES/icons-VegesEffects/named_png/images/images/camera-orbit-hover.png	3215516	1120	16	16	175a382ccd5630e62b518c969dc8fd36287fae96
images/images/render-timeline-disabled.png	SAMPLES/icons-VegesEffects/named_png/images/images/render-timeline-disabled.png	3125608	1236	16	16	79e8afc0d7419071ba0db1ff0e64acd29748dc58
images/images/cursor-ripple-left.png	SAMPLES/icons-VegesEffects/named_png/images/images/cursor-ripple-left.png	4440199	1382	32	32	d75d96a6a5bb23e0280c8d55129ebfa484ead417
images/images/file-hover.png	SAMPLES/icons-VegesEffects/named_png/images/images/file-hover.png	5098520	1027	16	16	152f13c8934f765f182fdf7d16df3c8b65e24ed1
images/images/pause.png	SAMPLES/icons-VegesEffects/named_png/images/images/pause.png	3088359	962	16	16	2cf6f277fbbaaaf3333622180ea6cf8420dee390
images/images/layout-canvas-bottom-checked@2x.png	SAMPLES/icons-VegesEffects/named_png/images/images/layout-canvas-bottom-checked@2x.png	2790144	1029	32	32	7b32c357c8ebd36328d054dd3cd128ad7dedecb9
images/images/add-composite-shot-hover@2x.png	SAMPLES/icons-VegesEffects/named_png/images/images/add-composite-shot-hover@2x.png	4068819	1149	32	32	09441888570c1aa30739f7acac4c4293394a6921
images/images/text-center-align-checked.png	SAMPLES/icons-VegesEffects/named_png/images/images/text-center-align-checked.png	1299405	963	16	16	809d6d9e3c5eeb4b3de452d2a557453e105ceabb
images/images/pan-and-zoom-disabled.png	SAMPLES/icons-VegesEffects/named_png/images/images/pan-and-zoom-disabled.png	122125	1058	16	16	1cf72a94b7b453a400c5618169531fb8b3eddb6a
images/images/eraser-checked@2x.png	SAMPLES/icons-VegesEffects/named_png/images/images/eraser-checked@2x.png	145642	955	32	32	9e21d8cb8afa4ce0c6f39fab0214c0858f43de6d
images/images/reset-checked@2x.png	SAMPLES/icons-VegesEffects/named_png/images/images/reset-checked@2x.png	433942	1582	32	32	d8a48a304f3a4769253d139e98b9e05d842f3cb4
images/images/checkbox-mixed@2x.png	SAMPLES/icons-VegesEffects/named_png/images/images/checkbox-mixed@2x.png	3856533	1003	32	32	aca43c1e818f4ecee36c35715ad4467947c39953
images/images/track-select-forward-checked.png	SAMPLES/icons-VegesEffects/named_png/images/images/track-select-forward-checked.png	906274	1052	16	16	bc63d4c532a50e800c2910ab812a17017a4e9a56
images/images/text-left-align-disabled@2x.png	SAMPLES/icons-VegesEffects/named_png/images/images/text-left-align-disabled@2x.png	3885013	1003	32	32	aabd75f145e185669701fd16d229786dead60a5c
images/images/stop-ram-hover@2x.png	SAMPLES/icons-VegesEffects/named_png/images/images/stop-ram-hover@2x.png	967054	1187	32	32	280af9a568202a6eafa68477c889f9d64cc7055c
images/images/material-toggle-disabled.png	SAMPLES/icons-VegesEffects/named_png/images/images/material-toggle-disabled.png	4098055	1147	16	16	142e8284d9650e25a6bfc5b9ea10859b8e4b770d
images/images/layout-4-checked@2x.png	SAMPLES/icons-VegesEffects/named_png/images/images/layout-4-checked@2x.png	241720	979	32	32	b8688b06d581d6815f8dc5dc9ecf58b4fc1eb333
images/images/mirror-horizontal-disabled.png	SAMPLES/icons-VegesEffects/named_png/images/images/mirror-horizontal-disabled.png	1178063	1093	16	16	6050286824c17f1e51b6c86e014594af10dd4dd0
images/images/auto.png	SAMPLES/icons-VegesEffects/named_png/images/images/auto.png	4380185	1294	38	16	327051cf571403cf8f650945f580bf043d87232b
images/images/layout-2-checked@2x.png	SAMPLES/icons-VegesEffects/named_png/images/images/layout-2-checked@2x.png	5077674	978	32	32	81e5d13810b8846b9ce6af02ddf1000b3dd50251
images/images/freehand-path-hover@2x.png	SAMPLES/icons-VegesEffects/named_png/images/images/freehand-path-hover@2x.png	5580346	1425	32	32	30ee54cfe5c4b8a62f432074ae1b677d5045c47d
images/images/layout-1-checked@2x.png	SAMPLES/icons-VegesEffects/named_png/images/images/layout-1-checked@2x.png	4695078	974	32	32	cc077a8bb5f60dd78a8b1a9a5a76c7ff7d849eb0
images/images/bottom-right-disabled.png	SAMPLES/icons-VegesEffects/named_png/images/images/bottom-right-disabled.png	5081940	992	16	16	e65b67b1e45b72476fc20e350155efaaf197e4f3
images/images/graph-curve-up-hover.png	SAMPLES/icons-VegesEffects/named_png/images/images/graph-curve-up-hover.png	1339462	1074	16	16	803ec5a30a14e9030237b538473719770af8c1bd
images/images/slip-menu-hover.png	SAMPLES/icons-VegesEffects/named_png/images/images/slip-menu-hover.png	3585515	1040	16	16	05881efc18f31136dffed6784ea2db533fcc8db5
images/images/font-outline-color@2x.png	SAMPLES/icons-VegesEffects/named_png/images/images/font-outline-color@2x.png	5301371	1329	32	32	113010d5ffc247984f472fb95478ebb2483cad1c
images/images/key-frame-easy-ease-hover@2x.png	SAMPLES/icons-VegesEffects/named_png/images/images/key-frame-easy-ease-hover@2x.png	2874097	1131	32	32	411dc2593229aaca54bacc5f644bd2deae84788f
images/images/cursor-ripple-right-checked@2x.png	SAMPLES/icons-VegesEffects/named_png/images/images/cursor-ripple-right-checked@2x.png	181625	1587	64	64	abf729d83bc52629ce02f79418fdced538f45217
images/images/point-white-hover@2x.png	SAMPLES/icons-VegesEffects/named_png/images/images/point-white-hover@2x.png	4987161	984	32	32	c02f5e04ede14072d59a3ef446cc98d3028b2e0c
images/images/transform-rotate.png	SAMPLES/icons-VegesEffects/named_png/images/images/transform-rotate.png	4274499	1305	16	16	0ee9dbb6c7df74eba72fcf9e538defcc650cf9de
images/images/bottom-left.png	SAMPLES/icons-VegesEffects/named_png/images/images/bottom-left.png	3704984	1032	16	16	b9788a2c90788c77abfa276adcb54a36dfc0b07b
images/images/effect-audio-checked.png	SAMPLES/icons-VegesEffects/named_png/images/images/effect-audio-checked.png	1227484	1123	16	16	46f726123dcd62d8bd4da1fed905702afc3fa19f
images/images/hendecagon-outline-checked@2x.png	SAMPLES/icons-VegesEffects/named_png/images/images/hendecagon-outline-checked@2x.png	3003196	1359	32	32	a40476beade32bdc157ac5e687dd6cf435c7bd17
images/images/search-checked@2x.png	SAMPLES/icons-VegesEffects/named_png/images/images/search-checked@2x.png	5042974	1710	32	32	01289b16eb6c84a67988b0e0251f487813f004a7
images/images/minimized-window.png	SAMPLES/icons-VegesEffects/named_png/images/images/minimized-window.png	4574640	957	16	16	4a430deffa692f88af5f24ba42669a8148cbf587
images/images/template-hover.png	SAMPLES/icons-VegesEffects/named_png/images/images/template-hover.png	3608936	1027	16	16	9dc37dd931f39a48f854d74406f1f220cad17194
images/images/square-outline-disabled@2x.png	SAMPLES/icons-VegesEffects/named_png/images/images/square-outline-disabled@2x.png	5436828	1160	32	32	b91193a54e99176076a888826f1e4ca7c1bb5770
images/images/dodecagon-outline-checked@2x.png	SAMPLES/icons-VegesEffects/named_png/images/images/dodecagon-outline-checked@2x.png	5039367	1322	32	32	1b3b43144d85b5680ede20c59b545f01fbf8a8ca
images/images/mask-star-disabled.png	SAMPLES/icons-VegesEffects/named_png/images/images/mask-star-disabled.png	3918733	1235	16	16	aab3b013f0eed5384a17bfca21a16b6c95dd5011
images/images/clipboard-paste-disabled@2x.png	SAMPLES/icons-VegesEffects/named_png/images/images/clipboard-paste-disabled@2x.png	273504	1359	32	32	5533cfabd5280bffd4f3f079fd84497de5248245
images/images/cursor-ripple-left-disabled.png	SAMPLES/icons-VegesEffects/named_png/images/images/cursor-ripple-left-disabled.png	5144116	1333	32	32	659777c0d343cd69d1bcdf33bb84e603a784cf68
images/images/key-frame-next-hover.png	SAMPLES/icons-VegesEffects/named_png/images/images/key-frame-next-hover.png	2727331	1011	16	16	0e2c66a35ef8b633bcf39b4066df45f5e5deda64
images/images/text-middle-align-disabled.png	SAMPLES/icons-VegesEffects/named_png/images/images/text-middle-align-disabled.png	5182531	1026	16	16	de8b998a183f9deeff4ee813836f70926d3a0dbd
images/images/export-canvas@2x.png	SAMPLES/icons-VegesEffects/named_png/images/images/export-canvas@2x.png	3545324	1097	32	32	27892c745507d5290fb2f85825732a66e5560dc2
images/images/cursor-stretch-right-checked@2x.png	SAMPLES/icons-VegesEffects/named_png/images/images/cursor-stretch-right-checked@2x.png	366625	1587	64	64	67eb0faeaedeea19a0c2afd137e0fb800835fb17
images/images/white-caret-checked.png	SAMPLES/icons-VegesEffects/named_png/images/images/white-caret-checked.png	3105596	980	16	16	315d042442bbe8e570bac8d2260b8403c175508a
images/images/effect-behavior-plugin-checked.png	SAMPLES/icons-VegesEffects/named_png/images/images/effect-behavior-plugin-checked.png	317236	1213	16	16	92e993682ab343c87a6042caaf888d07c1da792f
images/images/image-layer-hover@2x.png	SAMPLES/icons-VegesEffects/named_png/images/images/image-layer-hover@2x.png	80964	1646	32	32	ceb85daa9003960e45cc2ee0e27b8ce0ba77a7c5
images/images/smooth-disabled.png	SAMPLES/icons-VegesEffects/named_png/images/images/smooth-disabled.png	4010801	1042	16	16	a21906daba41c8ffda9346dac13854c37092d31b
images/images/key-frame-empty-checked@2x.png	SAMPLES/icons-VegesEffects/named_png/images/images/key-frame-empty-checked@2x.png	3482511	1239	32	32	0e342c6e5eca3f006d1257b3ba7c298c7d552b32
images/images/mask-break-path-hover@2x.png	SAMPLES/icons-VegesEffects/named_png/images/images/mask-break-path-hover@2x.png	4705010	1360	32	32	5095742b8bc6363fd409ee7bbcfaf115ff4449e0
images/images/point-white-hover.png	SAMPLES/icons-VegesEffects/named_png/images/images/point-white-hover.png	1022698	958	16	16	79a0365032d308f9f1bf200fba06e1573c1ac883
images/images/cursor-all-track-forward-hover@2x.png	SAMPLES/icons-VegesEffects/named_png/images/images/cursor-all-track-forward-hover@2x.png	5303881	1605	64	64	4c8be43b12bcb201f293a169fde0c22199c011c2
images/images/large-microphone@2x.png	SAMPLES/icons-VegesEffects/named_png/images/images/large-microphone@2x.png	4944361	1477	64	64	80d7891ca2f6db39a676cc9db0845af951c11f5f
images/images/slide@2x.png	SAMPLES/icons-VegesEffects/named_png/images/images/slide@2x.png	3131303	1105	32	32	6cdf7688570a2d8e35f2d90d3333497e20eb57ac
images/images/slice@2x.png	SAMPLES/icons-VegesEffects/named_png/images/images/slice@2x.png	5298959	1406	32	32	cd20b112d2db68b7f96ed3012a29a70df52dc676
images/images/layout-canvas-left-disabled@2x.png	SAMPLES/icons-VegesEffects/named_png/images/images/layout-canvas-left-disabled@2x.png	101346	1038	32	32	1682b8451f6808ea223b3d21fee02984bf16e7f4
images/images/pentagon-outline-hover@2x.png	SAMPLES/icons-VegesEffects/named_png/images/images/pentagon-outline-hover@2x.png	3879312	1308	32	32	8a81ca225bd8273fe7a9b0f6034481233b10acf9
images/images/text-right-align-hover.png	SAMPLES/icons-VegesEffects/named_png/images/images/text-right-align-hover.png	2750618	963	16	16	cd2f77e508845b4a9d551df5bdf7f6fbab3ad50c
images/images/make-composite-hover.png	SAMPLES/icons-VegesEffects/named_png/images/images/make-composite-hover.png	5513310	991	16	16	a8acaf863b0635cc22ac4e938baffea61bff13ea
images/images/key-frame-ease-out-hover@2x.png	SAMPLES/icons-VegesEffects/named_png/images/images/key-frame-ease-out-hover@2x.png	3449007	1125	32	32	6cf58649db792067684584001cc4d6d7d1014c16
images/images/gradient-stop@2x.png	SAMPLES/icons-VegesEffects/named_png/images/images/gradient-stop@2x.png	520801	1101	32	32	d76ccb6cc1a23fe1735833c952ff55f656217eb6
images/images/top-disabled@2x.png	SAMPLES/icons-VegesEffects/named_png/images/images/top-disabled@2x.png	222141	1012	32	32	4755bc4e01d16a374c87e448f1f64ecb8c162fbf
images/images/export-content-checked.png	SAMPLES/icons-VegesEffects/named_png/images/images/export-content-checked.png	3160431	984	16	16	9e864330652cde757d685136b8a3174c47de5cf0
images/images/two-d@2x.png	SAMPLES/icons-VegesEffects/named_png/images/images/two-d@2x.png	4014991	1002	32	32	4f744e0801a406eafc0c30c11dee23b69d7aba96
images/images/text-right-indent-disabled@2x.png	SAMPLES/icons-VegesEffects/named_png/images/images/text-right-indent-disabled@2x.png	3224138	1091	32	32	bd8b00fe9ca0270f74640fa41c190be574f0dd76
images/images/mask-inverted.png	SAMPLES/icons-VegesEffects/named_png/images/images/mask-inverted.png	3277303	1152	16	16	d8e0be3e35d9d7091b3c6b2c68e8992d7d6b098e
images/images/effect-3d-particle@2x.png	SAMPLES/icons-VegesEffects/named_png/images/images/effect-3d-particle@2x.png	3621600	1468	32	32	e0f3d326fcf32995313bdd206660250644c7ce3b
images/images/motion-blur@2x.png	SAMPLES/icons-VegesEffects/named_png/images/images/motion-blur@2x.png	2768319	1480	32	32	ad671428852aeba05718684772a7746c4043ab8e
images/images/smooth-out-disabled.png	SAMPLES/icons-VegesEffects/named_png/images/images/smooth-out-disabled.png	4701119	1038	16	16	abcfb2c2ebbb69903df230b2b62c9c38c274fc46
images/images/decagon-outline-checked@2x.png	SAMPLES/icons-VegesEffects/named_png/images/images/decagon-outline-checked@2x.png	3938579	1268	32	32	5a7877ef4313ac936ad63ab0a78d8d91c4724fdc
images/images/align-bottom-disabled@2x.png	SAMPLES/icons-VegesEffects/named_png/images/images/align-bottom-disabled@2x.png	1347718	998	32	32	fadccc25f0da807f4fa0c701ddf6994d0a65aed8
images/images/mask-add-point@2x.png	SAMPLES/icons-VegesEffects/named_png/images/images/mask-add-point@2x.png	5393930	1320	32	32	c93c904c2876c9b06298d4f0b7f8bfe99caf81d8
images/images/camera-orbit-point-hover.png	SAMPLES/icons-VegesEffects/named_png/images/images/camera-orbit-point-hover.png	1240526	1125	16	16	92b76b88df9d8d77e8271cb2ca37d6afc77bc468
images/images/roll-menu@2x.png	SAMPLES/icons-VegesEffects/named_png/images/images/roll-menu@2x.png	5068705	1136	32	32	391bf98204d32d0d53e254b7e4611f1ce8c2b66f
images/images/key-frame-off-checked.png	SAMPLES/icons-VegesEffects/named_png/images/images/key-frame-off-checked.png	911891	1134	16	16	0ebc0e0344539e6c845217f591dcb1053b98df34
images/images/hand-menu@2x.png	SAMPLES/icons-VegesEffects/named_png/images/images/hand-menu@2x.png	4276910	1353	32	32	0b3b73c765b0522a0b6feb6ea0c101ed745a0dc5
images/images/stop-ram-disabled.png	SAMPLES/icons-VegesEffects/named_png/images/images/stop-ram-disabled.png	0	1095	16	16	94c6020e48877995c34eeb618fd47d72057d2416
images/images/material-toggle-hover@2x.png	SAMPLES/icons-VegesEffects/named_png/images/images/material-toggle-hover@2x.png	4769309	1204	32	32	c951087b59275c4d11f2f43c3292d447a440256e
images/images/adjustment-layer-disabled@2x.png	SAMPLES/icons-VegesEffects/named_png/images/images/adjustment-layer-disabled@2x.png	3964905	1267	32	32	2135d8d93da65d0a9511a73b9cfca21575b27033
images/images/smallcaps-checked.png	SAMPLES/icons-VegesEffects/named_png/images/images/smallcaps-checked.png	5111194	1004	16	16	9e64e6bcdc44a681eab6a50773e5bf8fc381748f
images/images/add-container-south-checked@2x.png	SAMPLES/icons-VegesEffects/named_png/images/images/add-container-south-checked@2x.png	896449	1202	64	128	9d115803d2e1f86ef785bd2f4a73f05395c09408
images/images/camera-fov.png	SAMPLES/icons-VegesEffects/named_png/images/images/camera-fov.png	3310371	1491	32	32	fd5c8a56afb5dcc8c6504fe7981ac70d51e28b90
images/images/hud-move@2x.png	SAMPLES/icons-VegesEffects/named_png/images/images/hud-move@2x.png	969278	1346	32	32	4c8cd052cf363d20c8f8247b97784b24fb9a2263
images/images/mirror-horizontal-hover@2x.png	SAMPLES/icons-VegesEffects/named_png/images/images/mirror-horizontal-hover@2x.png	3000789	1177	32	32	fdc7fd3d19d49da6cbfa5f89a037134115fa4142
images/images/freehand-path-disabled.png	SAMPLES/icons-VegesEffects/named_png/images/images/freehand-path-disabled.png	1486601	1198	16	16	7d2009ae18aa6ac296c25ef2d7f4bf520a36dcf8
images/images/export-canvas-checked@2x.png	SAMPLES/icons-VegesEffects/named_png/images/images/export-canvas-checked@2x.png	4067745	1070	32	32	e6d40159cf1195a758bb476692f4310d30be13ad
images/images/bottom-right-hover@2x.png	SAMPLES/icons-VegesEffects/named_png/images/images/bottom-right-hover@2x.png	136610	1004	32	32	767853d6ed205491f24f713006d2c367d4a7bae5
images/images/font-size@2x.png	SAMPLES/icons-VegesEffects/named_png/images/images/font-size@2x.png	5388984	1325	32	32	f8ed43d2ba85a7ac93913f8eb125e04044237c2a
images/images/folder-open-large-hover.png	SAMPLES/icons-VegesEffects/named_png/images/images/folder-open-large-hover.png	4484055	1237	64	64	bf927676133b81c5eea396cd80c10834bda0eb2e
images/images/curves-s-disabled@2x.png	SAMPLES/icons-VegesEffects/named_png/images/images/curves-s-disabled@2x.png	1449255	1242	32	32	792493378e7b2fee4b1820d2c190d6b5764a3a12
images/images/key-frame-easy-ease-disabled.png	SAMPLES/icons-VegesEffects/named_png/images/images/key-frame-easy-ease-disabled.png	1042469	1042	16	16	063d5cec8b9c1ab97a15b8f997d4d919ab43e38a
images/images/point-white-disabled.png	SAMPLES/icons-VegesEffects/named_png/images/images/point-white-disabled.png	4316993	960	16	16	b51f057411cf052dc18363b122a972f8f96edf01
images/images/constant.png	SAMPLES/icons-VegesEffects/named_png/images/images/constant.png	3584543	968	16	16	d803ddfc52386c141035c40c7cece309235a6c14
images/images/file-3d-animation-preview-checked@2x.png	SAMPLES/icons-VegesEffects/named_png/images/images/file-3d-animation-preview-checked@2x.png	4254930	2927	212	120	6b271ab36d7942ed1e12c0cf3b05c9ce198dae40
images/images/bezier-checked@2x.png	SAMPLES/icons-VegesEffects/named_png/images/images/bezier-checked@2x.png	4455240	1164	32	32	93e7e66394e4b29e4ad3c33eaf03c20ccf2bc124
images/images/font-color-checked@2x.png	SAMPLES/icons-VegesEffects/named_png/images/images/font-color-checked@2x.png	3741823	1181	32	32	50c3a891f281185e0cfe7e9861f5b2495a73d7e8
images/images/most-used@2x.png	SAMPLES/icons-VegesEffects/named_png/images/images/most-used@2x.png	5453497	991	32	32	c0eb7a3ed9bc16b0b1d131b6b850b19fcb91560b
images/images/effect-geometry-plugin-disabled.png	SAMPLES/icons-VegesEffects/named_png/images/images/effect-geometry-plugin-disabled.png	3256450	1108	16	16	7acc2ebd8d9fe6ab5f02094f5885391be4594a3b
images/images/file-video-disabled@2x.png	SAMPLES/icons-VegesEffects/named_png/images/images/file-video-disabled@2x.png	5190093	1172	32	32	6c811566a4c92c8d393785c7173870c7ea07b62b
images/images/cursor-resize-left-disabled.png	SAMPLES/icons-VegesEffects/named_png/images/images/cursor-resize-left-disabled.png	4642838	1248	32	32	594945879d4f323108b22d3c86bdf1fd1e3604c4
images/images/mask-intersect@2x.png	SAMPLES/icons-VegesEffects/named_png/images/images/mask-intersect@2x.png	5159349	1000	32	32	a0a32b3e6e77bc6025eaa42616a92e54e5710406
images/images/vegas-image-new-file-checked.png	SAMPLES/icons-VegesEffects/named_png/images/images/vegas-image-new-file-checked.png	4322618	1133	16	16	5dba54a39a4abdbf00f4623a30c6cc2c4e0ada5a
images/images/stretch-checked.png	SAMPLES/icons-VegesEffects/named_png/images/images/stretch-checked.png	230849	1087	16	16	61db08889932f83d36068eee754658c8e659f542
images/images/key-frame-previous-checked.png	SAMPLES/icons-VegesEffects/named_png/images/images/key-frame-previous-checked.png	4387686	1006	16	16	d9f2d12bc69e40bfff1778a8b5c26e1bdc859bd4
images/images/grid-hover.png	SAMPLES/icons-VegesEffects/named_png/images/images/grid-hover.png	4786740	1099	16	16	1224ccf90fd8bc3fa150c99cf03178160d92f187
images/images/browser-forward-checked.png	SAMPLES/icons-VegesEffects/named_png/images/images/browser-forward-checked.png	2776744	1042	16	16	885a19112701bab3b225f2e3e716f8b74eccee9e
images/images/checkbox-checked.png	SAMPLES/icons-VegesEffects/named_png/images/images/checkbox-checked.png	3477568	1107	16	16	9aab23129346741abe3cffb482386c1f2fcd8228
images/images/render-timeline-hover@2x.png	SAMPLES/icons-VegesEffects/named_png/images/images/render-timeline-hover@2x.png	3692569	1344	32	32	99840e1b6cf78ef485c7691431005d5c0d91abee
images/images/layout-2-1-disabled@2x.png	SAMPLES/icons-VegesEffects/named_png/images/images/layout-2-1-disabled@2x.png	3189114	997	32	32	d5aaa25583efc504d7d3c2db711a7a100c8d310d
images/images/list-sort-desc-checked.png	SAMPLES/icons-VegesEffects/named_png/images/images/list-sort-desc-checked.png	4929983	1134	16	16	59606180c4022662dc387cf97431c0cfddd91761
images/images/panel-expander-hover.png	SAMPLES/icons-VegesEffects/named_png/images/images/panel-expander-hover.png	2752542	968	16	16	e28b243cd7eec93cb19f50b713ae4988fcf493d2
images/images/hud-zoom@2x.png	SAMPLES/icons-VegesEffects/named_png/images/images/hud-zoom@2x.png	4711040	1666	32	32	21b5cd3fc1c12c26988a084c467192e3e5b1db82
images/images/add-composite-shot-disabled.png	SAMPLES/icons-VegesEffects/named_png/images/images/add-composite-shot-disabled.png	3442449	1107	16	16	6c36ea765bfa86eb21beff66812cd0fb0015d156
images/images/pan-and-zoom-hover@2x.png	SAMPLES/icons-VegesEffects/named_png/images/images/pan-and-zoom-hover@2x.png	4508864	1097	32	32	19935caa58abe48ae4195bf5ffed4564783b2218
images/images/mask-rounded-rect-menu-hover.png	SAMPLES/icons-VegesEffects/named_png/images/images/mask-rounded-rect-menu-hover.png	2733145	1063	16	16	f2b5bcf538e1f97831da529da609cfdc886a10f5
images/images/close-circle.png	SAMPLES/icons-VegesEffects/named_png/images/images/close-circle.png	1371918	1317	16	16	00ef39cb6e1dfee5b0ab94ff177a1877d733ea5d
images/images/pre-render-complete-checked.png	SAMPLES/icons-VegesEffects/named_png/images/images/pre-render-complete-checked.png	4780847	1117	16	16	bffca1fb213a92365372c79153677b64316a68a3
images/images/pointer-menu-disabled@2x.png	SAMPLES/icons-VegesEffects/named_png/images/images/pointer-menu-disabled@2x.png	3035487	1463	32	32	e46f564da132012b9858174994f9740f2f5b1ce8
images/images/three-d-hover.png	SAMPLES/icons-VegesEffects/named_png/images/images/three-d-hover.png	5217978	1029	16	16	06c44376b29642aeae1687d9826172ec5e9354dd
images/images/distribute-top-checked@2x.png	SAMPLES/icons-VegesEffects/named_png/images/images/distribute-top-checked@2x.png	4500437	988	32	32	3011b80609275408b1005fd767c3ee980849cd2b
images/images/pentagon-outline-disabled.png	SAMPLES/icons-VegesEffects/named_png/images/images/pentagon-outline-disabled.png	3266889	1178	16	16	50d415a5fe755f6c151c501ff1b508488916ee29
images/images/add-container-east-checked@2x.png	SAMPLES/icons-VegesEffects/named_png/images/images/add-container-east-checked@2x.png	1211870	1162	128	64	754dec5d41b14fc40e20880dcdf3e2dc225ff7b2
images/images/dialog-question-checked.png	SAMPLES/icons-VegesEffects/named_png/images/images/dialog-question-checked.png	3535757	1542	32	32	5b6bb1b038dcd1c1a2b9d1c7ee6c3bc6d509c47a
images/images/key-frame-ease-out-disabled.png	SAMPLES/icons-VegesEffects/named_png/images/images/key-frame-ease-out-disabled.png	2888762	1038	16	16	3761870cbf079e865badea48fdb188f9d0df47a7
images/images/mirror-vertical-hover.png	SAMPLES/icons-VegesEffects/named_png/images/images/mirror-vertical-hover.png	4678517	1111	16	16	a4c86de1a5bd9215a109acd42c06f1e742b2d423
images/images/check-only-blue-hover.png	SAMPLES/icons-VegesEffects/named_png/images/images/check-only-blue-hover.png	4984014	1025	16	16	ab5ed106ca6a3e85cb0b2d255711d412f8682c7b
images/images/text-bottom-indent-disabled@2x.png	SAMPLES/icons-VegesEffects/named_png/images/images/text-bottom-indent-disabled@2x.png	5195649	1083	32	32	d8b422b3cedd2f64ad3ca4dd56589c289ff835f4
images/images/pause@2x.png	SAMPLES/icons-VegesEffects/named_png/images/images/pause@2x.png	3821090	983	32	32	c5f15575c0559e028e84f29d85e8beb6ea92aaa0
images/images/cursor-resize-invalid-checked@2x.png	SAMPLES/icons-VegesEffects/named_png/images/images/cursor-resize-invalid-checked@2x.png	1079431	1541	64	64	66fa4e84ad0f7c443fbb72ee93d6da2f67fa250e
images/images/layout-2-2-disabled@2x.png	SAMPLES/icons-VegesEffects/named_png/images/images/layout-2-2-disabled@2x.png	3405300	1010	32	32	bd6e5376bad68b5db0df6e67ef80a98c1a76348c
images/images/panel@2x.png	SAMPLES/icons-VegesEffects/named_png/images/images/panel@2x.png	3137803	1072	32	32	8177edc188e9fde0e491065586b0b2cb67ce68c7
images/images/hud-select.png	SAMPLES/icons-VegesEffects/named_png/images/images/hud-select.png	3293072	1261	16	16	682e7c7f7a0dfa68653d5de300f276b7a00f801c
images/images/missing-layer-checked@2x.png	SAMPLES/icons-VegesEffects/named_png/images/images/missing-layer-checked@2x.png	2986374	1202	32	32	35f8f4eb739c04813add669b5821cf761a3bdce1
images/images/cursor-ripple-invalid-checked@2x.png	SAMPLES/icons-VegesEffects/named_png/images/images/cursor-ripple-invalid-checked@2x.png	5439994	1656	64	64	5e84b21349ab22158b88f1237e69bf22959ac9a1
images/images/layout-left-disabled@2x.png	SAMPLES/icons-VegesEffects/named_png/images/images/layout-left-disabled@2x.png	1075231	1799	460	232	a9490fd8e5ef377c73ec4c5a8e25ccf8a36eb2ba
images/images/solid-layer@2x.png	SAMPLES/icons-VegesEffects/named_png/images/images/solid-layer@2x.png	3176467	1051	32	32	fb8d0ba40836c8025fc0beb00573383bd665f222
images/images/dialog-question-checked@2x.png	SAMPLES/icons-VegesEffects/named_png/images/images/dialog-question-checked@2x.png	2717923	1914	64	64	73f398bd33464db946d57d80e3dede5bf840bb1a
images/images/material-toggle-checked.png	SAMPLES/icons-VegesEffects/named_png/images/images/material-toggle-checked.png	3652458	1073	16	16	7d7ca18d3c0ac6a0749496ac47f67e236d888fd9
images/images/radio-unchecked-hover.png	SAMPLES/icons-VegesEffects/named_png/images/images/radio-unchecked-hover.png	4487765	1109	16	16	a0639ba361188ad1fc97abce95fa445cabaff522
images/images/key-frame-ease-out-checked@2x.png	SAMPLES/icons-VegesEffects/named_png/images/images/key-frame-ease-out-checked@2x.png	3898238	1125	32	32	4216b9ed9b034fa4c038089664857e0d72f4a1b1
images/images/save-hover.png	SAMPLES/icons-VegesEffects/named_png/images/images/save-hover.png	4154446	1125	16	16	10864b29b1525188f81a94160de9284ea30560d0
images/images/smooth-out-hover@2x.png	SAMPLES/icons-VegesEffects/named_png/images/images/smooth-out-hover@2x.png	5326741	1125	32	32	f1452e0f35bb76e9493ddf32790e837029ef8412
images/images/import-preset@2x.png	SAMPLES/icons-VegesEffects/named_png/images/images/import-preset@2x.png	3883858	1151	32	32	a9623cc7f81040bf5cac3cc8dbc1b03fa1703c22
images/images/mask-subtract-checked@2x.png	SAMPLES/icons-VegesEffects/named_png/images/images/mask-subtract-checked@2x.png	4966550	987	32	32	56fff051e0020969689bea1e4ffdf819e2fffe45
images/images/text-top-indent-disabled@2x.png	SAMPLES/icons-VegesEffects/named_png/images/images/text-top-indent-disabled@2x.png	153683	1077	32	32	efa54a8bd12ea49a071283f276361e0247c8f913
images/images/action-move-hover.png	SAMPLES/icons-VegesEffects/named_png/images/images/action-move-hover.png	5407453	1178	32	32	041f3b02a8cdf02af7038162d06a2ad5422e8e77
images/images/file-transition.png	SAMPLES/icons-VegesEffects/named_png/images/images/file-transition.png	5177710	1208	16	16	48eb5ead4641ca049e668365f449449c1006fe69
images/images/octagon-outline.png	SAMPLES/icons-VegesEffects/named_png/images/images/octagon-outline.png	117398	1174	16	16	7660964657b191c36ca7583cd5db6c2cb45b7466
images/images/mask-star-hover@2x.png	SAMPLES/icons-VegesEffects/named_png/images/images/mask-star-hover@2x.png	4549463	1366	32	32	c404d0c5db21184a4e5625eb026768176e10852a
images/images/slip-disabled@2x.png	SAMPLES/icons-VegesEffects/named_png/images/images/slip-disabled@2x.png	2809614	1139	32	32	778d394cd31c72e2954811e9ae0366d0fa952a21
images/images/cursor-ripple-left-hover@2x.png	SAMPLES/icons-VegesEffects/named_png/images/images/cursor-ripple-left-hover@2x.png	210971	1561	64	64	f12f445a1215bb04bf4493f1bf604b3a3f381937
images/images/font-outline-size-checked.png	SAMPLES/icons-VegesEffects/named_png/images/images/font-outline-size-checked.png	3625360	1196	16	16	eda59206a085b80b375b89a48fdf49cd34cef5f7
images/images/layout-distribute-between-horizontal-disabled@2x.png	SAMPLES/icons-VegesEffects/named_png/images/images/layout-distribute-between-horizontal-disabled@2x.png	5130353	998	32	32	612d9d1983a5c7bc91df0d5f7f06fa41c71bac53
images/images/text-middle-align-hover@2x.png	SAMPLES/icons-VegesEffects/named_png/images/images/text-middle-align-hover@2x.png	240593	1123	32	32	9a2cd9cbf37d25e878eda88d9b52a86d193c21c4
images/images/frame-in-checked@2x.png	SAMPLES/icons-VegesEffects/named_png/images/images/frame-in-checked@2x.png	2879874	1053	32	32	2592eb68c3b2b7a3fa0b20cfb9036f48d2f3ded4
images/images/pin-disabled@2x.png	SAMPLES/icons-VegesEffects/named_png/images/images/pin-disabled@2x.png	175366	1422	32	32	e6bcf9ccdccd8906433dbf23cf3f570156edce31
images/images/smooth-out-checked@2x.png	SAMPLES/icons-VegesEffects/named_png/images/images/smooth-out-checked@2x.png	4584295	1125	32	32	f4b73cfe407f3d784295c491df7f2b4c913cc100
images/images/underline-hover.png	SAMPLES/icons-VegesEffects/named_png/images/images/underline-hover.png	4097051	1000	16	16	b97be7ef92acf21de73b66c1f847857678b23a60
images/images/image-layer-disabled.png	SAMPLES/icons-VegesEffects/named_png/images/images/image-layer-disabled.png	5025559	1230	16	16	2018b1e2d37d125bc5ce44582f91c1ed960bf09e
images/images/smooth-hover@2x.png	SAMPLES/icons-VegesEffects/named_png/images/images/smooth-hover@2x.png	2913008	1131	32	32	a3000b0fecd029174ebbe241fcd7f5cbc35cb95c
images/images/graph-curve-down-checked@2x.png	SAMPLES/icons-VegesEffects/named_png/images/images/graph-curve-down-checked@2x.png	1053527	1146	32	32	1ca5f1fe7332c51f45f5e4e728d16dbc4d577b5b
images/images/key-frame-off-disabled@2x.png	SAMPLES/icons-VegesEffects/named_png/images/images/key-frame-off-disabled@2x.png	1027399	1338	32	32	73b3bf55a17cd2daa554776cdc135aa2b009bf11
images/images/vector-path-checked.png	SAMPLES/icons-VegesEffects/named_png/images/images/vector-path-checked.png	1077034	1060	16	16	82e62555e638c4a8377c797041fbd348ce23b362
images/images/landscape.png	SAMPLES/icons-VegesEffects/named_png/images/images/landscape.png	4396730	1045	16	16	efb3259f4f06aadd2c3ff05f62a7efa8fd996fb0
images/images/mask-break-path-disabled.png	SAMPLES/icons-VegesEffects/named_png/images/images/mask-break-path-disabled.png	291849	1294	16	16	4d7919f2dfb2f87e9da074cb36cf7a0a09148401
images/images/video-on-checked.png	SAMPLES/icons-VegesEffects/named_png/images/images/video-on-checked.png	3201832	1442	16	16	06acdc40c3f66eb1fe01c2016bb042351fc67796
images/images/color-wheel.png	SAMPLES/icons-VegesEffects/named_png/images/images/color-wheel.png	4726147	11438	100	100	cee1d58cdaaafb49edf4c7a8a9e01d6ae63bc464
images/images/file-offline-hover.png	SAMPLES/icons-VegesEffects/named_png/images/images/file-offline-hover.png	1413171	1189	16	16	a3a23a714cc9284a07b0be32d47d8b5614f1aa36
images/images/cursor-all-track-forward-disabled.png	SAMPLES/icons-VegesEffects/named_png/images/images/cursor-all-track-forward-disabled.png	4672334	1315	32	32	368a092398fadf9d33d4300d798ba1828c7da8b5
images/images/key-frame-full-hover.png	SAMPLES/icons-VegesEffects/named_png/images/images/key-frame-full-hover.png	562784	1118	16	16	11e8642c30004109d7b51f71ff81f02490d72c40
images/images/track-select-backward-checked.png	SAMPLES/icons-VegesEffects/named_png/images/images/track-select-backward-checked.png	3818838	1056	16	16	581b231c35032958c4f3ea7c37a6c78c4696a754
images/images/margin-left@2x.png	SAMPLES/icons-VegesEffects/named_png/images/images/margin-left@2x.png	1346715	999	32	32	357cce2cdd9074259da81d2df1c692c8578391e1
images/images/key-frame-empty-hover.png	SAMPLES/icons-VegesEffects/named_png/images/images/key-frame-empty-hover.png	4130156	1107	16	16	f840d298f64bc584bdd70777c1f58f685a3dbbfa
images/images/cursor-resize-right@2x.png	SAMPLES/icons-VegesEffects/named_png/images/images/cursor-resize-right@2x.png	4447839	1450	64	64	814bb74505c0cc5cade6bbba327bbc5a513c1513
images/images/browser-back-disabled.png	SAMPLES/icons-VegesEffects/named_png/images/images/browser-back-disabled.png	3062749	1101	16	16	ccaaf7be3459d3d45d201ec310931732665c62c3
images/images/folder-locked-hover.png	SAMPLES/icons-VegesEffects/named_png/images/images/folder-locked-hover.png	4529329	1169	16	16	a4bd7942a736b159fe5467ed816f25896542a557
images/images/checker-board-large.png	SAMPLES/icons-VegesEffects/named_png/images/images/checker-board-large.png	5232041	234	64	64	86182cfb9fff9dc6b207c929d6e9f3acce3170c1
images/images/mask-star-checked@2x.png	SAMPLES/icons-VegesEffects/named_png/images/images/mask-star-checked@2x.png	1086526	1366	32	32	04fca7451c577b6bd7cae2f1602fe83a841854f1
images/images/mask-bezier-handle-hover@2x.png	SAMPLES/icons-VegesEffects/named_png/images/images/mask-bezier-handle-hover@2x.png	3643491	1043	32	32	b1e32d35f346bdacc0a16c78d03d42a25be313f8
images/images/folder-locked@2x.png	SAMPLES/icons-VegesEffects/named_png/images/images/folder-locked@2x.png	1118371	1383	32	32	20252a41390d9d55d018ada51da96ea117a03b70
images/images/exclamation-double-disabled@2x.png	SAMPLES/icons-VegesEffects/named_png/images/images/exclamation-double-disabled@2x.png	3634668	1769	64	64	45d399a83f109b0d797286d66e6896fcfcb57129
images/images/exclamation-disabled.png	SAMPLES/icons-VegesEffects/named_png/images/images/exclamation-disabled.png	3698042	1177	16	16	b8ebb34a2c47f9e3feea19c29a345dd6c66432f7
images/images/camera-move-checked.png	SAMPLES/icons-VegesEffects/named_png/images/images/camera-move-checked.png	4877655	1072	32	32	3c29641533ce95e7a58ad59bc18e109b7d5d3283
images/images/clipboard-cut-hover@2x.png	SAMPLES/icons-VegesEffects/named_png/images/images/clipboard-cut-hover@2x.png	4356462	1816	32	32	a6bcda7129e2a610927037eff0379f2a3eac76ee
images/images/mask-star-menu@2x.png	SAMPLES/icons-VegesEffects/named_png/images/images/mask-star-menu@2x.png	4034383	1561	32	32	181b1840a6c251b14d69af8f1d8894db11dbd8e0
images/images/layout-distribute-between-horizontal-disabled.png	SAMPLES/icons-VegesEffects/named_png/images/images/layout-distribute-between-horizontal-disabled.png	4768275	1030	16	16	8e96b1a181e96c6e8b14409e3faca7cbf885cb56
images/images/mask-subtract-disabled@2x.png	SAMPLES/icons-VegesEffects/named_png/images/images/mask-subtract-disabled@2x.png	4431977	989	32	32	044bba342f2b35b2c0864950bea5ddad1721fb7b
images/images/file-preset-preview-checked.png	SAMPLES/icons-VegesEffects/named_png/images/images/file-preset-preview-checked.png	5485831	1113	106	60	4e4c484d65f87dd5c7cdbbad3f0fe972cdcbe8f7
images/images/proxy-queue-hover@2x.png	SAMPLES/icons-VegesEffects/named_png/images/images/proxy-queue-hover@2x.png	207530	1317	32	32	d621a7dd0ea7389a8c5fb654f66d75e2bc3c75ae
images/images/file-list-large.png	SAMPLES/icons-VegesEffects/named_png/images/images/file-list-large.png	5221008	1244	16	16	a2ede151cb1770920715a21935f5a923fc833029
images/images/white-hover.png	SAMPLES/icons-VegesEffects/named_png/images/images/white-hover.png	4062048	953	16	16	270c6979bd479613f25e32dc7a8b2911eda442da
images/images/mask-star.png	SAMPLES/icons-VegesEffects/named_png/images/images/mask-star.png	3869287	1238	16	16	cc57d888095d2480e1c9c206280ec3e542230b83
images/images/align-top-disabled@2x.png	SAMPLES/icons-VegesEffects/named_png/images/images/align-top-disabled@2x.png	2906511	998	32	32	9005f9a313ca09471283c7e2fe255dd434240123
images/images/dodecagon-outline-hover.png	SAMPLES/icons-VegesEffects/named_png/images/images/dodecagon-outline-hover.png	4749750	1136	16	16	5da005e7c2cbae6a87b9d2a1e9dd1817307fe3d4
images/images/camera-zoom-checked.png	SAMPLES/icons-VegesEffects/named_png/images/images/camera-zoom-checked.png	4225263	1204	32	32	d003513ca7ad9c2ecec4a0ac46accb468fb21f5f
images/images/crosshair-black-checked@2x.png	SAMPLES/icons-VegesEffects/named_png/images/images/crosshair-black-checked@2x.png	4045062	1624	32	32	a454a0e9ac313f6789093aa6816856b14564158d
images/images/align-left-disabled.png	SAMPLES/icons-VegesEffects/named_png/images/images/align-left-disabled.png	3669228	965	16	16	58a80a1c674c6517a71302edf9c3005b510ccceb
images/images/layout-left-checked.png	SAMPLES/icons-VegesEffects/named_png/images/images/layout-left-checked.png	4874053	1273	230	116	14cc452c3513992274f07422010489bbad45ff26
images/images/effect-2d-plugin-hover@2x.png	SAMPLES/icons-VegesEffects/named_png/images/images/effect-2d-plugin-hover@2x.png	2971432	1199	32	32	09c8716afb789098d616ad9a387a6cd65bc157c5
images/images/hud-move-disabled@2x.png	SAMPLES/icons-VegesEffects/named_png/images/images/hud-move-disabled@2x.png	278120	1340	32	32	2c23700bf4975e3329939ecd81d75c9b55bae028
images/images/text-center-justified-disabled@2x.png	SAMPLES/icons-VegesEffects/named_png/images/images/text-center-justified-disabled@2x.png	3533527	1006	32	32	1a0420b2a52c63856014e12284b0512f2effb1eb
images/images/timeline-details-hover.png	SAMPLES/icons-VegesEffects/named_png/images/images/timeline-details-hover.png	4458662	954	16	16	4ea6e1ddddee99093452e6c333f096a462b7a7ea
images/images/camera-fov-checked@2x.png	SAMPLES/icons-VegesEffects/named_png/images/images/camera-fov-checked@2x.png	2730422	1747	64	64	67874de6244cc90170d97a331cef113f9f1b22c0
images/images/hud-select-checked.png	SAMPLES/icons-VegesEffects/named_png/images/images/hud-select-checked.png	3187849	1261	16	16	b467454f463cb461be59491f186f2e2b41f045b0
images/images/checkbox-checked-checked@2x.png	SAMPLES/icons-VegesEffects/named_png/images/images/checkbox-checked-checked@2x.png	1308342	1095	32	32	16e3602c6e24fd25bd9e1bb27dba729f5769cfda
images/images/decagon-outline-hover.png	SAMPLES/icons-VegesEffects/named_png/images/images/decagon-outline-hover.png	66195	1142	16	16	bbb2fcadfef401fa807dea07553ffe763d78b635
images/images/check-only@2x.png	SAMPLES/icons-VegesEffects/named_png/images/images/check-only@2x.png	4192807	1129	32	32	5873273327ee6a9eb1f6aac20d5f2de036580411
images/images/transition-audio-hover@2x.png	SAMPLES/icons-VegesEffects/named_png/images/images/transition-audio-hover@2x.png	3632316	1361	32	32	550ff30250a2f8ada048d7631130960dcae8e0fd
images/images/brush-add-checked.png	SAMPLES/icons-VegesEffects/named_png/images/images/brush-add-checked.png	3524981	1104	16	16	b2714d97c216760b5e3827e0f94f4a325634c27f
images/images/cursor-single-track-forward.png	SAMPLES/icons-VegesEffects/named_png/images/images/cursor-single-track-forward.png	3679543	1181	32	32	e98e8d9383c9d171016a6bd21d26f7de9b92c1cc
images/images/top-right-disabled@2x.png	SAMPLES/icons-VegesEffects/named_png/images/images/top-right-disabled@2x.png	517564	1024	32	32	bdaf6809dbf6f08bc41457fe60c0ccb54ae60237
images/images/baseline-shift@2x.png	SAMPLES/icons-VegesEffects/named_png/images/images/baseline-shift@2x.png	3795188	1415	32	32	063d65557f46f750ba08816e75d795f54de81a07
images/images/align-top-disabled.png	SAMPLES/icons-VegesEffects/named_png/images/images/align-top-disabled.png	3785867	1009	16	16	5185c7040cdbfeca12e3de11e15655b0f8796d52
images/images/text-left-align-disabled.png	SAMPLES/icons-VegesEffects/named_png/images/images/text-left-align-disabled.png	4238618	968	16	16	b7534a79b901e18a8a81481c333944e17a3c3678
images/images/clock-menu@2x.png	SAMPLES/icons-VegesEffects/named_png/images/images/clock-menu@2x.png	4053243	1835	32	32	a59b1932681a6c66e5dc57123e682923927a6e88
images/images/preset-3d-checked.png	SAMPLES/icons-VegesEffects/named_png/images/images/preset-3d-checked.png	1175505	1217	16	16	ebba3ff9de8f0a18fc958365d2205689808f9613
images/images/preset-2d-checked.png	SAMPLES/icons-VegesEffects/named_png/images/images/preset-2d-checked.png	1453063	1058	16	16	fe58ff55c8bb77ebe9523f4a92348c4587a5ce41
images/images/text-gap-after-paragraph-checked.png	SAMPLES/icons-VegesEffects/named_png/images/images/text-gap-after-paragraph-checked.png	3198580	963	16	16	8593ff43a220e4a26434795668e92f9493d9794d
images/images/cursor-resize-checked.png	SAMPLES/icons-VegesEffects/named_png/images/images/cursor-resize-checked.png	3999554	1273	32	32	8c7c776c3d32be96adad35fd1807d06e70bc4185
images/images/effect-ae-plugin-hover@2x.png	SAMPLES/icons-VegesEffects/named_png/images/images/effect-ae-plugin-hover@2x.png	5056137	1326	32	32	0f11f539a6c17ccfb88b1ed75dd6585b38e527a5
images/images/cursor-slip-checked.png	SAMPLES/icons-VegesEffects/named_png/images/images/cursor-slip-checked.png	4453046	1074	32	32	320717e04aeae9250ac0b7535438e931749ef5f4
images/images/new-composite-shot.png	SAMPLES/icons-VegesEffects/named_png/images/images/new-composite-shot.png	3299960	1274	32	32	b4dd5c52d73f7926fbf323eb260774bc347bbc1f
images/images/freehand-path-menu-disabled.png	SAMPLES/icons-VegesEffects/named_png/images/images/freehand-path-menu-disabled.png	476834	1224	16	16	ef449f0654aa4ad12d06239aad47c15ebb83f615
images/images/caret-left-checked.png	SAMPLES/icons-VegesEffects/named_png/images/images/caret-left-checked.png	154764	1027	16	16	996f85eba0961d4734d0c59aca5fbb19221b800c
images/images/pointer-disabled.png	SAMPLES/icons-VegesEffects/named_png/images/images/pointer-disabled.png	5334955	1257	16	16	e3d6d7291a927fb5071c08e5c44772a2e4dd7257
images/images/pause-checked@2x.png	SAMPLES/icons-VegesEffects/named_png/images/images/pause-checked@2x.png	5209197	978	32	32	cabcfa86b09b1dc4b8ba4d9ed781786185bcff38
images/images/zoom-min-disabled.png	SAMPLES/icons-VegesEffects/named_png/images/images/zoom-min-disabled.png	4513084	1018	16	16	0c382f8780b257be57c3fd2e4c18e9a5fab9d139
images/images/zoom-max-disabled.png	SAMPLES/icons-VegesEffects/named_png/images/images/zoom-max-disabled.png	1215134	1068	16	16	b63e31c30e23f919cf25ca4abfdc2e472ab256db
images/images/stop-ram-disabled@2x.png	SAMPLES/icons-VegesEffects/named_png/images/images/stop-ram-disabled@2x.png	4848685	1245	32	32	18036bd20446bc9c5b26a785f265dee84910f0f3
images/images/cursor-ripple-left-checked@2x.png	SAMPLES/icons-VegesEffects/named_png/images/images/cursor-ripple-left-checked@2x.png	3228606	1606	64	64	fa5e58cf3a4d37efb51992272ded071f33b29d75
images/images/cursor-stretch-left-hover.png	SAMPLES/icons-VegesEffects/named_png/images/images/cursor-stretch-left-hover.png	3437651	1324	32	32	ea9a3fa677ec3b8fd14af569734783223f1347a8
images/images/light@2x.png	SAMPLES/icons-VegesEffects/named_png/images/images/light@2x.png	3466386	1976	32	32	4d48d0785ac016607b8b20a09e87d148d0c8f152
images/images/ripple-disabled@2x.png	SAMPLES/icons-VegesEffects/named_png/images/images/ripple-disabled@2x.png	3123349	1129	32	32	28616fd3c6c893d6307113c0dd9fd58ddfa4ed0e
images/images/dialog-question-disabled.png	SAMPLES/icons-VegesEffects/named_png/images/images/dialog-question-disabled.png	71230	1507	32	32	d1e92b05c9380bc9c88efa135eb5340acf09c786
images/images/vector-path.png	SAMPLES/icons-VegesEffects/named_png/images/images/vector-path.png	165570	1118	16	16	9c61f2d3516971e6e568b6fba3990ab1720ffdba
images/images/cursor-ripple-checked.png	SAMPLES/icons-VegesEffects/named_png/images/images/cursor-ripple-checked.png	5519582	1377	32	32	259411c8a118f48b023670f8dde6fcac30f092c0
images/images/new-composite-shot-from-clip-checked.png	SAMPLES/icons-VegesEffects/named_png/images/images/new-composite-shot-from-clip-checked.png	5074532	1047	32	32	0ab2ff56ee334b2f5af9f2f7f319fe1050b38bd2
images/images/crosshair-black.png	SAMPLES/icons-VegesEffects/named_png/images/images/crosshair-black.png	960376	688	16	16	81d39c9a05299d23292c2156af0d05fa7761af26
images/images/straighten.png	SAMPLES/icons-VegesEffects/named_png/images/images/straighten.png	380129	1188	16	16	35bf3814e5eedf35e3f39b4da46abda04a1f6615
images/images/missing-thumbnail-hover.png	SAMPLES/icons-VegesEffects/named_png/images/images/missing-thumbnail-hover.png	897655	1610	64	64	2c508d7ceb70b57f598b42a7e4f12d333c432049
images/images/straighten@2x.png	SAMPLES/icons-VegesEffects/named_png/images/images/straighten@2x.png	5089505	1344	32	32	498a49341508697e43f175a39774a9ab744e0819
images/images/file-3d-animation-preview-checked.png	SAMPLES/icons-VegesEffects/named_png/images/images/file-3d-animation-preview-checked.png	4271253	2252	106	60	4a5ef0bf71723b6dff432b857abfe031cea5db3d
images/images/global-preset-left@2x.png	SAMPLES/icons-VegesEffects/named_png/images/images/global-preset-left@2x.png	3355910	1005	32	32	e7d20c32143a49289461bfd4722df8e55dcfe05c
images/images/septagon-outline-disabled.png	SAMPLES/icons-VegesEffects/named_png/images/images/septagon-outline-disabled.png	4019328	1168	16	16	27d7a8943f2dedf96e8f94472447b977d44e1e59
images/images/text-bottom-indent-disabled.png	SAMPLES/icons-VegesEffects/named_png/images/images/text-bottom-indent-disabled.png	4217307	1023	16	16	5b30953b86309f7207857ad41ec7f90fe4f364b9
images/images/dummy-transparent.png	SAMPLES/icons-VegesEffects/named_png/images/images/dummy-transparent.png	5437992	940	16	16	2dd4ae1b35c42144f29f4d63ef0f677b0368ceb5
images/images/distribute-horizontally.png	SAMPLES/icons-VegesEffects/named_png/images/images/distribute-horizontally.png	4006420	1034	16	16	db6a2053c706d48e15171ce1d4449b294dbf2b1c
images/images/dialog-critical-disabled.png	SAMPLES/icons-VegesEffects/named_png/images/images/dialog-critical-disabled.png	387606	1361	32	32	766d43af44d0840f8d7fa19a1ea4f1ccce598457
images/images/mask-select-point-hover.png	SAMPLES/icons-VegesEffects/named_png/images/images/mask-select-point-hover.png	16760	1234	16	16	ca22c5b1281eff7db0764f84e61a80a685bca81d
images/images/mask-disconnected-handle@2x.png	SAMPLES/icons-VegesEffects/named_png/images/images/mask-disconnected-handle@2x.png	924955	1339	32	32	38e860bcbb34d206e7269f65243edae2e2a99e6a
images/images/effect-audio.png	SAMPLES/icons-VegesEffects/named_png/images/images/effect-audio.png	2917202	1123	16	16	555059c83e879ba40e707a2e7af60a9780b2f85c
images/images/frame-out.png	SAMPLES/icons-VegesEffects/named_png/images/images/frame-out.png	418606	1014	16	16	fa32653135fe870950bfce65159ec2eb6bd63100
images/images/text-bottom-align@2x.png	SAMPLES/icons-VegesEffects/named_png/images/images/text-bottom-align@2x.png	540568	1053	32	32	1afedb37a697c3ef901754d55e2e45ca122fed82
images/images/lock-checked.png	SAMPLES/icons-VegesEffects/named_png/images/images/lock-checked.png	3232675	1200	16	16	5e4c691271a6cbef81ca2e0796eda0503434bb85
images/images/mask-checked.png	SAMPLES/icons-VegesEffects/named_png/images/images/mask-checked.png	4270150	1099	16	16	b8f6867966538ef576137a4492ddddb0b3681360
images/images/add-composite-shot.png	SAMPLES/icons-VegesEffects/named_png/images/images/add-composite-shot.png	4009690	1107	16	16	a54e9236fa25c3798e1626774eb2a9ca8cc56b77
images/images/cursor-stretch-right-hover.png	SAMPLES/icons-VegesEffects/named_png/images/images/cursor-stretch-right-hover.png	4216021	1282	32	32	4d9ebdec92ef2f8f740db1dc70ef055316e6be39
images/images/file-audio-filter-hover.png	SAMPLES/icons-VegesEffects/named_png/images/images/file-audio-filter-hover.png	5302704	1173	16	16	32a2a67dff1cd1f91db5454b79e0488be572ec83
images/images/sound-on-disabled@2x.png	SAMPLES/icons-VegesEffects/named_png/images/images/sound-on-disabled@2x.png	5238317	1665	32	32	8f3a73f21f0e1ca1f9db89f28c6c1d956b3a3f60
images/images/gray-hover.png	SAMPLES/icons-VegesEffects/named_png/images/images/gray-hover.png	400198	957	16	16	4b6a6316add18c019dc14407a89feade57134cb7
images/images/handle-disabled@2x.png	SAMPLES/icons-VegesEffects/named_png/images/images/handle-disabled@2x.png	3930082	1019	10	26	24cf2dff7d6f8d243c176fac54dce9335bbf8805
images/images/close-circle-hover@2x.png	SAMPLES/icons-VegesEffects/named_png/images/images/close-circle-hover@2x.png	4712710	1600	32	32	10893f757a426461c763e6c4979cd5eb1dfec0a1
images/images/proxy-queue-pause-checked.png	SAMPLES/icons-VegesEffects/named_png/images/images/proxy-queue-pause-checked.png	347087	1144	16	16	e83192253408c99334b5a0e8ab9e0e3a624245e4
images/images/mask-circle.png	SAMPLES/icons-VegesEffects/named_png/images/images/mask-circle.png	1111000	1190	16	16	836ed39d40d891b528d3cb7d5a6405e7ac885b9f
images/images/print-canvas-hover@2x.png	SAMPLES/icons-VegesEffects/named_png/images/images/print-canvas-hover@2x.png	3517023	1348	32	32	64ec9e3f29e5c610f8018de70697f52bd6e481f4
images/images/mask-subtract-checked.png	SAMPLES/icons-VegesEffects/named_png/images/images/mask-subtract-checked.png	3155064	964	16	16	965426b7e3430b6681dfdcbbdbbab9a3311b3f54
images/images/search-hover.png	SAMPLES/icons-VegesEffects/named_png/images/images/search-hover.png	1078098	1329	16	16	61bb6b9ffc8370e2b659cf9cb2e6aeb87c9f8ca5
images/images/panel-expander@2x.png	SAMPLES/icons-VegesEffects/named_png/images/images/panel-expander@2x.png	4320069	1000	32	32	d7aa0aef00ed8d59f2bc216765d918cbd3adead2
images/images/frame-next.png	SAMPLES/icons-VegesEffects/named_png/images/images/frame-next.png	41314	1004	16	16	f0fd3dc2608bec70f714bc30ac093e8a6ddd9154
images/images/frame-first-hover@2x.png	SAMPLES/icons-VegesEffects/named_png/images/images/frame-first-hover@2x.png	488783	1068	32	32	11f9f5c23bfc12705d22fa4e04a8ff5772ef088e
images/images/distribute-top@2x.png	SAMPLES/icons-VegesEffects/named_png/images/images/distribute-top@2x.png	4511103	996	32	32	c8e1df76c6fe1f01bfd7f05c0daeb1f10e688f05
images/images/hendecagon-outline-hover.png	SAMPLES/icons-VegesEffects/named_png/images/images/hendecagon-outline-hover.png	3254234	1175	16	16	0b2e79e613937d7b4bc1f87e9fa1fc51edd0a18d
images/images/mask-square-menu-checked.png	SAMPLES/icons-VegesEffects/named_png/images/images/mask-square-menu-checked.png	1006843	975	16	16	bf4877de480399606cc7e1166da3f4e1e0b3dc1e
images/images/right.png	SAMPLES/icons-VegesEffects/named_png/images/images/right.png	423542	1037	16	16	b5a18e84059779b1bb81a33f0ce2e03d9dd7e37d
images/images/light.png	SAMPLES/icons-VegesEffects/named_png/images/images/light.png	75222	1449	16	16	0351c4a7f80b780b1f9fe14f1f5eef26a3cd5246
images/images/pentagon-outline-disabled@2x.png	SAMPLES/icons-VegesEffects/named_png/images/images/pentagon-outline-disabled@2x.png	4492642	1377	32	32	dabb8a6727ce4f19d667d87cc5be5e966638d2ec
images/images/mask-hover.png	SAMPLES/icons-VegesEffects/named_png/images/images/mask-hover.png	5156267	1099	16	16	bc81efe9163125ddec1d442ff8b851b1ceb24409
images/images/large-microphone-disabled@2x.png	SAMPLES/icons-VegesEffects/named_png/images/images/large-microphone-disabled@2x.png	5127937	1468	64	64	adb8822dbe341edd4afc16f56fae5a3a6bb82654
images/images/auto-checked@2x.png	SAMPLES/icons-VegesEffects/named_png/images/images/auto-checked@2x.png	267526	1134	76	32	1835b5b69588546300235a25edf8c76503585995
images/images/checkbox-filled-checked.png	SAMPLES/icons-VegesEffects/named_png/images/images/checkbox-filled-checked.png	5096430	972	16	16	6e6a22060fe03919e7ac87a122be1f8fc5f77bd5
images/images/global-preset-left-disabled@2x.png	SAMPLES/icons-VegesEffects/named_png/images/images/global-preset-left-disabled@2x.png	5187956	1012	32	32	54dd8a4e98504ece6bc3d23dfba10daa6274d292
images/images/letter-scaling-horizontal@2x.png	SAMPLES/icons-VegesEffects/named_png/images/images/letter-scaling-horizontal@2x.png	2945959	1360	32	32	8eaa27be83161511a4fb17de708f2843265cc6b8
images/images/clock-menu-checked.png	SAMPLES/icons-VegesEffects/named_png/images/images/clock-menu-checked.png	4365912	1446	16	16	a3d4b2d29ec6ae733c929669f05038d448f05cae
images/images/most-used-hover.png	SAMPLES/icons-VegesEffects/named_png/images/images/most-used-hover.png	1201371	962	16	16	c8807ad4747b4a90b8335d240e17eadb3eebb1a0
images/images/graph-curve-down.png	SAMPLES/icons-VegesEffects/named_png/images/images/graph-curve-down.png	3996440	1087	16	16	025a474efccb69afceaca1923cf9a778488bde77
images/images/crop-hover.png	SAMPLES/icons-VegesEffects/named_png/images/images/crop-hover.png	87350	1078	16	16	d0b850e23d5d8a70b2daae5bf21e531e25277656
images/images/hand-menu-hover.png	SAMPLES/icons-VegesEffects/named_png/images/images/hand-menu-hover.png	24838	1200	16	16	daab73229c3b66b83f42725c9935202593de813b
images/images/sync-scroll@2x.png	SAMPLES/icons-VegesEffects/named_png/images/images/sync-scroll@2x.png	3464106	1148	32	32	9579b456a020f9db38ac865e043da46ec1cc8884
images/images/smooth-out.png	SAMPLES/icons-VegesEffects/named_png/images/images/smooth-out.png	4351568	1043	16	16	9aa00302684446fb4200c3df3e898c0ed1e9581d
images/images/global-preset-right-disabled.png	SAMPLES/icons-VegesEffects/named_png/images/images/global-preset-right-disabled.png	3225233	976	16	16	b29a1c4359d2fee219f76094d9355d15aed9755c
images/images/checkbox-active-disabled-disabled@2x.png	SAMPLES/icons-VegesEffects/named_png/images/images/checkbox-active-disabled-disabled@2x.png	5038191	1172	80	30	ac088f38bf9df12c170b57f58f7f83786b2cae8f
images/images/radio-only-disabled.png	SAMPLES/icons-VegesEffects/named_png/images/images/radio-only-disabled.png	4765211	996	16	16	40ee5d686775f2166992e85ec6f0243ce46db8f3
images/images/camera-orbit-layer-disabled.png	SAMPLES/icons-VegesEffects/named_png/images/images/camera-orbit-layer-disabled.png	62425	1168	16	16	5aceb60f6839a8fdfcc399142b2f44dfb9cc1a55
images/images/graph-flat-checked@2x.png	SAMPLES/icons-VegesEffects/named_png/images/images/graph-flat-checked@2x.png	3218694	991	32	32	a560acf70ae39477b1ef84676f9e5ce0ce2b2eeb
images/images/file-audio-filter-disabled.png	SAMPLES/icons-VegesEffects/named_png/images/images/file-audio-filter-disabled.png	3052343	1158	16	16	71a51a5dc5237bda01a3b1e5efdc872f1fa5e3ae
images/images/light-checked.png	SAMPLES/icons-VegesEffects/named_png/images/images/light-checked.png	3257562	1449	16	16	38d1503f9e3a0485927896542fcbda2068dc2f2c
images/images/radio-unchecked-disabled.png	SAMPLES/icons-VegesEffects/named_png/images/images/radio-unchecked-disabled.png	497292	1129	16	16	2c5de5ee756ed598b9eb66e42be4b5e9aa493f36
images/images/layout-canvas-middle-disabled.png	SAMPLES/icons-VegesEffects/named_png/images/images/layout-canvas-middle-disabled.png	3226213	1062	16	16	48f216df54d0b4390dfa7da0ce6ef03b97867bca
images/images/new-composite-shot-from-clip-disabled@2x.png	SAMPLES/icons-VegesEffects/named_png/images/images/new-composite-shot-from-clip-disabled@2x.png	4748594	1152	64	64	a5e569dd7ce9756bf6dffb06d9fd722162166de5
images/images/settings-disabled@2x.png	SAMPLES/icons-VegesEffects/named_png/images/images/settings-disabled@2x.png	3539510	1729	32	32	10e0b5e569ab34eb7c43e94564a993a94452f784
images/images/color-wheel-shadows.png	SAMPLES/icons-VegesEffects/named_png/images/images/color-wheel-shadows.png	917705	2054	114	114	1a14a1f88dda408926d20de9765562be0429a0ba
images/images/export-queue-layered-checked@2x.png	SAMPLES/icons-VegesEffects/named_png/images/images/export-queue-layered-checked@2x.png	5163711	1336	32	32	34ce37427641f49bf8309faafd749b114ff4c28f
images/images/slider-alpha-light-tile-hover@2x.png	SAMPLES/icons-VegesEffects/named_png/images/images/slider-alpha-light-tile-hover@2x.png	3500084	957	20	20	168bfdfb6946f5ed23f622c02fa0e898733df2ec
images/images/effect-geometry-plugin-disabled@2x.png	SAMPLES/icons-VegesEffects/named_png/images/images/effect-geometry-plugin-disabled@2x.png	216553	1168	32	32	2c518bf83c98cdfb4a2d2122d75f40df7f3fd253
images/images/key-frame-previous-hover.png	SAMPLES/icons-VegesEffects/named_png/images/images/key-frame-previous-hover.png	3248175	1006	16	16	fea04944a53b58018b4f08e0528b9a70f8a8999f
images/images/align-horizontally-hover.png	SAMPLES/icons-VegesEffects/named_png/images/images/align-horizontally-hover.png	2980940	968	16	16	71d8131a7e3830147e248855a80ad12986de037b
images/images/workspaces-hover@2x.png	SAMPLES/icons-VegesEffects/named_png/images/images/workspaces-hover@2x.png	1361335	987	32	32	65e5fe707f3ddcbecffd3de7d0799f01e91b9ca9
images/images/panel-checked.png	SAMPLES/icons-VegesEffects/named_png/images/images/panel-checked.png	3655911	974	16	16	55695ab0395e1f46cb16ad9f2d64652812e7604b
images/images/track-select-backward-menu-hover@2x.png	SAMPLES/icons-VegesEffects/named_png/images/images/track-select-backward-menu-hover@2x.png	4947153	1214	32	32	c338cb95847baa7d470831c2c7562dd24bcbf804
images/images/export-canvas-disabled@2x.png	SAMPLES/icons-VegesEffects/named_png/images/images/export-canvas-disabled@2x.png	3915175	1096	32	32	702adbf3a4cdd573045360d8e6bd402f648b7669
images/images/right-checked.png	SAMPLES/icons-VegesEffects/named_png/images/images/right-checked.png	4220732	977	16	16	c1b2b963d4a12003c29ad78b8df4c72f11b8a609
images/images/reset-checked.png	SAMPLES/icons-VegesEffects/named_png/images/images/reset-checked.png	5160353	1288	16	16	6804ad5ae15f9ea1ae5f7d634d620729d874b965
images/images/align-left.png	SAMPLES/icons-VegesEffects/named_png/images/images/align-left.png	340500	1003	16	16	71a71f22490b5014c22da219c3e80d96cfc1505e
images/images/two-d-checked.png	SAMPLES/icons-VegesEffects/named_png/images/images/two-d-checked.png	3910818	973	16	16	87a3ae7ce3848c57f8897f87175c62f5fc51bfd5
images/images/file-offline@2x.png	SAMPLES/icons-VegesEffects/named_png/images/images/file-offline@2x.png	5286082	1294	32	32	d9af5ddc42e97881365326e8ff1e8919a3640267
images/images/checkbox-unchecked-hover.png	SAMPLES/icons-VegesEffects/named_png/images/images/checkbox-unchecked-hover.png	5418772	961	16	16	7d528238c6b005533d1090e4368491f95b631035
images/images/left-disabled@2x.png	SAMPLES/icons-VegesEffects/named_png/images/images/left-disabled@2x.png	1466460	1004	32	32	5f2593953db70b20c5d9feb4dd3a57de42e0c3f6
images/images/proxy-queue-pause.png	SAMPLES/icons-VegesEffects/named_png/images/images/proxy-queue-pause.png	4193940	1184	16	16	ab19b336d047df95a027647be7f5d322a0d3815d
images/images/superscirpt-disabled.png	SAMPLES/icons-VegesEffects/named_png/images/images/superscirpt-disabled.png	4197258	1027	16	16	2ca30748245052d9319902cde5e48a4e79dd9105
images/images/layout-hover@2x.png	SAMPLES/icons-VegesEffects/named_png/images/images/layout-hover@2x.png	5561098	1075	32	32	38fe280bdd9d43a769e61fb779537dffdf87ff90
images/images/layout-canvas-bottom.png	SAMPLES/icons-VegesEffects/named_png/images/images/layout-canvas-bottom.png	406012	1067	16	16	60e27db74e8b8e4a48b6517a7bd1459b97f5737a
images/images/text-top-align-disabled@2x.png	SAMPLES/icons-VegesEffects/named_png/images/images/text-top-align-disabled@2x.png	1405079	1074	32	32	6caa50622c88be6188451be02c1ffa5358097025
images/images/blank-hover@2x.png	SAMPLES/icons-VegesEffects/named_png/images/images/blank-hover@2x.png	448303	994	32	32	b7b35bf0e1e04805e6d43233d9b24e482731bfdd
images/images/unlinked.png	SAMPLES/icons-VegesEffects/named_png/images/images/unlinked.png	958855	1517	16	16	6b74b57d71d135592c32dc1f50248a26a7b8ab2c
images/images/slider-alpha-light-tile-checked@2x.png	SAMPLES/icons-VegesEffects/named_png/images/images/slider-alpha-light-tile-checked@2x.png	5435867	957	20	20	d50532dc64549e20024f8b03e94f90518f385d59
images/images/file-comp-preview-checked@2x.png	SAMPLES/icons-VegesEffects/named_png/images/images/file-comp-preview-checked@2x.png	4327163	1485	212	120	f6b53d892ae122a01925e3b01fec72f59e5bbf6a
images/images/new-add-plus@2x.png	SAMPLES/icons-VegesEffects/named_png/images/images/new-add-plus@2x.png	5341050	1364	32	32	49f23cd581b306927a0c2756a006314595bb6688
images/images/black-hover@2x.png	SAMPLES/icons-VegesEffects/named_png/images/images/black-hover@2x.png	3199547	978	32	32	7d17a1e48e6d171c501f084b8b29bf26324df053
images/images/cursor-all-track-forward-checked@2x.png	SAMPLES/icons-VegesEffects/named_png/images/images/cursor-all-track-forward-checked@2x.png	4182498	1392	64	64	a05a842b4f04c46d7f668dcf85f90ee0345f8ee3
images/images/font-color-disabled@2x.png	SAMPLES/icons-VegesEffects/named_png/images/images/font-color-disabled@2x.png	107026	1217	32	32	a77d4e10fb4079e5f23a303772c59891000f6a33
images/images/zoom-max-checked.png	SAMPLES/icons-VegesEffects/named_png/images/images/zoom-max-checked.png	3089325	1031	16	16	5237314b91ce5c12b749b983d36ea6ca6f51171c
images/images/mask-complete-path@2x.png	SAMPLES/icons-VegesEffects/named_png/images/images/mask-complete-path@2x.png	147915	1449	32	32	fb268493ade6261b7ce6952852dab0bd0e5e28a5
images/images/effect-2d-plugin.png	SAMPLES/icons-VegesEffects/named_png/images/images/effect-2d-plugin.png	5390313	1123	16	16	d63ec288da8395c8b336240d3b1c7997394500dc
images/images/folder-locked-open-disabled.png	SAMPLES/icons-VegesEffects/named_png/images/images/folder-locked-open-disabled.png	2785301	1224	16	16	74eca2002abce210255ff0f817cb6d3202545139
images/images/key-frame-easy-ease-checked.png	SAMPLES/icons-VegesEffects/named_png/images/images/key-frame-easy-ease-checked.png	5215919	1027	16	16	3eface8e25f76f7907b7a09cac0abc6843c155b6
images/images/italic-checked@2x.png	SAMPLES/icons-VegesEffects/named_png/images/images/italic-checked@2x.png	4904101	1103	32	32	e9d828c0674eab0a8376e323ef1dfb9c668fca39
images/images/bezier-disabled@2x.png	SAMPLES/icons-VegesEffects/named_png/images/images/bezier-disabled@2x.png	4362533	1194	32	32	cdad4f392f3aaa34c06a833130765ac074832896
images/images/layout-canvas-middle.png	SAMPLES/icons-VegesEffects/named_png/images/images/layout-canvas-middle.png	1439707	1053	16	16	9e83cb5215bcbc389d696d7d7db9612639621783
images/images/mask-polygon-checked@2x.png	SAMPLES/icons-VegesEffects/named_png/images/images/mask-polygon-checked@2x.png	4287254	1229	32	32	be6eb766b0cf172c8eaf6130b869238d45bf9d0b
images/images/cursor-resize-left-checked.png	SAMPLES/icons-VegesEffects/named_png/images/images/cursor-resize-left-checked.png	15474	1282	32	32	c0a06af3e96fc9ab0aef9e731ae53746741014ab
images/images/auto-scale-hover.png	SAMPLES/icons-VegesEffects/named_png/images/images/auto-scale-hover.png	3685959	1136	16	16	7b1bdb1ec14e64ad406af4a744580e16c587d024
images/images/key-frame-ease-out-checked.png	SAMPLES/icons-VegesEffects/named_png/images/images/key-frame-ease-out-checked.png	3463085	1017	16	16	b924e3480cb28d215d38582e40f0453a1b4040bd
images/images/lowercase.png	SAMPLES/icons-VegesEffects/named_png/images/images/lowercase.png	250189	1061	16	16	148516ca2c7cee892b62cfab0f1870888c85ef06
images/images/file-preset-preview-disabled@2x.png	SAMPLES/icons-VegesEffects/named_png/images/images/file-preset-preview-disabled@2x.png	3522618	1293	212	120	86cac0493175957bc09b02d130909c8c6be18acd
images/images/file-3d-animation-preview-disabled@2x.png	SAMPLES/icons-VegesEffects/named_png/images/images/file-3d-animation-preview-disabled@2x.png	4538685	2663	212	120	6d92463fdc823b383eae2ef1db443cca5a5f4186
images/images/font-size-disabled@2x.png	SAMPLES/icons-VegesEffects/named_png/images/images/font-size-disabled@2x.png	5531339	1337	32	32	23bd8cab4fbfacfb5573a227dfba66fd16635986
images/images/font-outline-size-hover@2x.png	SAMPLES/icons-VegesEffects/named_png/images/images/font-outline-size-hover@2x.png	2811893	1353	32	32	ea2d510809c3b02afe64f7f3db83cdc25789432e
images/images/mirror-horizontal-checked.png	SAMPLES/icons-VegesEffects/named_png/images/images/mirror-horizontal-checked.png	3743008	1111	16	16	c808859a70cb346d4359f0c4d430a2f5078a0c36
images/images/batch-hover@2x.png	SAMPLES/icons-VegesEffects/named_png/images/images/batch-hover@2x.png	3363338	1205	32	32	1b4820e6b8ddb96e58cfb41148f7336c89c374c7
images/images/track-select-forward-hover.png	SAMPLES/icons-VegesEffects/named_png/images/images/track-select-forward-hover.png	3734783	1052	16	16	f59ed86a542cf3c8eb2f3dd92b1d598a7ae9d0e4
images/images/layout-1-hover.png	SAMPLES/icons-VegesEffects/named_png/images/images/layout-1-hover.png	3259015	949	16	16	8fc44bde4f01d47cc43035c37d3127e4473e92ca
images/images/export-queue-hot-folder-hover@2x.png	SAMPLES/icons-VegesEffects/named_png/images/images/export-queue-hot-folder-hover@2x.png	5044688	1207	32	32	69387a67c2c4c0c4d5cc191a386248e6c07a478c
images/images/handle-hover@2x.png	SAMPLES/icons-VegesEffects/named_png/images/images/handle-hover@2x.png	3707238	995	10	26	2a1607a20e8255a6cadb2691dba188a29e310e64
images/images/cursor-ripple-invalid-hover@2x.png	SAMPLES/icons-VegesEffects/named_png/images/images/cursor-ripple-invalid-hover@2x.png	1376151	1777	64	64	c7e681af3ffc58723f1f422463e913c57437036e
images/images/cursor-all-track-backward-hover.png	SAMPLES/icons-VegesEffects/named_png/images/images/cursor-all-track-backward-hover.png	3991697	1306	32	32	b4e11c178dd2394aa1da0e8c866d3200355b71a9
images/images/proxy-queue-hover.png	SAMPLES/icons-VegesEffects/named_png/images/images/proxy-queue-hover.png	333844	1140	16	16	0eccf1dc085f97c9a51280f374943b609404212f
images/images/camera-move-hover.png	SAMPLES/icons-VegesEffects/named_png/images/images/camera-move-hover.png	1265640	1072	32	32	8422b68da8911fa14ebfb96d97716b495adeb37f
images/images/mask-complete-path-disabled.png	SAMPLES/icons-VegesEffects/named_png/images/images/mask-complete-path-disabled.png	1004075	1338	16	16	fe399ea7aba9e95b50519357265c1611e8e4a38c
images/images/layout-2-hover.png	SAMPLES/icons-VegesEffects/named_png/images/images/layout-2-hover.png	4269195	951	16	16	2ac4adf46d0523f5adc504e7c8f5b32ec0cdf352
images/images/add-export-checked@2x.png	SAMPLES/icons-VegesEffects/named_png/images/images/add-export-checked@2x.png	1188114	1199	32	32	54b903d0f61dfe4390722fc0de1ab677e0f9bb34
images/images/superscirpt@2x.png	SAMPLES/icons-VegesEffects/named_png/images/images/superscirpt@2x.png	4688132	1061	32	32	716efe49aa5623429e987f9b66ebd825bc9477cc
images/images/file-transition-hover@2x.png	SAMPLES/icons-VegesEffects/named_png/images/images/file-transition-hover@2x.png	103465	1442	32	32	85ef51ef90534192e192956bcdad0aca225c42d2
images/images/layout-4-hover.png	SAMPLES/icons-VegesEffects/named_png/images/images/layout-4-hover.png	4598332	953	16	16	9af68b293b80023b5a12852886ae915ccb78b907
images/images/frame-in.png	SAMPLES/icons-VegesEffects/named_png/images/images/frame-in.png	134472	1013	16	16	87dd793f2f5d8b8c2ffd1e276cfc40d686336331
images/images/new-add-plus-checked.png	SAMPLES/icons-VegesEffects/named_png/images/images/new-add-plus-checked.png	1484223	1166	16	16	385de2c4782f186ef65abd2edd77089da4761b45
images/images/dial-background-hover.png	SAMPLES/icons-VegesEffects/named_png/images/images/dial-background-hover.png	5372676	1303	32	32	5c3156da900836c23e11c9909612b66448dbb657
images/images/text-center-justified-hover@2x.png	SAMPLES/icons-VegesEffects/named_png/images/images/text-center-justified-hover@2x.png	3320407	981	32	32	1f56c2313ee39b5afc6835b7fb7afe5f8d81a8ec
images/images/global-preset-right@2x.png	SAMPLES/icons-VegesEffects/named_png/images/images/global-preset-right@2x.png	3496738	1006	32	32	66ab85ead3ecdcaabab4e2191ff8921dff87f176
images/images/camera-orbit-layer@2x.png	SAMPLES/icons-VegesEffects/named_png/images/images/camera-orbit-layer@2x.png	4310152	1342	32	32	27d291cf8bad36dff1c6d5ea8de0909b5ab6319e
images/images/sync-scroll-checked.png	SAMPLES/icons-VegesEffects/named_png/images/images/sync-scroll-checked.png	435528	1029	16	16	656f70c87bad2b423a53b5e518784c644d3d67ec
images/images/file-audio-filter@2x.png	SAMPLES/icons-VegesEffects/named_png/images/images/file-audio-filter@2x.png	4892324	1409	32	32	ff85a57823bf672c6fd9598948f4953416e3102b
images/images/letter-scaling-horizontal-checked.png	SAMPLES/icons-VegesEffects/named_png/images/images/letter-scaling-horizontal-checked.png	4196128	1126	16	16	9cffe1e67c320c2f944fe4c714adbd8f06c9b4a2
images/images/radio-unchecked@2x.png	SAMPLES/icons-VegesEffects/named_png/images/images/radio-unchecked@2x.png	3977670	1344	32	32	7291fe3ef9494dc4d52e5e2345ade4b6733368e0
images/images/file-audio-filter-checked.png	SAMPLES/icons-VegesEffects/named_png/images/images/file-audio-filter-checked.png	3441244	1201	16	16	5b951dbb7c8c066fabda8727d4567c146c3c837a
images/images/camera-orbit-layer-checked.png	SAMPLES/icons-VegesEffects/named_png/images/images/camera-orbit-layer-checked.png	3723582	1111	16	16	f42f8c5068202d2af64fcfa2b179724787739759
images/images/font-outline-size-hover.png	SAMPLES/icons-VegesEffects/named_png/images/images/font-outline-size-hover.png	4367362	1196	16	16	5594543b4ebb8ecac611beb25badc2e044f8a532
images/images/mask-union-checked@2x.png	SAMPLES/icons-VegesEffects/named_png/images/images/mask-union-checked@2x.png	4665498	974	32	32	dba6588b1aacea1ba9890e54fb737d12abf64d1e
images/images/missing-layer.png	SAMPLES/icons-VegesEffects/named_png/images/images/missing-layer.png	4391968	1102	16	16	0b4d5707969c726fea0e72ba48e5c5aa1265ef51
images/images/black-caret-disabled@2x.png	SAMPLES/icons-VegesEffects/named_png/images/images/black-caret-disabled@2x.png	4975614	1036	32	32	58f644bd648a379b61b6b26c1acfe817c2800c22
images/images/cursor-ripple-invalid.png	SAMPLES/icons-VegesEffects/named_png/images/images/cursor-ripple-invalid.png	545885	1374	32	32	4bb48c6546c659513e447b849a05ec43af738141
images/images/slide-menu-checked@2x.png	SAMPLES/icons-VegesEffects/named_png/images/images/slide-menu-checked@2x.png	4652966	1119	32	32	93e87a6987ade7d4c2b4896b61d223498375e737
images/images/mask-add-point-disabled@2x.png	SAMPLES/icons-VegesEffects/named_png/images/images/mask-add-point-disabled@2x.png	5423659	1364	32	32	360115833e1a3162d3af51744644fcf740c03793
images/images/black-caret-hover@2x.png	SAMPLES/icons-VegesEffects/named_png/images/images/black-caret-hover@2x.png	5383816	1023	32	32	2bca4400ed708a3aff3275051d65b1844ab681a5
images/images/cursor-stretch-right-checked.png	SAMPLES/icons-VegesEffects/named_png/images/images/cursor-stretch-right-checked.png	3802499	1370	32	32	fdfab698dfefda03891fac101e92111d5c521fdf
images/images/mask-move-point-disabled@2x.png	SAMPLES/icons-VegesEffects/named_png/images/images/mask-move-point-disabled@2x.png	5179967	1507	32	32	18b03dbd9163248b0b49f39b144a224c98a859b2
images/images/batch@2x.png	SAMPLES/icons-VegesEffects/named_png/images/images/batch@2x.png	5150273	1247	32	32	12eda5a8981dfcb0c849cefd231a5d01948d3b9c
images/images/cursor-slip-invalid.png	SAMPLES/icons-VegesEffects/named_png/images/images/cursor-slip-invalid.png	2791177	1076	32	32	c5cf64d98d86e9b7ed8555bb4af1bd152e541052
images/images/export-video-checked.png	SAMPLES/icons-VegesEffects/named_png/images/images/export-video-checked.png	5088459	1042	16	16	38790cb736ef5f341caba4b9f9c91314e15228fd
images/images/caret-down-disabled@2x.png	SAMPLES/icons-VegesEffects/named_png/images/images/caret-down-disabled@2x.png	4248222	1109	32	32	93c4895483d2e453d26f4464b1da5da181db7efa
images/images/video-on-disabled@2x.png	SAMPLES/icons-VegesEffects/named_png/images/images/video-on-disabled@2x.png	3369153	1807	32	32	dc52bba1793909042c65e30c497a3de223e2bec0
images/images/vector-path-disabled.png	SAMPLES/icons-VegesEffects/named_png/images/images/vector-path-disabled.png	5288414	1066	16	16	6fb5516c09a83dba912a0e9317f16c0c916d720f
images/images/export-queue-hot-folder@2x.png	SAMPLES/icons-VegesEffects/named_png/images/images/export-queue-hot-folder@2x.png	4386385	1297	32	32	fa8f6a513ec41f728c859c15cf2dede789de1937
images/images/handle@2x.png	SAMPLES/icons-VegesEffects/named_png/images/images/handle@2x.png	375932	1019	10	26	4625e6ae14aa700737231db510ee98cd4657c3ef
images/images/capitalize-checked@2x.png	SAMPLES/icons-VegesEffects/named_png/images/images/capitalize-checked@2x.png	3408649	1084	32	32	2ce1cb301b4f2a729d949c2eb95900e8853ac3c1
images/images/add-container-east.png	SAMPLES/icons-VegesEffects/named_png/images/images/add-container-east.png	5093061	1089	64	32	7d27d7c0a93d91bbe172219f8f0e5360d82cf349
images/images/capitalize-disabled.png	SAMPLES/icons-VegesEffects/named_png/images/images/capitalize-disabled.png	43702	1056	16	16	49be0dcb0a81c4fef78d4d9f36b50630693ac58c
images/images/distribute-top.png	SAMPLES/icons-VegesEffects/named_png/images/images/distribute-top.png	5362370	1071	16	16	05afeba418d65707ad12e0f2feaf811ef1186b54
images/images/text-center-justified@2x.png	SAMPLES/icons-VegesEffects/named_png/images/images/text-center-justified@2x.png	4993097	991	32	32	8b05d5dfc454b86b18d48eb676883931cbc530b3
images/images/new-add-plus-disabled.png	SAMPLES/icons-VegesEffects/named_png/images/images/new-add-plus-disabled.png	2722932	1137	16	16	feaacef166e5fb957917f71c96655c2ef74d5f77
images/images/export-queue-single.png	SAMPLES/icons-VegesEffects/named_png/images/images/export-queue-single.png	449301	1040	16	16	d480d101722b79103e80c7acafebc1ca8c9dd92d
images/images/maximize-window-checked.png	SAMPLES/icons-VegesEffects/named_png/images/images/maximize-window-checked.png	1243847	963	16	16	2a0939f7fd07bf3afb2ebddba43fd108508ff2b5
images/images/crosshair-black-hover@2x.png	SAMPLES/icons-VegesEffects/named_png/images/images/crosshair-black-hover@2x.png	4570514	2137	32	32	816002c5f02c51b32ed6391cdeade1cc3ad27f47
images/images/mask-intersect-disabled@2x.png	SAMPLES/icons-VegesEffects/named_png/images/images/mask-intersect-disabled@2x.png	3419033	1002	32	32	0fcefd3b53fa796069ef931342d4f3e58d5439bd
images/images/slider-alpha-light-tile@2x.png	SAMPLES/icons-VegesEffects/named_png/images/images/slider-alpha-light-tile@2x.png	3791877	957	20	20	bdb46b24e8c8065a7987c2d7306419548911fe5c
images/images/mask-square-handle-hover.png	SAMPLES/icons-VegesEffects/named_png/images/images/mask-square-handle-hover.png	3985933	1068	16	16	50eea41e54bc0688ebc929370ff98789c2ff94a4
images/images/track-select-backward-menu@2x.png	SAMPLES/icons-VegesEffects/named_png/images/images/track-select-backward-menu@2x.png	4156696	1251	32	32	c05791f22260ef4b40f58efc5fc54f689e017c56
images/images/track-select-forward-menu-hover@2x.png	SAMPLES/icons-VegesEffects/named_png/images/images/track-select-forward-menu-hover@2x.png	3534537	1216	32	32	3ca402c3c44de8966da73647f401fb3f5cad9d1a
images/images/cursor-slice-invalid-hover@2x.png	SAMPLES/icons-VegesEffects/named_png/images/images/cursor-slice-invalid-hover@2x.png	4849934	1578	64	64	a7c7ab1e5f3ad5177121fe0c5bcb5b1ac1d4d936
images/images/camera-move-checked@2x.png	SAMPLES/icons-VegesEffects/named_png/images/images/camera-move-checked@2x.png	417335	1267	64	64	acd66b93d142882a1cecc0373d25c3aa4ed075ef
images/images/key-frame-previous-checked@2x.png	SAMPLES/icons-VegesEffects/named_png/images/images/key-frame-previous-checked@2x.png	4350440	1124	32	32	6c866dd6f7af0e8d0347725ac8bba2722e1a5f95
images/images/file-offline-disabled.png	SAMPLES/icons-VegesEffects/named_png/images/images/file-offline-disabled.png	463800	1105	16	16	bfacc95a3ce579d2f086fe9ec95b172ce42ed84c
images/images/cursor-rolling-invalid-checked.png	SAMPLES/icons-VegesEffects/named_png/images/images/cursor-rolling-invalid-checked.png	3605740	1086	32	32	bf4938a98be59c23b63a90ed296112b96cdcdf04
images/images/layout-canvas-top-hover@2x.png	SAMPLES/icons-VegesEffects/named_png/images/images/layout-canvas-top-hover@2x.png	4011847	1027	32	32	3783bcd19e14602f4e610275124e3c66dca6cb91
images/images/mask-square-menu-hover.png	SAMPLES/icons-VegesEffects/named_png/images/images/mask-square-menu-hover.png	4896021	975	16	16	8d6c71be936f632460026ac32547a7833e1c9a47
images/images/blank@2x.png	SAMPLES/icons-VegesEffects/named_png/images/images/blank@2x.png	1309441	1002	32	32	cd30d19d29799495f584c5dc6fc309e6d325a147
images/images/black@2x.png	SAMPLES/icons-VegesEffects/named_png/images/images/black@2x.png	427101	976	32	32	2f1f37a589e9b3e378cae8fdf1c0e11b1c2f7b9b
images/images/action-ignore-disabled.png	SAMPLES/icons-VegesEffects/named_png/images/images/action-ignore-disabled.png	5311881	1468	32	32	d8452d889d0aedae2cc69ade596c552da983ffa7
images/images/export-queue-layered-disabled@2x.png	SAMPLES/icons-VegesEffects/named_png/images/images/export-queue-layered-disabled@2x.png	4843021	1724	32	32	8a5504f5a725a6ad4402a98819a21c37ac404fd8
images/images/camera-orbit-point-hover@2x.png	SAMPLES/icons-VegesEffects/named_png/images/images/camera-orbit-point-hover@2x.png	3591116	1287	32	32	e3fe0d3dbe433fdd6842ce9024fcb7a2986dd3f3
images/images/key-frame-void-hover.png	SAMPLES/icons-VegesEffects/named_png/images/images/key-frame-void-hover.png	521906	981	16	16	309e853154c632113b8899844197d416ad5039f9
images/images/export-content-hover.png	SAMPLES/icons-VegesEffects/named_png/images/images/export-content-hover.png	2925243	984	16	16	0a352a88bab46ca933dd43d9ef150ad610f6a092
images/images/graph-decline-hover@2x.png	SAMPLES/icons-VegesEffects/named_png/images/images/graph-decline-hover@2x.png	3503085	1089	32	32	5f6034fa902fc4ae7812cb078c9f537947ea2381
images/images/clipboard-copy-disabled@2x.png	SAMPLES/icons-VegesEffects/named_png/images/images/clipboard-copy-disabled@2x.png	5247598	1392	32	32	4105331e5d4ff6efcbbd8124201dcd7aa7dd1400
images/images/mirror-horizontal-hover.png	SAMPLES/icons-VegesEffects/named_png/images/images/mirror-horizontal-hover.png	205458	1111	16	16	bc5c8aa768a4ebe35da295c5def6922f85439b3d
images/images/cursor-slide-invalid@2x.png	SAMPLES/icons-VegesEffects/named_png/images/images/cursor-slide-invalid@2x.png	1337253	1211	64	64	5de61af79c9bd7b2260a0b52a51c0cf2ab3a9157
images/images/cog-properties-information-checked.png	SAMPLES/icons-VegesEffects/named_png/images/images/cog-properties-information-checked.png	2820409	1441	16	16	d3298555d531123b8e03e9a63f48fb4215f2dac1
images/images/file-offline-checked@2x.png	SAMPLES/icons-VegesEffects/named_png/images/images/file-offline-checked@2x.png	1329330	1294	32	32	2fb0e8b55c6f760879773939e9911433bca9308b
images/images/dialog-information-disabled@2x.png	SAMPLES/icons-VegesEffects/named_png/images/images/dialog-information-disabled@2x.png	944226	1971	64	64	12452a1e09de7922fcfc573e50c892c811305e68
images/images/resize-hover.png	SAMPLES/icons-VegesEffects/named_png/images/images/resize-hover.png	5186893	1059	16	16	7cc3a4865eb01d296c9d787b04bc9c77fb8156a8
images/images/smooth-in@2x.png	SAMPLES/icons-VegesEffects/named_png/images/images/smooth-in@2x.png	5131355	1136	32	32	cd72e09cb3ac45a1a9932fa8052bb7cbf8e8c00b
images/images/cursor-single-track-forward@2x.png	SAMPLES/icons-VegesEffects/named_png/images/images/cursor-single-track-forward@2x.png	1335967	1282	64	64	3edeb1dba3d0cfba875a9d6bb09e3d14adb72654
images/images/folder-open-large-checked@2x.png	SAMPLES/icons-VegesEffects/named_png/images/images/folder-open-large-checked@2x.png	1373239	1595	128	128	675c95a9b6b1fc85eae028c43ac2c11d035c6690
images/images/dialog-question.png	SAMPLES/icons-VegesEffects/named_png/images/images/dialog-question.png	984630	1542	32	32	fc82c61f376ad638129c8a85cf1b7f785f465d1d
images/images/mask-circle-menu-disabled@2x.png	SAMPLES/icons-VegesEffects/named_png/images/images/mask-circle-menu-disabled@2x.png	3641976	1511	32	32	ee774dfb771b682af3e7bfcffb8896d229093ddb
images/images/cursor-slide-invalid-hover@2x.png	SAMPLES/icons-VegesEffects/named_png/images/images/cursor-slide-invalid-hover@2x.png	5501923	1302	64	64	06097a403333c09ceb79d97fb96f33383864c783
images/images/close@2x.png	SAMPLES/icons-VegesEffects/named_png/images/images/close@2x.png	3880624	1099	32	32	2132131e025b027e85ad858f5e4542e3b0548af3
images/images/video-on-disabled.png	SAMPLES/icons-VegesEffects/named_png/images/images/video-on-disabled.png	3780045	1367	16	16	c0a070ca563db6fc16e709164816bbea16070d66
images/images/text-top-indent-disabled.png	SAMPLES/icons-VegesEffects/named_png/images/images/text-top-indent-disabled.png	5558908	1018	16	16	a956dcd64033ab3ed1f72cd258fe66a1c5ca0200
images/images/clock@2x.png	SAMPLES/icons-VegesEffects/named_png/images/images/clock@2x.png	5333141	1810	32	32	ed9e73d50a6c631691359506a65b3122b988ac1d
images/images/zoom-min-disabled@2x.png	SAMPLES/icons-VegesEffects/named_png/images/images/zoom-min-disabled@2x.png	499657	1099	32	32	fea45084f9f175f1ca6f0f652cca3348015b04bf
images/images/mirror-vertical-checked@2x.png	SAMPLES/icons-VegesEffects/named_png/images/images/mirror-vertical-checked@2x.png	4472056	1254	32	32	d1e8939d0668bd982cbfddcb77d0df3b304a88ae
images/images/letter-scaling-horizontal-disabled.png	SAMPLES/icons-VegesEffects/named_png/images/images/letter-scaling-horizontal-disabled.png	223157	1175	16	16	4eb9c25b8ed52ad7c78ddb1e103806975a63dce2
images/images/camera-orbit-point-checked@2x.png	SAMPLES/icons-VegesEffects/named_png/images/images/camera-orbit-point-checked@2x.png	1450501	1287	32	32	ac9ca2ed977ae5c6aff07f7533d0fb9879fff464
images/images/black-caret@2x.png	SAMPLES/icons-VegesEffects/named_png/images/images/black-caret@2x.png	3858711	1050	32	32	913a97e5ae702b9a5171ee045f1055383ce49bb8
images/images/notification-disabled@2x.png	SAMPLES/icons-VegesEffects/named_png/images/images/notification-disabled@2x.png	4659658	1152	32	32	8467cb48d1ac02b6a2b11f1e16baed12f29ee80e
images/images/mask-break-path-disabled@2x.png	SAMPLES/icons-VegesEffects/named_png/images/images/mask-break-path-disabled@2x.png	4266660	1385	32	32	69fb90b796ed1dbb066ebe7872b02f0787c9e06f
images/images/lowercase-checked.png	SAMPLES/icons-VegesEffects/named_png/images/images/lowercase-checked.png	4838786	1037	16	16	49529116eaf0f2d03f5b3659b0dacbd540da0025
images/images/sound-off-hover.png	SAMPLES/icons-VegesEffects/named_png/images/images/sound-off-hover.png	4781968	1153	16	16	a9e799ff1595392a66b4b9c9e48d09ab69dc2da1
images/images/export-queue-layered-disabled.png	SAMPLES/icons-VegesEffects/named_png/images/images/export-queue-layered-disabled.png	123187	1340	16	16	70e69ff5840d129d3946103154612f63eff96c4a
images/images/smooth-in-hover@2x.png	SAMPLES/icons-VegesEffects/named_png/images/images/smooth-in-hover@2x.png	515372	1125	32	32	26e16749cb12e0a4fbf507a12331580392cf398d
images/images/track-select-backward-disabled.png	SAMPLES/icons-VegesEffects/named_png/images/images/track-select-backward-disabled.png	464909	1180	16	16	03a3a7f640c7376c42e29971a5fe76cd0251f93a
images/images/sync-scroll.png	SAMPLES/icons-VegesEffects/named_png/images/images/sync-scroll.png	3025085	1055	16	16	723b5073d0f8c3d033a3ab5aee1917e975919a1f
images/images/clock-menu.png	SAMPLES/icons-VegesEffects/named_png/images/images/clock-menu.png	5398816	1446	16	16	c87b4f34d07d4a204e1db5de74bbebb60cd8a890
images/images/cursor-single-track-forward-hover@2x.png	SAMPLES/icons-VegesEffects/named_png/images/images/cursor-single-track-forward-hover@2x.png	5515455	1424	64	64	65e8d6ae861c24b5f18baef5f563a99e288f7cf1
images/images/favorites-category-disabled@2x.png	SAMPLES/icons-VegesEffects/named_png/images/images/favorites-category-disabled@2x.png	4996167	3609	128	128	213a15253931e43293b1b77f0a7f413068f6be1f
images/images/key-frame-ease-out.png	SAMPLES/icons-VegesEffects/named_png/images/images/key-frame-ease-out.png	3156032	1043	16	16	3ae38094d503babb614b2b5d8faea65c87f7b131
images/images/cursor-resize-invalid.png	SAMPLES/icons-VegesEffects/named_png/images/images/cursor-resize-invalid.png	4586396	1301	32	32	57c3fb4bc1ce02f57bfa17a826ff9554ce175ea8
images/images/material-toggle-disabled@2x.png	SAMPLES/icons-VegesEffects/named_png/images/images/material-toggle-disabled@2x.png	2713801	1373	32	32	b05f4f22aa0cdb8dde92c65cfc4acb98cf364b31
images/images/sync-scroll-disabled.png	SAMPLES/icons-VegesEffects/named_png/images/images/sync-scroll-disabled.png	496240	1048	16	16	42557d7d05cc79cc9d9b64b352f38d92e0ec8e39
images/images/crosshair-black@2x.png	SAMPLES/icons-VegesEffects/named_png/images/images/crosshair-black@2x.png	3684101	1854	32	32	90da13f39a70f8e9040f4324d3085e70d99484fc
images/images/file-offline-preview.png	SAMPLES/icons-VegesEffects/named_png/images/images/file-offline-preview.png	432218	1720	106	60	5abfa95853767a105579c49760951022a3724f1f
images/images/effect-ae-plugin-disabled@2x.png	SAMPLES/icons-VegesEffects/named_png/images/images/effect-ae-plugin-disabled@2x.png	4427689	1296	32	32	cf3a9663091f10dd1de02768045f0f1c642ac107
images/images/cursor-rolling-checked@2x.png	SAMPLES/icons-VegesEffects/named_png/images/images/cursor-rolling-checked@2x.png	1055830	1233	64	64	460f23ec98e80ed520a4ff660f575e1c0ce13373
images/images/effect-3d-particle-checked@2x.png	SAMPLES/icons-VegesEffects/named_png/images/images/effect-3d-particle-checked@2x.png	4941785	1468	32	32	086716d5af614c6c417b54f00b09833ac2d57331
images/images/track-select-forward-menu@2x.png	SAMPLES/icons-VegesEffects/named_png/images/images/track-select-forward-menu@2x.png	1260448	1264	32	32	c76104a798c60e9404c1ed5b97a6f3ea0a4d7ff8
images/images/cursor-slice-invalid@2x.png	SAMPLES/icons-VegesEffects/named_png/images/images/cursor-slice-invalid@2x.png	4524812	1458	64	64	4d30d4045eae0420bcc1c5cd35c0d174ec6981c2
images/images/layer-properties.png	SAMPLES/icons-VegesEffects/named_png/images/images/layer-properties.png	4618419	1441	16	16	cfd86263d007b39990872b956e1e1a22a70e160d
images/images/close-hover@2x.png	SAMPLES/icons-VegesEffects/named_png/images/images/close-hover@2x.png	3082914	1069	32	32	2acc145616fa9f57cad065da35f9f2de81ebd789
images/images/clock-hover@2x.png	SAMPLES/icons-VegesEffects/named_png/images/images/clock-hover@2x.png	445303	1755	32	32	c16e37ae4062c5ff1abf0316b1561da1bab6f6c2
images/images/mask-close-checked@2x.png	SAMPLES/icons-VegesEffects/named_png/images/images/mask-close-checked@2x.png	1164821	1149	32	32	c250e060366b464808b9ebf7631a1bccd87cac7e
images/images/crosshair-black-disabled.png	SAMPLES/icons-VegesEffects/named_png/images/images/crosshair-black-disabled.png	3945630	656	16	16	20dcf950b347aac62037e1d200b4a6e4e3f7637b
images/images/key-frame-off.png	SAMPLES/icons-VegesEffects/named_png/images/images/key-frame-off.png	3550786	1157	16	16	ffc1200dc747370e2d3957876ac613acfb83b124
images/images/text-bottom-indent.png	SAMPLES/icons-VegesEffects/named_png/images/images/text-bottom-indent.png	4257861	1025	16	16	b482323fdc90afac04244a56eb6c4d8f6672073e
images/images/caret-down-checked@2x.png	SAMPLES/icons-VegesEffects/named_png/images/images/caret-down-checked@2x.png	1018109	1119	32	32	a08d473e524f4e13e568fa3b764ec970cc56edcc
images/images/black-caret-checked@2x.png	SAMPLES/icons-VegesEffects/named_png/images/images/black-caret-checked@2x.png	3316782	1050	32	32	453f6de8aa653de3b1520d66a0dac47a41c021bc
images/images/slice-disabled@2x.png	SAMPLES/icons-VegesEffects/named_png/images/images/slice-disabled@2x.png	3586559	1425	32	32	6deb309d24ac93f61ef71b1d0fc91e99c6e3fc21
images/images/smooth-in-checked@2x.png	SAMPLES/icons-VegesEffects/named_png/images/images/smooth-in-checked@2x.png	5037062	1125	32	32	89151cf937aa81313ec009909a7eaf1ec2fc13d0
images/images/text-top-indent.png	SAMPLES/icons-VegesEffects/named_png/images/images/text-top-indent.png	2880931	1025	16	16	2272533ed3814af664e5b6ff120b0f3a4f3be9b0
images/images/proxy-complete-disabled@2x.png	SAMPLES/icons-VegesEffects/named_png/images/images/proxy-complete-disabled@2x.png	3039313	1345	32	32	f4079546f20ba96b156b9faefad4b64d0250e0df
images/images/preset-2d-disabled@2x.png	SAMPLES/icons-VegesEffects/named_png/images/images/preset-2d-disabled@2x.png	5009077	1082	32	32	2ceb5192df985f18a86ed90de654bc16fec231e9
images/images/track-select-forward-menu-disabled.png	SAMPLES/icons-VegesEffects/named_png/images/images/track-select-forward-menu-disabled.png	2989675	1187	16	16	d74f8cd59313f1ba1ec951318bdf522387c61d96
images/images/black-disabled@2x.png	SAMPLES/icons-VegesEffects/named_png/images/images/black-disabled@2x.png	2934402	978	32	32	236d1ae0eb44072e49e75dcfd80a900a88ca5006
images/images/cursor-ripple-left@2x.png	SAMPLES/icons-VegesEffects/named_png/images/images/cursor-ripple-left@2x.png	3664400	1606	64	64	6b70fbaf4da823ac09a4293863949c317243e5e0
images/images/cursor-slice-invalid-disabled.png	SAMPLES/icons-VegesEffects/named_png/images/images/cursor-slice-invalid-disabled.png	4184877	1231	32	32	be4f761a54de4b84afced481a9b90f2b4dac5a14
images/images/mask-star@2x.png	SAMPLES/icons-VegesEffects/named_png/images/images/mask-star@2x.png	338956	1540	32	32	ce299bdda6066382d7be059fabb4209c6b6e78ef
images/images/gray-caret-checked.png	SAMPLES/icons-VegesEffects/named_png/images/images/gray-caret-checked.png	3473735	989	16	16	48fa578ef34c6db6fb3265b95093a713bdfab7fa
images/images/file-offline-hover@2x.png	SAMPLES/icons-VegesEffects/named_png/images/images/file-offline-hover@2x.png	1394904	1293	32	32	fa46f582c78ff26d55eca5c1b8c043039be7c669
images/images/composite-shot-hover.png	SAMPLES/icons-VegesEffects/named_png/images/images/composite-shot-hover.png	3305607	1054	16	16	1e867571357caffce613b21b63203b2298aba92f
images/images/clockwise90-checked.png	SAMPLES/icons-VegesEffects/named_png/images/images/clockwise90-checked.png	3255413	1033	16	16	2392445c54d5e7bc2fd99ac0320d30c15685e638
images/images/capitalize-hover.png	SAMPLES/icons-VegesEffects/named_png/images/images/capitalize-hover.png	4221713	1041	16	16	7e964950cf156f8fcdd68d00f519b73bc66d8c0c
images/images/margin-right-hover.png	SAMPLES/icons-VegesEffects/named_png/images/images/margin-right-hover.png	1469182	969	16	16	fbb2827df245a042da8327f68c6840c930e95a82
images/images/layout-canvas-top-disabled.png	SAMPLES/icons-VegesEffects/named_png/images/images/layout-canvas-top-disabled.png	3388677	1040	16	16	d22768327192a63d7c0591c425c075a6ec79668e
images/images/drop-container-arrows-disabled@2x.png	SAMPLES/icons-VegesEffects/named_png/images/images/drop-container-arrows-disabled@2x.png	4973387	2223	128	128	2d5509afa43ee1afcf6bb53099e8b6abb75b5a0a
images/images/frame-out-checked.png	SAMPLES/icons-VegesEffects/named_png/images/images/frame-out-checked.png	5069845	987	16	16	62f4c6c2e60085eaf523c70024dd52ddc02d2d48
images/images/caret-up-hover.png	SAMPLES/icons-VegesEffects/named_png/images/images/caret-up-hover.png	3004559	1012	16	16	76099f4914bd075872c3d0d9fbef56558382e4ae
images/images/pentagon-outline.png	SAMPLES/icons-VegesEffects/named_png/images/images/pentagon-outline.png	3904479	1180	16	16	d7b80333cb4125c28974483c11108b3fe1c77bbd
images/images/stop-ram-checked@2x.png	SAMPLES/icons-VegesEffects/named_png/images/images/stop-ram-checked@2x.png	1280203	1187	32	32	652be6d2c86d5f068b7a4a2151852ccd18635e54
images/images/black-caret-disabled.png	SAMPLES/icons-VegesEffects/named_png/images/images/black-caret-disabled.png	1304490	991	16	16	4348484d16ca1006ba6970c02982052c92a7ea5a
images/images/settings-checked.png	SAMPLES/icons-VegesEffects/named_png/images/images/settings-checked.png	3612542	1441	16	16	bfedbd3906d14e7568e8e9620b537f649d118668
images/images/mirror-horizontal@2x.png	SAMPLES/icons-VegesEffects/named_png/images/images/mirror-horizontal@2x.png	3469346	1208	32	32	bf31999bf9f7173d217a70c65a58e43d5c3c3c50
images/images/bottom-right@2x.png	SAMPLES/icons-VegesEffects/named_png/images/images/bottom-right@2x.png	331622	1029	32	32	6b94f444626baccc92b521572aff79dca0d6c11e
images/images/brush-remove-checked.png	SAMPLES/icons-VegesEffects/named_png/images/images/brush-remove-checked.png	3658318	1098	16	16	5f0e06a26d6869bc12de59a59f8137f3fa1dc909
images/images/sound-on.png	SAMPLES/icons-VegesEffects/named_png/images/images/sound-on.png	3489256	1345	16	16	a6cd53a40e0980b06faea66d336ff7b0bb7b2469
images/images/hexagon-outline-hover.png	SAMPLES/icons-VegesEffects/named_png/images/images/hexagon-outline-hover.png	118576	1100	16	16	ec3db36cf593dd5eef62a2f2d32fa6600a3fe3b6
images/images/edit-overlay-checked.png	SAMPLES/icons-VegesEffects/named_png/images/images/edit-overlay-checked.png	4158913	1012	16	16	ffe7be7c7522b38f8ab572635328bcc834c1fadc
images/images/vector-path-hover@2x.png	SAMPLES/icons-VegesEffects/named_png/images/images/vector-path-hover@2x.png	365478	1143	32	32	8e77d02e1939a5b3b1c5122c1df2f940fb26e360
images/images/align-vertically-hover.png	SAMPLES/icons-VegesEffects/named_png/images/images/align-vertically-hover.png	3716410	974	16	16	445bcb8523680870ced4bd7ae5839ff7c0c10e39
images/images/align-bottom-checked@2x.png	SAMPLES/icons-VegesEffects/named_png/images/images/align-bottom-checked@2x.png	187906	989	32	32	79998113fcadba965e4ba950d61fbbb17dee2334
images/images/capitalize-hover@2x.png	SAMPLES/icons-VegesEffects/named_png/images/images/capitalize-hover@2x.png	4434327	1084	32	32	bd583a76eb149880962e8eb2a6a580d3b45b4e3a
images/images/render-timeline@2x.png	SAMPLES/icons-VegesEffects/named_png/images/images/render-timeline@2x.png	4900230	1429	32	32	639d4063402de6a1abbb41753a365a54cec373f9
images/images/align-horizontally-checked.png	SAMPLES/icons-VegesEffects/named_png/images/images/align-horizontally-checked.png	5579374	968	16	16	06f2b0e52fa438dd9a0e7f04b223783009664634
images/images/exclamation-double.png	SAMPLES/icons-VegesEffects/named_png/images/images/exclamation-double.png	5587265	1572	32	32	305d6ac6f3868a0d2c51d39a4d2e12d1feb9728e
images/images/new-add-plus-hover@2x.png	SAMPLES/icons-VegesEffects/named_png/images/images/new-add-plus-hover@2x.png	3298623	1333	32	32	42a4e08bed360f997870a8d6cef4acd5ff4564b2
images/images/file-audio-preview-disabled@2x.png	SAMPLES/icons-VegesEffects/named_png/images/images/file-audio-preview-disabled@2x.png	1425499	2128	212	120	5a3b5c4a17c54d854c99e6fc16d52ccdf2c86f68
images/images/mask-subtract.png	SAMPLES/icons-VegesEffects/named_png/images/images/mask-subtract.png	1187146	964	16	16	0e7769d637c3b8a12881ce3098b56e98333478ed
images/images/graph-flat-disabled@2x.png	SAMPLES/icons-VegesEffects/named_png/images/images/graph-flat-disabled@2x.png	4125857	1009	32	32	91b55dbaf7c7c7622b2a2bf120cf055f0f0fc3b6
images/images/play-ram-checked@2x.png	SAMPLES/icons-VegesEffects/named_png/images/images/play-ram-checked@2x.png	5223352	1229	32	32	4290c2b2a776d15fdcf85e4545f2c3f3426f927f
images/images/control-point.png	SAMPLES/icons-VegesEffects/named_png/images/images/control-point.png	3039099	210	16	16	cbad19b1d2c9a24e3813817b44389be9dfc9a770
images/images/letter-scaling-horizontal-hover@2x.png	SAMPLES/icons-VegesEffects/named_png/images/images/letter-scaling-horizontal-hover@2x.png	4616002	1241	32	32	d3f5b1a0c4db243bcce946de280f21476bba64f3
images/images/add-container-south-disabled@2x.png	SAMPLES/icons-VegesEffects/named_png/images/images/add-container-south-disabled@2x.png	1275012	1258	64	128	fa271a0016976dca4d5f9071147301928cfe325c
images/images/linear-disabled@2x.png	SAMPLES/icons-VegesEffects/named_png/images/images/linear-disabled@2x.png	2886552	1137	32	32	cbca6487caf4f96cc9462d697973910ae33e99dc
images/images/graph-decline-disabled@2x.png	SAMPLES/icons-VegesEffects/named_png/images/images/graph-decline-disabled@2x.png	3197430	1146	32	32	81e589a55d3b103954038d3c7c0e0e4c6fb69207
images/images/export-queue-layered-hover@2x.png	SAMPLES/icons-VegesEffects/named_png/images/images/export-queue-layered-hover@2x.png	1069650	1336	32	32	cb28e89251445dbc98d9efa47a97f28830341891
images/images/delete-trash-hover.png	SAMPLES/icons-VegesEffects/named_png/images/images/delete-trash-hover.png	914195	1102	16	16	d46ad68d482558d8528b3900af88fb0c04048bb4
images/images/smooth-in-disabled.png	SAMPLES/icons-VegesEffects/named_png/images/images/smooth-in-disabled.png	5426004	1042	16	16	a27c1d1bbba6abae460f4a8584f03405a1829a90
images/images/keyframe-track-object-disabled@2x.png	SAMPLES/icons-VegesEffects/named_png/images/images/keyframe-track-object-disabled@2x.png	142368	1222	32	32	6a4043d16542fc365c414900287f4af2240e68a9
images/images/track-select-backward-hover@2x.png	SAMPLES/icons-VegesEffects/named_png/images/images/track-select-backward-hover@2x.png	1396201	1179	32	32	6c6f118adc693e3f7fd4ffb6237da0e0f3777cdb
images/images/cursor-single-track-forward-disabled.png	SAMPLES/icons-VegesEffects/named_png/images/images/cursor-single-track-forward-disabled.png	1432366	1230	32	32	c47d0b8c47d26838c66c7f95ca919f29754e6c10
images/images/letter-scaling-horizontal-hover.png	SAMPLES/icons-VegesEffects/named_png/images/images/letter-scaling-horizontal-hover.png	4985043	1126	16	16	b41b977ca8a08642239b4dcdeab69acc9126e8e9
images/images/reset-hover.png	SAMPLES/icons-VegesEffects/named_png/images/images/reset-hover.png	469903	1277	16	16	28e452946caefb6661c6c9190cc2b61b26e7b9bd
images/images/magnify-search.png	SAMPLES/icons-VegesEffects/named_png/images/images/magnify-search.png	2862291	1361	16	16	d0a8a3eeb6122d54b6abf2b6158a873e47e88373
images/images/key-frame-manual-bezier-hover.png	SAMPLES/icons-VegesEffects/named_png/images/images/key-frame-manual-bezier-hover.png	3797904	1046	16	16	35c4254cdc11b0b3b363840f13722d9411118528
images/images/close-circle@2x.png	SAMPLES/icons-VegesEffects/named_png/images/images/close-circle@2x.png	4593301	1661	32	32	cdbdd6a10dc678dfc011d87fc79f792305f124ca
images/images/preset-3d-disabled@2x.png	SAMPLES/icons-VegesEffects/named_png/images/images/preset-3d-disabled@2x.png	951865	1324	32	32	264f795b3d6d6b565f53527735ab99d56f3ad31e
images/images/sync-scroll-hover@2x.png	SAMPLES/icons-VegesEffects/named_png/images/images/sync-scroll-hover@2x.png	1433600	1112	32	32	141c02ee7d6c603b7d4584df0b4b3249f6316cd2
images/images/print-canvas@2x.png	SAMPLES/icons-VegesEffects/named_png/images/images/print-canvas@2x.png	3367773	1376	32	32	8f638934cb0c25ba9b6cf9221bba12ad736ab39c
images/images/eraser-hover.png	SAMPLES/icons-VegesEffects/named_png/images/images/eraser-hover.png	1136176	940	16	16	c5c1be90b536fbd72d8a985c08675c6a886a9f65
images/images/camera-orbit-layer-disabled@2x.png	SAMPLES/icons-VegesEffects/named_png/images/images/camera-orbit-layer-disabled@2x.png	1144713	1372	32	32	b931f001ac1b10dd5b9a07a3b4de9803f4bbe911
images/images/effect-ae-plugin-checked.png	SAMPLES/icons-VegesEffects/named_png/images/images/effect-ae-plugin-checked.png	3067487	1209	16	16	464e999d630f90b832d7fe64aaba5615072d69a7
images/images/frame-first@2x.png	SAMPLES/icons-VegesEffects/named_png/images/images/frame-first@2x.png	5087376	1079	32	32	1f596a4d76dfbd08224824225dbf8e3c34cc4091
images/images/effect-2d-plugin-checked.png	SAMPLES/icons-VegesEffects/named_png/images/images/effect-2d-plugin-checked.png	4905208	1123	16	16	a66a4daf69252822b0ae9e33aba6844407526cb4
images/images/clock-disabled.png	SAMPLES/icons-VegesEffects/named_png/images/images/clock-disabled.png	5360042	1335	16	16	dac5423e8cf64de4e6ce3e85194cb5077067f954
images/images/text-left-justified.png	SAMPLES/icons-VegesEffects/named_png/images/images/text-left-justified.png	471184	968	16	16	a5d78e09479965dffc9ffbf5ea8d3fc598f61c65
images/images/close-disabled.png	SAMPLES/icons-VegesEffects/named_png/images/images/close-disabled.png	4179035	1044	16	16	f4c0f468d8781393c04cab09dad558859556a43a
images/images/layout-checked@2x.png	SAMPLES/icons-VegesEffects/named_png/images/images/layout-checked@2x.png	4924313	1087	32	32	e090f2273be618ae687faeadd4f54e397da7c935
images/images/smooth-in-disabled@2x.png	SAMPLES/icons-VegesEffects/named_png/images/images/smooth-in-disabled@2x.png	4815562	1143	32	32	ac24c3e03f7c541fee477aa20a198c37f58ace98
images/images/key-frame-auto-bezier-checked@2x.png	SAMPLES/icons-VegesEffects/named_png/images/images/key-frame-auto-bezier-checked@2x.png	3365582	1218	32	32	1007c0a57ecc87027cea3f596e5ffcbb4996ad26
images/images/action-ignore-hover@2x.png	SAMPLES/icons-VegesEffects/named_png/images/images/action-ignore-hover@2x.png	392288	1525	64	64	43dbcc25299ebb6a1ab185faae588b1e18945e65
images/images/hud-textbox-overflow-disabled@2x.png	SAMPLES/icons-VegesEffects/named_png/images/images/hud-textbox-overflow-disabled@2x.png	4932182	1547	32	32	2ab87fc6b60b41ec0bb020876268f0071ffaf1ef
images/images/distribute-right-checked@2x.png	SAMPLES/icons-VegesEffects/named_png/images/images/distribute-right-checked@2x.png	5239986	989	32	32	60fc4f86d32b675345dc65e4752bdf71355053ca
images/images/clipboard-cut@2x.png	SAMPLES/icons-VegesEffects/named_png/images/images/clipboard-cut@2x.png	5052972	1853	32	32	368ef05cda13ebc773cfe092723e804ceca82782
images/images/camera-orbit-point-disabled.png	SAMPLES/icons-VegesEffects/named_png/images/images/camera-orbit-point-disabled.png	3036954	1176	16	16	8ea62533bcaf142095a1cbf1818eae120991464d
images/images/key-frame-ease-in-disabled@2x.png	SAMPLES/icons-VegesEffects/named_png/images/images/key-frame-ease-in-disabled@2x.png	1171181	1143	32	32	7480dea8e49e6756ae0378529e78304c2bd50e63
images/images/graph-decline-disabled.png	SAMPLES/icons-VegesEffects/named_png/images/images/graph-decline-disabled.png	4697913	1057	16	16	a6df215ec8ebc935830b3ceae77add17e04bab50
images/images/frame-first-hover.png	SAMPLES/icons-VegesEffects/named_png/images/images/frame-first-hover.png	5370583	998	16	16	279d5a14d19eebea9717fa3d859330c968b74fd9
images/images/about@2x.png	SAMPLES/icons-VegesEffects/named_png/images/images/about@2x.png	3752947	15218	1004	156	a98c974723535e17cac2a532a1a77934ac063653
images/images/track-select-forward-menu-disabled@2x.png	SAMPLES/icons-VegesEffects/named_png/images/images/track-select-forward-menu-disabled@2x.png	4535446	1259	32	32	062aeb70b21b2fbafb13cdc7990e71920da589a7
images/images/folder-locked-open-hover.png	SAMPLES/icons-VegesEffects/named_png/images/images/folder-locked-open-hover.png	1277414	1203	16	16	55238f5ee4bc5f6cd3b51d5f508d8ab660bfc40f
images/images/text-gap-after-paragraph-disabled@2x.png	SAMPLES/icons-VegesEffects/named_png/images/images/text-gap-after-paragraph-disabled@2x.png	3798954	1019	32	32	09c21c00521d819ed812ae00c9257f9b4912559f
images/images/clockwise90-disabled@2x.png	SAMPLES/icons-VegesEffects/named_png/images/images/clockwise90-disabled@2x.png	4801083	1156	32	32	8feffae59a9e2164d3fcce7d38da4deec9bda24b
images/images/transition-audio@2x.png	SAMPLES/icons-VegesEffects/named_png/images/images/transition-audio@2x.png	3457538	1385	32	32	7b2907a8a7213a1704e0f0aa06bbc39262d2bcd9
images/images/curves-straight-disabled@2x.png	SAMPLES/icons-VegesEffects/named_png/images/images/curves-straight-disabled@2x.png	5017460	1104	32	32	8078263faf60d0a0b52667862d3da357e0956020
images/images/clipboard-cut-hover.png	SAMPLES/icons-VegesEffects/named_png/images/images/clipboard-cut-hover.png	1470155	1391	16	16	24dc7bde0a5d5cd9e1790ec3e2b4b029a45025a3
images/images/cursor-slide-invalid-disabled.png	SAMPLES/icons-VegesEffects/named_png/images/images/cursor-slide-invalid-disabled.png	4880325	1114	32	32	14542295605a0966999d48c5f103eb996971a9f5
images/images/gray-caret-hover.png	SAMPLES/icons-VegesEffects/named_png/images/images/gray-caret-hover.png	286154	982	16	16	6bd6bc09f739315e2780cd7ea09cba98938e7977
images/images/text-top-indent-hover@2x.png	SAMPLES/icons-VegesEffects/named_png/images/images/text-top-indent-hover@2x.png	943149	1073	32	32	5c57c80a6ea795d89a1eac41ee86793f1981d61d
images/images/video-on-hover@2x.png	SAMPLES/icons-VegesEffects/named_png/images/images/video-on-hover@2x.png	1480959	1974	32	32	443ad5a267d4cfeb99d69413e551388c9be14f14
images/images/dodecagon-outline-checked.png	SAMPLES/icons-VegesEffects/named_png/images/images/dodecagon-outline-checked.png	5487976	1136	16	16	a5494a17423febe6248f4530b65c0da1c20f5b58
images/images/track-select-forward-menu.png	SAMPLES/icons-VegesEffects/named_png/images/images/track-select-forward-menu.png	4106007	1200	16	16	f34064fa869317b4aab2284fd440459c66179dfe
images/images/frame-last-hover.png	SAMPLES/icons-VegesEffects/named_png/images/images/frame-last-hover.png	4686111	996	16	16	6192a2b72ea7f02f6c5441ef4e869a6dc109bc8b
images/images/curves-straight.png	SAMPLES/icons-VegesEffects/named_png/images/images/curves-straight.png	3564904	1069	16	16	d731c03e245a17481d545fc78c53db615a4e05dd
images/images/add-container-south.png	SAMPLES/icons-VegesEffects/named_png/images/images/add-container-south.png	903917	1103	32	64	0f2acdfe23e29d948572efe373d09855e9c4c572
images/images/strikethrough-hover.png	SAMPLES/icons-VegesEffects/named_png/images/images/strikethrough-hover.png	5265714	1000	16	16	2131438588ab183f207ea9462c972739a80ba8ac
images/images/preset-3d.png	SAMPLES/icons-VegesEffects/named_png/images/images/preset-3d.png	5351602	1217	16	16	a4fe5a5b5083552bf297936a1bc94c5ba6a83062
images/images/slide-menu-hover.png	SAMPLES/icons-VegesEffects/named_png/images/images/slide-menu-hover.png	5245378	1033	16	16	a80e870ecaa3d6e3d5c06eda66883223f856f4bc
images/images/camera-orbit-layer.png	SAMPLES/icons-VegesEffects/named_png/images/images/camera-orbit-layer.png	4772960	1209	16	16	702944e769c95f106548a441a3afbbaf699529bb
images/images/freehand-path-menu@2x.png	SAMPLES/icons-VegesEffects/named_png/images/images/freehand-path-menu@2x.png	1340540	1460	32	32	e94e2b7c368e2ea964ce758e830a1d1b4421843d
images/images/pointer@2x.png	SAMPLES/icons-VegesEffects/named_png/images/images/pointer@2x.png	251254	1460	32	32	3e6fee9d28bbd54be93d1eb94982c0ceb33482ad
images/images/zoom-max@2x.png	SAMPLES/icons-VegesEffects/named_png/images/images/zoom-max@2x.png	3121213	1164	32	32	17d4665cfb2fd2f97dac9cc089bf4f0cd307a7b5
images/images/zoom-min@2x.png	SAMPLES/icons-VegesEffects/named_png/images/images/zoom-min@2x.png	933330	1107	32	32	75f43ea0f9317abb44e45c306066d9b0ba473da8
images/images/layout-disabled.png	SAMPLES/icons-VegesEffects/named_png/images/images/layout-disabled.png	4931121	1057	16	16	c6dd90a025f72c274eaad4439f1c8522a1d0d1e7
images/images/superscirpt-hover@2x.png	SAMPLES/icons-VegesEffects/named_png/images/images/superscirpt-hover@2x.png	4863277	1043	32	32	fa07255b4d844d51771c704e66e244ac6d1f27a8
images/images/slice.png	SAMPLES/icons-VegesEffects/named_png/images/images/slice.png	1090161	1212	16	16	bc83e10a66e2c25f37041865ec8bc2e8efd3f35f
images/images/dialog-critical@2x.png	SAMPLES/icons-VegesEffects/named_png/images/images/dialog-critical@2x.png	3629630	1688	64	64	60a2f56153cae6b38797be4d0ea25b1b92065e1e
images/images/blank-disabled.png	SAMPLES/icons-VegesEffects/named_png/images/images/blank-disabled.png	5361381	985	16	16	27e62bcf6ece950f9f26e5746265cc50ea46dff8
images/images/motion-blur-checked@2x.png	SAMPLES/icons-VegesEffects/named_png/images/images/motion-blur-checked@2x.png	1012223	1447	32	32	cdffa7ec0cdfab766f895f1e93b64f77ee254bbd
images/images/preset-2d.png	SAMPLES/icons-VegesEffects/named_png/images/images/preset-2d.png	3573563	1058	16	16	8435f84bee582d4fc6849263f7a1c408e0aaa62c
images/images/black-disabled.png	SAMPLES/icons-VegesEffects/named_png/images/images/black-disabled.png	1391030	957	16	16	9370843727c9c602a03263fc21f4b8657ba52a87
images/images/redo-disabled@2x.png	SAMPLES/icons-VegesEffects/named_png/images/images/redo-disabled@2x.png	4057473	1345	32	32	1972be32efbdf2cf30cb91fc185a939ce8c7c2ad
images/images/septagon-outline.png	SAMPLES/icons-VegesEffects/named_png/images/images/septagon-outline.png	369199	1170	16	16	9c33805b15a66f07988f16575273cfb349b653c6
images/images/checkbox-normal-hover.png	SAMPLES/icons-VegesEffects/named_png/images/images/checkbox-normal-hover.png	5355110	1046	40	15	b6fc800bea4b7dd1e8e3f5b76df649026a790827
images/images/key-frame-disabled@2x.png	SAMPLES/icons-VegesEffects/named_png/images/images/key-frame-disabled@2x.png	4784420	1137	32	32	7c2375490dbdb76a26e7559496e3001c0f52d660
images/images/align-top@2x.png	SAMPLES/icons-VegesEffects/named_png/images/images/align-top@2x.png	1270477	996	32	32	57668d36b72a0c257a929b614d34576b86bab7d1
images/images/slide.png	SAMPLES/icons-VegesEffects/named_png/images/images/slide.png	3956186	1028	16	16	2e78f15b2dc95d3834b67b99916d8519c2b309ec
images/images/text-left-align@2x.png	SAMPLES/icons-VegesEffects/named_png/images/images/text-left-align@2x.png	3631322	990	32	32	226328510edb7f26e82a9bed01ee70d41967289c
images/images/global-preset-right-hover@2x.png	SAMPLES/icons-VegesEffects/named_png/images/images/global-preset-right-hover@2x.png	3827440	982	32	32	f64077d536a5f76d97b0a941a4df3de8682e833d
images/images/layout-canvas-center.png	SAMPLES/icons-VegesEffects/named_png/images/images/layout-canvas-center.png	4099206	1060	16	16	9d20f917bbd11354852be5568857a3a51a56927f
images/images/radio-only-hover@2x.png	SAMPLES/icons-VegesEffects/named_png/images/images/radio-only-hover@2x.png	5384843	1087	32	32	b4f3ac94f853e869654fd16b552640e51c67afc0
images/images/triangle-outline.png	SAMPLES/icons-VegesEffects/named_png/images/images/triangle-outline.png	987394	1145	16	16	cdcc347893580744b7d0b668c5a6eeadb234afbf
images/images/camera-orbit-layer-hover@2x.png	SAMPLES/icons-VegesEffects/named_png/images/images/camera-orbit-layer-hover@2x.png	1023660	1255	32	32	e279cbabc8c4174f2e29716b00ff647ee9c5bbf7
images/images/file-audio-filter-hover@2x.png	SAMPLES/icons-VegesEffects/named_png/images/images/file-audio-filter-hover@2x.png	3609967	1373	32	32	a09d3b7800930ae3cc30f54a119a0c53c8b217b6
images/images/browser-back@2x.png	SAMPLES/icons-VegesEffects/named_png/images/images/browser-back@2x.png	887513	1216	32	32	0264a793b1b534b88896cd72083c2c72584840b2
images/images/radio-unchecked-hover@2x.png	SAMPLES/icons-VegesEffects/named_png/images/images/radio-unchecked-hover@2x.png	1436000	1251	32	32	36c87313e4a985c47fb556d1d516782a7aefd8da
images/images/layout-canvas-middle-hover@2x.png	SAMPLES/icons-VegesEffects/named_png/images/images/layout-canvas-middle-hover@2x.png	899269	1029	32	32	6ac9982221855e77ab4bf99a64997d2cc7089d1e
images/images/cursor-ripple-right-hover.png	SAMPLES/icons-VegesEffects/named_png/images/images/cursor-ripple-right-hover.png	4188171	1282	32	32	f847de3e1ebfab18a9210840ee2d21464a9f5c2e
images/images/exclamation@2x.png	SAMPLES/icons-VegesEffects/named_png/images/images/exclamation@2x.png	4632980	1416	32	32	6ffb0cd9ff8762b022cec87ddb9fb56ba072356a
images/images/slider-alpha-light-tile-disabled.png	SAMPLES/icons-VegesEffects/named_png/images/images/slider-alpha-light-tile-disabled.png	2939406	950	10	10	51c7dd046a7f80b156962e87798256039228955b
images/images/layout-distribute-between-horizontal@2x.png	SAMPLES/icons-VegesEffects/named_png/images/images/layout-distribute-between-horizontal@2x.png	106024	998	32	32	7fd7b509592c4de853df6db91154faac14a32763
images/images/export-video-disabled@2x.png	SAMPLES/icons-VegesEffects/named_png/images/images/export-video-disabled@2x.png	1324262	1117	32	32	c03ddb51a24d2f5f549f2667289ace46d33c676c
images/images/curves-s-checked.png	SAMPLES/icons-VegesEffects/named_png/images/images/curves-s-checked.png	3736974	1086	16	16	83ee081895a38d9f9d913693ba47d330bce88966
images/images/linked-hover.png	SAMPLES/icons-VegesEffects/named_png/images/images/linked-hover.png	4677212	1301	16	16	b6ede7ef797c67ab2c56d1f477d8c879120c47ae
images/images/locked-hover.png	SAMPLES/icons-VegesEffects/named_png/images/images/locked-hover.png	3146553	1155	16	16	dbe06dc96b1d5b36793a873ca773d8978987bc1a
images/images/workspaces-disabled.png	SAMPLES/icons-VegesEffects/named_png/images/images/workspaces-disabled.png	3649186	957	16	16	7af678dbfca2eca0e9d144a0a9ec33a8b4e31ab7
images/images/star-outline-checked.png	SAMPLES/icons-VegesEffects/named_png/images/images/star-outline-checked.png	3729177	1171	16	16	3854cec1bd9f07630f327480215684b8e6761b42
images/images/curves-straight-checked.png	SAMPLES/icons-VegesEffects/named_png/images/images/curves-straight-checked.png	4015997	1013	16	16	c2de2155b283a65e6dc8a650d6abededc45ce987
images/images/mask-bend-path-checked@2x.png	SAMPLES/icons-VegesEffects/named_png/images/images/mask-bend-path-checked@2x.png	364046	1428	32	32	d7fcd18d3e42269af89095d3f42dd55e56cd9703
images/images/track-select-backward-menu-disabled.png	SAMPLES/icons-VegesEffects/named_png/images/images/track-select-backward-menu-disabled.png	4279269	1203	16	16	4fb1cdfaf8ff81a874f4b0481a2b04878d352ba2
images/images/hud-zoom-disabled@2x.png	SAMPLES/icons-VegesEffects/named_png/images/images/hud-zoom-disabled@2x.png	4119379	1587	32	32	4e6af65fd235954388732e8ed105d14d08f688c4
images/images/export-queue-hot-folder-disabled.png	SAMPLES/icons-VegesEffects/named_png/images/images/export-queue-hot-folder-disabled.png	4373264	1201	16	16	e0de27db509eff04712776c8ddbe0345357b7a6e
images/images/handle-disabled.png	SAMPLES/icons-VegesEffects/named_png/images/images/handle-disabled.png	3136833	966	5	13	816459b07192a191ec6b2f25ea395c9d65e7d450
images/images/add-checked.png	SAMPLES/icons-VegesEffects/named_png/images/images/add-checked.png	5297715	1240	16	16	8bed4e627f836f1a3a64da9534094b268edf59dc
images/images/cursor-ripple-invalid-disabled.png	SAMPLES/icons-VegesEffects/named_png/images/images/cursor-ripple-invalid-disabled.png	454410	1401	32	32	d20475cc5725c6d7173399ec2170c83378cec000
images/images/image-layer@2x.png	SAMPLES/icons-VegesEffects/named_png/images/images/image-layer@2x.png	337274	1678	32	32	0da70ed1a516976051306a4ed202db92e9f9d31b
images/images/bezier.png	SAMPLES/icons-VegesEffects/named_png/images/images/bezier.png	5456735	1063	16	16	60d8d764887972042a09c9aaec850f11cc5f0cb4
images/images/slide-disabled@2x.png	SAMPLES/icons-VegesEffects/named_png/images/images/slide-disabled@2x.png	4832837	1108	32	32	f06d28bcf516d5eee0b850b47ac5d7c54dbf1a2c
images/images/font-color.png	SAMPLES/icons-VegesEffects/named_png/images/images/font-color.png	4463967	1112	16	16	0d314dcdaa3e4ac5f126366a0376bb56bc9af644
images/images/mask-complete-path-hover@2x.png	SAMPLES/icons-VegesEffects/named_png/images/images/mask-complete-path-hover@2x.png	2835478	1584	32	32	0171b6f3fcfd64760addf66bebbc4f2aee23e613
images/images/list-sort-asc-checked.png	SAMPLES/icons-VegesEffects/named_png/images/images/list-sort-asc-checked.png	4671198	1132	16	16	236498619dbb75b85e8d8e68130ead52d173a720
images/images/file-transition-disabled.png	SAMPLES/icons-VegesEffects/named_png/images/images/file-transition-disabled.png	5046901	1183	16	16	df5848e62fffc888ce7d2b43c538a54dea5c5276
images/images/file-3d-animation-preview.png	SAMPLES/icons-VegesEffects/named_png/images/images/file-3d-animation-preview.png	4201531	2558	106	60	a43b07c5d2bfd3208af046d48405dfefbf1c8369
images/images/text-middle-align-checked@2x.png	SAMPLES/icons-VegesEffects/named_png/images/images/text-middle-align-checked@2x.png	4162181	1123	32	32	a491be9984df4fd5a94dc8603fdc1b88d0aee491
images/images/key-frame-ease-out@2x.png	SAMPLES/icons-VegesEffects/named_png/images/images/key-frame-ease-out@2x.png	2998351	1135	32	32	272d907322c39f218b451157620b6d0eae9df368
images/images/export-canvas.png	SAMPLES/icons-VegesEffects/named_png/images/images/export-canvas.png	160931	1099	16	16	98ff4170af2d85d33f9905e02f5747650b5900b9
images/images/letter-scaling-vertical-hover.png	SAMPLES/icons-VegesEffects/named_png/images/images/letter-scaling-vertical-hover.png	5184780	1147	16	16	2d20f15fc34be0d058e11f8f1b9dc126d02a4cb8
images/images/text-center-justified-disabled.png	SAMPLES/icons-VegesEffects/named_png/images/images/text-center-justified-disabled.png	4473314	969	16	16	e8741cac608c24c9dd74bf069e48ef8df90e5a7e
images/images/superscirpt-checked@2x.png	SAMPLES/icons-VegesEffects/named_png/images/images/superscirpt-checked@2x.png	2919346	1043	32	32	0a1a3a21a188a0c1803021d6b978bbefabb00191
images/images/mask-close-disabled@2x.png	SAMPLES/icons-VegesEffects/named_png/images/images/mask-close-disabled@2x.png	3954960	1222	32	32	8d8a091d36075a9cec52344aaaeaf264e1e262eb
images/images/left-checked.png	SAMPLES/icons-VegesEffects/named_png/images/images/left-checked.png	2777790	977	16	16	50db358b9da0a0565d28b39eaa5ca20d98e67aad
images/images/distribute-bottom-checked@2x.png	SAMPLES/icons-VegesEffects/named_png/images/images/distribute-bottom-checked@2x.png	4650611	990	32	32	aff175da0fe3a2a8b40962fd075e7bc48db728ed
images/images/layout-canvas-center-disabled@2x.png	SAMPLES/icons-VegesEffects/named_png/images/images/layout-canvas-center-disabled@2x.png	2764747	1039	32	32	54607ce9d194e9a9d6f3beb36288839562262bd4
images/images/roll-checked.png	SAMPLES/icons-VegesEffects/named_png/images/images/roll-checked.png	2944937	1018	16	16	20868db5b95933d3acf3846b8ba9c57fbdb7cddd
images/images/triangle-outline-disabled@2x.png	SAMPLES/icons-VegesEffects/named_png/images/images/triangle-outline-disabled@2x.png	3169502	1296	32	32	73eb8293331c663d60e03719e283a0f4e5ea714f
images/images/effect-geometry-plugin.png	SAMPLES/icons-VegesEffects/named_png/images/images/effect-geometry-plugin.png	5091941	1116	16	16	075a2e27d741e825b4968fcd8fa945720123854a
images/images/bold-checked.png	SAMPLES/icons-VegesEffects/named_png/images/images/bold-checked.png	3700320	1089	16	16	6c74d46b4d7b1a55ffa89986f53879a2ddbd64b6
images/images/hand-checked.png	SAMPLES/icons-VegesEffects/named_png/images/images/hand-checked.png	3936179	1206	16	16	a375c3fc045ee0c92af556de50d9bd9426046953
images/images/grid-checked.png	SAMPLES/icons-VegesEffects/named_png/images/images/grid-checked.png	3268071	1122	16	16	dce7d5b1db08c89e4ea2ae9ee79a337d1481b00a
images/images/layout-2-checked.png	SAMPLES/icons-VegesEffects/named_png/images/images/layout-2-checked.png	4040415	951	16	16	3acfb30ca59c0c210b0f7feca3f171d6da926c69
images/images/font-checked.png	SAMPLES/icons-VegesEffects/named_png/images/images/font-checked.png	1273902	1106	16	16	be8ec89c5fb9863b2f16bd93e09db953bcd6cec1
images/images/cursor-resize-left@2x.png	SAMPLES/icons-VegesEffects/named_png/images/images/cursor-resize-left@2x.png	3981407	1487	64	64	4a4534432e8d67dbad4d801b113e1886eecc2617
images/images/export-queue-batch-hover.png	SAMPLES/icons-VegesEffects/named_png/images/images/export-queue-batch-hover.png	3596416	1058	16	16	14d4c83ddc4d752aa8b602e7a9ebc929f122012a
images/images/material-toggle.png	SAMPLES/icons-VegesEffects/named_png/images/images/material-toggle.png	5530182	1153	16	16	01980960a946cd97b92455f59be1bbbd17578842
images/images/white-caret-hover.png	SAMPLES/icons-VegesEffects/named_png/images/images/white-caret-hover.png	3244146	980	16	16	80df45e40f813fedca54d7b1909ac040c5690150
images/images/folder-locked-open-hover@2x.png	SAMPLES/icons-VegesEffects/named_png/images/images/folder-locked-open-hover@2x.png	3353371	1413	32	32	31922b071bcf2f0e87307bbcbe7e892ece98376f
images/images/list-sort-asc-hover.png	SAMPLES/icons-VegesEffects/named_png/images/images/list-sort-asc-hover.png	5542519	1132	16	16	d00bd5a179f113e3b69bfca4649e213f0d20cbfa
images/images/mask-intersect.png	SAMPLES/icons-VegesEffects/named_png/images/images/mask-intersect.png	3628648	978	16	16	b16ceac29e625376d0da51f5e9203e99794f6ddf
images/images/restore-window-checked@2x.png	SAMPLES/icons-VegesEffects/named_png/images/images/restore-window-checked@2x.png	4572655	1007	32	32	abcf5a16565f7c0fae97e6f7e5806c42405ec5e0
images/images/font-outline-size-disabled.png	SAMPLES/icons-VegesEffects/named_png/images/images/font-outline-size-disabled.png	986176	1214	16	16	2913cf67336d94c38124e1298c468a88dab89ebd
images/images/text-center-align-disabled@2x.png	SAMPLES/icons-VegesEffects/named_png/images/images/text-center-align-disabled@2x.png	3291006	1011	32	32	249f96f0c9ef5572f87299121a590fd8b58fdf8c
images/images/stop-ram@2x.png	SAMPLES/icons-VegesEffects/named_png/images/images/stop-ram@2x.png	441900	1234	32	32	94c343bb6623cb18bf6cb6d5f5bb04240519489c
images/images/batch-disabled.png	SAMPLES/icons-VegesEffects/named_png/images/images/batch-disabled.png	2800197	1159	16	16	5622f571e41a9f42dc5fcb0930bfeaf5a1de28dc
images/images/file-3d-preview-checked.png	SAMPLES/icons-VegesEffects/named_png/images/images/file-3d-preview-checked.png	89615	1438	106	60	e1b04b394dcaa3e72d60e3d74e14c869fc3b832e
images/images/add-disabled@2x.png	SAMPLES/icons-VegesEffects/named_png/images/images/add-disabled@2x.png	2990866	1419	32	32	2973dbc363cb04a6328107eb3f28dda6da023aed
images/images/zoom-max-disabled@2x.png	SAMPLES/icons-VegesEffects/named_png/images/images/zoom-max-disabled@2x.png	3860853	1141	32	32	ebf54570182c30c2b03f92ead9a789473dd6a7cf
images/images/mask-move-point.png	SAMPLES/icons-VegesEffects/named_png/images/images/mask-move-point.png	3047638	1232	16	16	d02b4ce4c61d1d8aa39815abe3f0bb3a894e59ee
images/images/margin-top-checked.png	SAMPLES/icons-VegesEffects/named_png/images/images/margin-top-checked.png	4109773	969	16	16	46553d30425d7903d665539d8fdba955fc1f45d8
images/images/panel-checked@2x.png	SAMPLES/icons-VegesEffects/named_png/images/images/panel-checked@2x.png	2839458	1046	32	32	aaea1c3d47aee61bfada0eaa30f49da6c4c6d9d2
images/images/septagon-outline-disabled@2x.png	SAMPLES/icons-VegesEffects/named_png/images/images/septagon-outline-disabled@2x.png	1129198	1347	32	32	5adf5ffc2874184811613209d7897b327a84993b
images/images/track-select-backward-checked@2x.png	SAMPLES/icons-VegesEffects/named_png/images/images/track-select-backward-checked@2x.png	4245909	1179	32	32	7c6b7074dbcca16e14bfb8454770d090b32b42f2
images/images/freehand-path@2x.png	SAMPLES/icons-VegesEffects/named_png/images/images/freehand-path@2x.png	4566887	1440	32	32	b39b98ab1aa628dddab1d8d18401da90ca60a617
images/images/dialog-warning-checked.png	SAMPLES/icons-VegesEffects/named_png/images/images/dialog-warning-checked.png	4798149	1572	32	32	b3a196c63f6c9464927e2d96f36619ad9a237b8e
images/images/mask-add-point.png	SAMPLES/icons-VegesEffects/named_png/images/images/mask-add-point.png	3417813	1216	16	16	6f1653c982cabe0532bb3893f6ae82c76d5a047c
images/images/undo-checked@2x.png	SAMPLES/icons-VegesEffects/named_png/images/images/undo-checked@2x.png	61064	1357	32	32	956bc16cf2fdf4d3fac5ddd50543672344c4f33f
images/images/key-frame-easy-ease@2x.png	SAMPLES/icons-VegesEffects/named_png/images/images/key-frame-easy-ease@2x.png	1179160	1143	32	32	8f0b2e937d6bf98c3a53f26c9d44d3549e839a71
images/images/video-on.png	SAMPLES/icons-VegesEffects/named_png/images/images/video-on.png	4329812	1442	16	16	767ff92aa6d1d4f6251dde8677ea35c78d16ed08
images/images/mask-union-hover.png	SAMPLES/icons-VegesEffects/named_png/images/images/mask-union-hover.png	4076256	953	16	16	2afa37da7cd884ea3bb12930c9f503c050bd33e3
